Time,T0,T1,T2,T3,T4
2026-08-17 01:32:27,-16.8,-19.9,3.0,5.0,25.0
2026-08-17 01:31:27,-16.7,-19.8,3.0,5.0,25.0
2026-08-17 01:30:27,-16.6,-19.7,3.0,4.0,25.0
2026-08-17 01:29:27,-16.6,-19.6,3.0,5.0,25.0
2026-08-17 01:28:27,-16.5,-19.6,2.0,4.0,25.0
2026-08-17 01:27:27,-16.4,-19.5,2.0,4.0,25.0
2026-08-17 01:26:27,-16.3,-19.4,2.0,4.0,25.0
2026-08-17 01:25:27,-16.3,-19.3,2.0,4.0,25.0
2026-08-17 01:24:27,-16.2,-19.2,1.0,4.0,25.0
2026-08-17 01:23:27,-16.3,-19.1,1.0,4.0,25.0
2026-08-17 01:22:27,-16.4,-19.0,0.0,4.0,25.0
2026-08-17 01:21:27,-16.6,-19.1,0.0,4.0,25.0
2026-08-17 01:20:27,-16.7,-19.3,0.0,4.0,26.0
2026-08-17 01:19:27,-16.8,-19.5,0.0,4.0,25.0
2026-08-17 01:18:27,-16.8,-19.6,1.0,5.0,25.0
2026-08-17 01:17:27,-16.7,-19.7,3.0,5.0,25.0
2026-08-17 01:16:27,-16.6,-19.7,3.0,4.0,25.0
2026-08-17 01:15:27,-16.5,-19.7,3.0,5.0,25.0
2026-08-17 01:14:27,-16.5,-19.6,3.0,5.0,25.0
2026-08-17 01:13:27,-16.4,-19.5,3.0,4.0,25.0
2026-08-17 01:12:27,-16.3,-19.4,3.0,5.0,25.0
2026-08-17 01:11:27,-16.3,-19.4,3.0,4.0,25.0
2026-08-17 01:10:27,-16.1,-19.2,2.0,4.0,25.0
2026-08-17 01:09:27,-16.1,-19.1,2.0,4.0,25.0
2026-08-17 01:08:27,-16.0,-19.1,2.0,4.0,25.0
2026-08-17 01:07:27,-16.0,-19.0,1.0,5.0,25.0
2026-08-17 01:06:27,-15.9,-18.8,1.0,4.0,25.0
2026-08-17 01:05:27,-16.0,-18.8,0.0,5.0,25.0
2026-08-17 01:04:27,-16.1,-18.7,0.0,4.0,25.0
2026-08-17 01:03:27,-16.3,-18.7,0.0,4.0,25.0
2026-08-17 01:02:27,-16.4,-18.9,0.0,4.0,26.0
2026-08-17 01:01:27,-16.6,-19.1,0.0,4.0,26.0
2026-08-17 01:00:27,-16.6,-19.3,1.0,4.0,26.0
2026-08-17 00:59:27,-16.5,-19.4,2.0,5.0,26.0
2026-08-17 00:58:27,-16.3,-19.5,3.0,5.0,25.0
2026-08-17 00:57:27,-16.2,-19.4,3.0,5.0,25.0
2026-08-17 00:56:27,-16.2,-19.3,3.0,5.0,25.0
2026-08-17 00:55:27,-16.1,-19.2,3.0,5.0,26.0
2026-08-17 00:54:27,-16.0,-19.1,3.0,4.0,26.0
2026-08-17 00:53:27,-15.9,-19.0,2.0,5.0,26.0
2026-08-17 00:52:27,-15.8,-18.9,2.0,4.0,26.0
2026-08-17 00:51:27,-15.8,-18.8,2.0,4.0,26.0
2026-08-17 00:50:27,-15.7,-18.7,2.0,4.0,26.0
2026-08-17 00:49:27,-15.7,-18.6,1.0,4.0,26.0
2026-08-17 00:48:27,-15.7,-18.5,1.0,5.0,26.0
2026-08-17 00:47:27,-15.7,-18.4,0.0,4.0,25.0
2026-08-17 00:46:27,-15.9,-18.4,0.0,4.0,26.0
2026-08-17 00:45:27,-16.1,-18.5,0.0,4.0,26.0
2026-08-17 00:44:27,-16.2,-18.7,0.0,4.0,26.0
2026-08-17 00:43:27,-16.2,-18.8,0.0,4.0,26.0
2026-08-17 00:42:27,-16.3,-19.0,1.0,5.0,26.0
2026-08-17 00:41:27,-16.1,-19.2,3.0,5.0,26.0
2026-08-17 00:40:27,-16.0,-19.1,3.0,5.0,26.0
2026-08-17 00:39:27,-15.9,-19.0,3.0,5.0,26.0
2026-08-17 00:38:27,-15.8,-18.9,3.0,5.0,26.0
2026-08-17 00:37:27,-15.7,-18.8,3.0,5.0,26.0
2026-08-17 00:36:27,-15.6,-18.7,3.0,5.0,26.0
2026-08-17 00:35:27,-15.6,-18.6,2.0,5.0,26.0
2026-08-17 00:34:27,-15.5,-18.5,2.0,4.0,26.0
2026-08-17 00:33:27,-15.4,-18.4,2.0,5.0,26.0
2026-08-17 00:32:27,-15.4,-18.3,1.0,4.0,26.0
2026-08-17 00:31:27,-15.4,-18.2,1.0,4.0,26.0
2026-08-17 00:30:27,-15.4,-18.1,0.0,4.0,26.0
2026-08-17 00:29:27,-15.5,-18.1,0.0,4.0,26.0
2026-08-17 00:28:27,-15.7,-18.2,0.0,4.0,26.0
2026-08-17 00:27:27,-15.9,-18.3,0.0,4.0,26.0
2026-08-17 00:26:27,-15.9,-18.5,0.0,4.0,26.0
2026-08-17 00:25:27,-15.9,-18.7,1.0,4.0,26.0
2026-08-17 00:24:27,-15.7,-18.8,3.0,5.0,26.0
2026-08-17 00:23:27,-15.6,-18.7,3.0,5.0,26.0
2026-08-17 00:22:27,-15.5,-18.6,3.0,5.0,26.0
2026-08-17 00:21:27,-15.5,-18.5,3.0,5.0,26.0
2026-08-17 00:20:27,-15.3,-18.4,3.0,5.0,26.0
2026-08-17 00:19:27,-15.3,-18.3,2.0,5.0,26.0
2026-08-17 00:18:27,-15.2,-18.2,2.0,5.0,26.0
2026-08-17 00:17:27,-15.1,-18.1,2.0,5.0,26.0
2026-08-17 00:16:27,-15.0,-18.0,1.0,5.0,26.0
2026-08-17 00:15:27,-15.0,-17.9,1.0,4.0,26.0
2026-08-17 00:14:27,-15.1,-17.8,0.0,4.0,26.0
2026-08-17 00:13:27,-15.2,-17.8,0.0,4.0,26.0
2026-08-17 00:12:27,-15.4,-17.8,0.0,4.0,26.0
2026-08-17 00:11:27,-15.5,-18.0,0.0,4.0,26.0
2026-08-17 00:10:27,-15.6,-18.2,0.0,4.0,26.0
2026-08-17 00:09:27,-15.6,-18.3,1.0,5.0,26.0
2026-08-17 00:08:27,-15.4,-18.4,3.0,5.0,26.0
2026-08-17 00:07:27,-15.3,-18.4,3.0,5.0,26.0
2026-08-17 00:06:27,-15.2,-18.3,3.0,5.0,26.0
2026-08-17 00:05:27,-15.1,-18.2,3.0,5.0,26.0
2026-08-17 00:04:27,-15.0,-18.1,3.0,5.0,26.0
2026-08-17 00:03:27,-14.9,-18.0,2.0,5.0,26.0
2026-08-17 00:02:27,-14.9,-17.9,2.0,5.0,26.0
2026-08-17 00:01:27,-14.8,-17.7,2.0,5.0,26.0
2026-08-17 00:00:27,-14.7,-17.6,1.0,4.0,26.0
2026-08-16 23:59:27,-14.7,-17.5,1.0,4.0,26.0
2026-08-16 23:58:27,-14.7,-17.4,0.0,5.0,26.0
2026-08-16 23:57:27,-14.9,-17.4,0.0,4.0,26.0
2026-08-16 23:56:27,-15.1,-17.4,0.0,4.0,26.0
2026-08-16 23:55:27,-15.2,-17.6,0.0,4.0,26.0
2026-08-16 23:54:27,-15.3,-17.8,0.0,5.0,26.0
2026-08-16 23:53:27,-15.2,-17.9,1.0,5.0,26.0
2026-08-16 23:52:27,-15.1,-18.0,3.0,5.0,26.0
2026-08-16 23:51:27,-14.9,-18.0,3.0,5.0,26.0
2026-08-16 23:50:27,-14.8,-17.9,3.0,5.0,26.0
2026-08-16 23:49:27,-14.7,-17.8,3.0,5.0,26.0
2026-08-16 23:48:27,-14.6,-17.6,2.0,5.0,26.0
2026-08-16 23:47:27,-14.5,-17.5,2.0,5.0,26.0
2026-08-16 23:46:27,-14.4,-17.5,2.0,5.0,26.0
2026-08-16 23:45:27,-14.3,-17.3,2.0,5.0,26.0
2026-08-16 23:44:27,-14.3,-17.2,1.0,5.0,26.0
2026-08-16 23:43:27,-14.3,-17.1,1.0,5.0,26.0
2026-08-16 23:42:27,-14.4,-17.0,0.0,4.0,26.0
2026-08-16 23:41:27,-14.6,-17.0,0.0,4.0,26.0
2026-08-16 23:40:27,-14.7,-17.1,0.0,4.0,26.0
2026-08-16 23:39:27,-14.8,-17.3,0.0,4.0,26.0
2026-08-16 23:38:27,-14.9,-17.4,0.0,5.0,26.0
2026-08-16 23:37:27,-14.8,-17.6,1.0,5.0,26.0
2026-08-16 23:36:27,-14.6,-17.6,3.0,5.0,26.0
2026-08-16 23:35:27,-14.5,-17.5,3.0,5.0,26.0
2026-08-16 23:34:27,-14.4,-17.4,3.0,5.0,26.0
2026-08-16 23:33:27,-14.3,-17.3,3.0,5.0,26.0
2026-08-16 23:32:27,-14.2,-17.2,2.0,5.0,26.0
2026-08-16 23:31:27,-14.1,-17.1,2.0,5.0,26.0
2026-08-16 23:30:27,-14.0,-16.9,2.0,5.0,26.0
2026-08-16 23:29:27,-13.9,-16.8,1.0,5.0,26.0
2026-08-16 23:28:27,-13.9,-16.7,1.0,5.0,26.0
2026-08-16 23:27:27,-13.9,-16.5,0.0,5.0,27.0
2026-08-16 23:26:27,-14.0,-16.5,0.0,4.0,26.0
2026-08-16 23:25:27,-14.2,-16.6,0.0,4.0,26.0
2026-08-16 23:24:27,-14.3,-16.7,0.0,4.0,26.0
2026-08-16 23:23:27,-14.4,-16.8,0.0,5.0,26.0
2026-08-16 23:22:27,-14.4,-17.0,1.0,5.0,26.0
2026-08-16 23:21:27,-14.3,-17.1,2.0,5.0,26.0
2026-08-16 23:20:27,-14.1,-17.1,3.0,5.0,26.0
2026-08-16 23:19:27,-14.0,-17.0,3.0,5.0,26.0
2026-08-16 23:18:27,-13.8,-16.9,3.0,5.0,26.0
2026-08-16 23:17:27,-13.8,-16.7,2.0,5.0,26.0
2026-08-16 23:16:27,-13.7,-16.6,2.0,5.0,26.0
2026-08-16 23:15:27,-13.6,-16.5,2.0,5.0,26.0
2026-08-16 23:14:27,-13.5,-16.3,1.0,5.0,26.0
2026-08-16 23:13:27,-13.5,-16.2,1.0,5.0,26.0
2026-08-16 23:12:27,-13.6,-16.1,0.0,5.0,26.0
2026-08-16 23:11:27,-13.8,-16.1,0.0,5.0,26.0
2026-08-16 23:10:27,-13.9,-16.2,0.0,5.0,27.0
2026-08-16 23:09:27,-14.1,-16.4,0.0,5.0,27.0
2026-08-16 23:08:27,-14.2,-16.6,0.0,5.0,27.0
2026-08-16 23:07:27,-14.2,-16.7,0.0,5.0,26.0
2026-08-16 23:06:27,-14.2,-16.9,1.0,5.0,26.0
2026-08-16 23:05:27,-14.1,-17.0,2.0,5.0,25.0
2026-08-16 23:04:27,-13.9,-16.9,3.0,5.0,26.0
2026-08-16 23:03:27,-13.8,-16.8,3.0,5.0,26.0
2026-08-16 23:02:27,-13.7,-16.7,3.0,5.0,26.0
2026-08-16 23:01:27,-13.5,-16.5,3.0,5.0,26.0
2026-08-16 23:00:27,-13.5,-16.4,2.0,5.0,26.0
2026-08-16 22:59:27,-13.3,-16.3,2.0,5.0,26.0
2026-08-16 22:58:27,-13.2,-16.1,2.0,5.0,26.0
2026-08-16 22:57:27,-13.2,-16.0,1.0,5.0,26.0
2026-08-16 22:56:27,-13.2,-15.8,0.0,5.0,26.0
2026-08-16 22:55:27,-13.3,-15.7,0.0,5.0,26.0
2026-08-16 22:54:27,-13.4,-15.7,0.0,4.0,26.0
2026-08-16 22:53:27,-13.5,-15.8,0.0,5.0,26.0
2026-08-16 22:52:27,-13.6,-15.9,0.0,5.0,26.0
2026-08-16 22:51:27,-13.7,-16.0,0.0,5.0,26.0
2026-08-16 22:50:27,-13.8,-16.1,0.0,5.0,26.0
2026-08-16 22:49:27,-13.9,-16.3,0.0,5.0,26.0
2026-08-16 22:48:27,-14.0,-16.4,1.0,5.0,26.0
2026-08-16 22:47:27,-14.1,-16.6,1.0,5.0,26.0
2026-08-16 22:46:27,-14.1,-16.7,3.0,5.0,27.0
2026-08-16 22:45:27,-14.0,-16.8,4.0,5.0,27.0
2026-08-16 22:44:27,-13.8,-16.8,5.0,6.0,27.0
2026-08-16 22:43:27,-13.7,-16.7,5.0,5.0,27.0
2026-08-16 22:42:27,-13.6,-16.6,5.0,5.0,27.0
2026-08-16 22:41:27,-13.4,-16.5,4.0,5.0,27.0
2026-08-16 22:40:27,-13.3,-16.4,4.0,5.0,26.0
2026-08-16 22:39:27,-13.2,-16.3,4.0,5.0,26.0
2026-08-16 22:38:27,-13.1,-16.2,4.0,5.0,26.0
2026-08-16 22:37:27,-13.0,-16.0,4.0,5.0,26.0
2026-08-16 22:36:27,-12.8,-15.9,4.0,5.0,26.0
2026-08-16 22:35:27,-12.7,-15.7,3.0,5.0,26.0
2026-08-16 22:34:27,-12.6,-15.6,3.0,5.0,26.0
2026-08-16 22:33:27,-12.4,-15.5,3.0,5.0,26.0
2026-08-16 22:32:27,-12.3,-15.3,3.0,5.0,26.0
2026-08-16 22:31:27,-12.2,-15.1,2.0,5.0,26.0
2026-08-16 22:30:27,-12.1,-14.9,2.0,5.0,26.0
2026-08-16 22:29:27,-12.0,-14.7,1.0,5.0,26.0
2026-08-16 22:28:27,-11.9,-14.5,1.0,5.0,26.0
2026-08-16 22:27:27,-12.0,-14.3,0.0,5.0,27.0
2026-08-16 22:26:27,-12.0,-14.2,0.0,5.0,27.0
2026-08-16 22:25:27,-12.1,-14.2,0.0,5.0,26.0
2026-08-16 22:24:27,-12.1,-14.3,0.0,5.0,26.0
2026-08-16 22:23:27,-12.2,-14.4,0.0,5.0,26.0
2026-08-16 22:22:27,-12.2,-14.4,0.0,5.0,26.0
2026-08-16 22:21:27,-12.3,-14.5,0.0,5.0,26.0
2026-08-16 22:20:27,-12.4,-14.6,1.0,5.0,26.0
2026-08-16 22:19:27,-12.5,-14.7,1.0,5.0,27.0
2026-08-16 22:18:27,-12.7,-14.8,1.0,6.0,26.0
2026-08-16 22:17:27,-12.8,-15.0,2.0,6.0,27.0
2026-08-16 22:16:27,-12.9,-15.1,2.0,6.0,26.0
2026-08-16 22:15:27,-13.0,-15.3,3.0,6.0,26.0
2026-08-16 22:14:27,-13.2,-15.5,3.0,6.0,26.0
2026-08-16 22:13:27,-13.3,-15.7,4.0,6.0,26.0
2026-08-16 22:12:27,-13.6,-16.0,5.0,6.0,26.0
2026-08-16 22:11:27,-13.8,-16.2,6.0,6.0,26.0
2026-08-16 22:10:27,-13.9,-16.5,7.0,6.0,26.0
2026-08-16 22:09:27,-14.0,-16.6,8.0,6.0,27.0
2026-08-16 22:08:27,-14.0,-16.5,8.0,6.0,26.0
2026-08-16 22:07:27,-13.9,-16.4,8.0,6.0,26.0
2026-08-16 22:06:27,-13.8,-16.4,8.0,6.0,26.0
2026-08-16 22:05:27,-13.8,-16.3,8.0,6.0,26.0
2026-08-16 22:04:27,-13.7,-16.2,8.0,6.0,26.0
2026-08-16 22:03:27,-13.6,-16.1,8.0,6.0,26.0
2026-08-16 22:02:27,-13.6,-16.0,8.0,6.0,27.0
2026-08-16 22:01:27,-13.5,-16.0,8.0,6.0,27.0
2026-08-16 22:00:27,-13.4,-15.9,8.0,6.0,27.0
2026-08-16 21:59:27,-13.3,-15.8,8.0,6.0,26.0
2026-08-16 21:58:27,-13.2,-15.7,8.0,6.0,26.0
2026-08-16 21:57:27,-13.1,-15.6,7.0,6.0,26.0
2026-08-16 21:56:27,-13.1,-15.5,7.0,6.0,26.0
2026-08-16 21:55:27,-13.0,-15.5,7.0,6.0,26.0
2026-08-16 21:54:27,-12.9,-15.4,7.0,6.0,26.0
2026-08-16 21:53:27,-12.8,-15.3,7.0,6.0,26.0
2026-08-16 21:52:27,-12.7,-15.2,7.0,6.0,27.0
2026-08-16 21:51:27,-12.5,-15.1,7.0,6.0,26.0
2026-08-16 21:50:27,-12.4,-15.0,7.0,6.0,26.0
2026-08-16 21:49:27,-12.4,-14.9,7.0,6.0,26.0
2026-08-16 21:48:27,-12.3,-14.8,6.0,6.0,26.0
2026-08-16 21:47:27,-12.2,-14.7,6.0,6.0,27.0
2026-08-16 21:46:27,-12.2,-14.6,6.0,6.0,27.0
2026-08-16 21:45:27,-12.0,-14.5,6.0,6.0,26.0
2026-08-16 21:44:27,-11.9,-14.4,6.0,6.0,26.0
2026-08-16 21:43:27,-11.8,-14.3,6.0,6.0,26.0
2026-08-16 21:42:27,-11.7,-14.1,6.0,6.0,26.0
2026-08-16 21:41:27,-11.6,-14.0,6.0,6.0,26.0
2026-08-16 21:40:27,-11.4,-13.9,5.0,6.0,26.0
2026-08-16 21:39:27,-11.3,-13.8,5.0,6.0,26.0
2026-08-16 21:38:27,-11.2,-13.7,5.0,6.0,26.0
2026-08-16 21:37:27,-11.1,-13.6,5.0,6.0,26.0
2026-08-16 21:36:27,-11.0,-13.4,5.0,6.0,27.0
2026-08-16 21:35:27,-10.8,-13.3,5.0,6.0,27.0
2026-08-16 21:34:27,-10.7,-13.2,5.0,6.0,27.0
2026-08-16 21:33:27,-10.6,-13.0,5.0,6.0,27.0
2026-08-16 21:32:27,-10.4,-12.9,4.0,6.0,27.0
2026-08-16 21:31:27,-10.3,-12.7,4.0,6.0,27.0
2026-08-16 21:30:27,-10.2,-12.6,4.0,6.0,27.0
2026-08-16 21:29:27,-10.0,-12.5,4.0,6.0,27.0
2026-08-16 21:28:27,-9.8,-12.3,4.0,6.0,27.0
2026-08-16 21:27:27,-9.7,-12.2,4.0,5.0,27.0
2026-08-16 21:26:27,-9.5,-12.0,4.0,6.0,27.0
2026-08-16 21:25:27,-9.3,-11.8,3.0,5.0,27.0
2026-08-16 21:24:27,-9.1,-11.6,3.0,5.0,27.0
2026-08-16 21:23:27,-8.9,-11.4,3.0,6.0,27.0
2026-08-16 21:22:27,-8.7,-11.2,3.0,5.0,26.0
2026-08-16 21:21:27,-8.5,-11.0,3.0,5.0,26.0
2026-08-16 21:20:27,-8.3,-10.8,3.0,5.0,27.0
2026-08-16 21:19:27,-8.1,-10.5,2.0,5.0,27.0
2026-08-16 21:18:27,-7.8,-10.3,2.0,5.0,27.0
2026-08-16 21:17:27,-7.6,-9.9,1.0,5.0,27.0
2026-08-16 21:16:27,-7.3,-9.7,1.0,5.0,26.0
2026-08-16 21:15:27,-7.1,-9.5,0.0,5.0,27.0
2026-08-16 21:14:27,-7.0,-9.3,1.0,5.0,27.0
2026-08-16 21:13:27,-6.9,-9.2,1.0,5.0,27.0
2026-08-16 21:12:27,-6.9,-9.1,1.0,5.0,27.0
2026-08-16 21:11:27,-6.9,-9.1,1.0,5.0,27.0
2026-08-16 21:10:27,-6.8,-9.0,1.0,5.0,27.0
2026-08-16 21:09:27,-6.9,-9.1,2.0,6.0,28.0
2026-08-16 21:08:27,-6.8,-9.1,3.0,5.0,27.0
2026-08-16 21:07:27,-6.7,-9.1,1.0,5.0,27.0
2026-08-16 21:06:27,-6.7,-9.0,1.0,5.0,27.0
2026-08-16 21:05:27,-6.6,-8.9,2.0,5.0,27.0
2026-08-16 21:04:27,-6.5,-8.8,2.0,5.0,27.0
2026-08-16 21:03:27,-6.4,-8.6,2.0,5.0,27.0
2026-08-16 21:02:27,-6.3,-8.5,3.0,5.0,27.0
2026-08-16 21:01:27,-6.3,-8.4,3.0,5.0,27.0
2026-08-16 21:00:27,-6.2,-8.3,3.0,5.0,27.0
2026-08-16 20:59:27,-6.1,-8.3,3.0,6.0,27.0
2026-08-16 20:58:27,-6.1,-8.3,4.0,6.0,28.0
2026-08-16 20:57:27,-6.0,-8.3,4.0,6.0,27.0
2026-08-16 20:56:27,-5.9,-8.2,4.0,6.0,27.0
2026-08-16 20:55:27,-5.7,-8.1,4.0,5.0,27.0
2026-08-16 20:54:27,-5.5,-7.9,4.0,6.0,27.0
2026-08-16 20:53:27,-5.3,-7.8,5.0,5.0,27.0
2026-08-16 20:52:27,-5.1,-7.7,5.0,5.0,27.0
2026-08-16 20:51:27,-4.9,-7.6,5.0,5.0,27.0
2026-08-16 20:50:27,-4.7,-7.6,6.0,5.0,27.0
2026-08-16 20:49:27,-4.6,-7.7,6.0,5.0,26.0
2026-08-16 20:48:27,-4.6,-8.1,6.0,6.0,26.0
2026-08-16 20:47:27,-5.0,-9.2,7.0,6.0,27.0
2026-08-16 20:46:27,-5.8,-11.5,9.0,6.0,27.0
2026-08-16 20:45:27,-5.7,-11.4,8.0,6.0,26.0
2026-08-16 20:44:27,-5.5,-11.2,8.0,6.0,27.0
2026-08-16 20:43:27,-5.3,-11.0,8.0,6.0,26.0
2026-08-16 20:42:27,-5.1,-10.9,7.0,6.0,26.0
2026-08-16 20:41:27,-4.9,-10.7,7.0,5.0,26.0
2026-08-16 20:40:27,-4.6,-10.5,7.0,5.0,26.0
2026-08-16 20:39:27,-4.3,-10.3,7.0,5.0,26.0
2026-08-16 20:38:27,-4.1,-10.1,7.0,5.0,26.0
2026-08-16 20:37:27,-3.7,-9.8,7.0,5.0,26.0
2026-08-16 20:36:27,-3.4,-9.7,7.0,5.0,26.0
2026-08-16 20:35:27,-3.1,-9.5,7.0,5.0,26.0
2026-08-16 20:34:27,-2.8,-9.3,7.0,5.0,26.0
2026-08-16 20:33:27,-2.5,-9.2,7.0,5.0,26.0
2026-08-16 20:32:27,-2.3,-8.9,7.0,5.0,26.0
2026-08-16 20:31:27,-2.1,-8.8,7.0,5.0,26.0
2026-08-16 20:30:27,-1.9,-8.6,6.0,5.0,26.0
2026-08-16 20:29:27,-1.8,-8.4,6.0,5.0,26.0
2026-08-16 20:28:27,-1.7,-8.3,6.0,5.0,26.0
2026-08-16 20:27:27,-1.7,-8.1,6.0,5.0,26.0
2026-08-16 20:26:27,-1.8,-8.1,6.0,5.0,26.0
2026-08-16 20:25:27,-2.2,-8.2,6.0,5.0,26.0
2026-08-16 20:24:27,-2.6,-8.3,6.0,5.0,26.0
2026-08-16 20:23:27,-3.2,-8.6,6.0,5.0,26.0
2026-08-16 20:22:27,-4.2,-9.3,6.0,5.0,26.0
2026-08-16 20:21:27,-5.3,-10.0,6.0,5.0,26.0
2026-08-16 20:20:27,-6.5,-10.8,5.0,5.0,26.0
2026-08-16 20:19:27,-7.5,-11.5,5.0,5.0,26.0
2026-08-16 20:18:27,-8.3,-12.1,5.0,5.0,26.0
2026-08-16 20:17:27,-9.0,-12.6,5.0,5.0,26.0
2026-08-16 20:16:27,-9.7,-13.1,5.0,5.0,26.0
2026-08-16 20:15:27,-10.3,-13.7,5.0,5.0,26.0
2026-08-16 20:14:27,-10.9,-14.2,5.0,4.0,26.0
2026-08-16 20:13:27,-11.5,-14.7,5.0,4.0,26.0
2026-08-16 20:12:27,-12.2,-15.2,5.0,4.0,27.0
2026-08-16 20:11:27,-12.9,-15.8,4.0,4.0,27.0
2026-08-16 20:10:27,-13.6,-16.3,4.0,4.0,26.0
2026-08-16 20:09:27,-14.3,-16.9,4.0,4.0,26.0
2026-08-16 20:08:27,-15.1,-17.4,4.0,4.0,26.0
2026-08-16 20:07:27,-15.9,-18.0,4.0,4.0,26.0
2026-08-16 20:06:27,-16.6,-18.6,4.0,4.0,26.0
2026-08-16 20:05:27,-17.2,-19.1,3.0,4.0,26.0
2026-08-16 20:04:27,-17.7,-19.6,3.0,4.0,26.0
2026-08-16 20:03:27,-18.0,-20.0,3.0,4.0,27.0
2026-08-16 20:02:27,-18.0,-20.4,2.0,4.0,26.0
2026-08-16 20:01:27,-17.9,-20.7,2.0,4.0,26.0
2026-08-16 20:00:27,-17.8,-20.8,4.0,4.0,26.0
2026-08-16 19:59:27,-17.8,-20.7,4.0,4.0,26.0
2026-08-16 19:58:27,-17.7,-20.7,3.0,4.0,27.0
2026-08-16 19:57:27,-17.6,-20.6,3.0,4.0,26.0
2026-08-16 19:56:27,-17.6,-20.6,3.0,4.0,26.0
2026-08-16 19:55:27,-17.5,-20.5,3.0,4.0,26.0
2026-08-16 19:54:27,-17.4,-20.4,3.0,4.0,25.0
2026-08-16 19:53:27,-17.4,-20.3,3.0,4.0,25.0
2026-08-16 19:52:27,-17.4,-20.3,2.0,4.0,25.0
2026-08-16 19:51:27,-17.2,-20.2,3.0,4.0,25.0
2026-08-16 19:50:27,-17.2,-20.1,2.0,4.0,25.0
2026-08-16 19:49:27,-17.1,-20.0,2.0,4.0,25.0
2026-08-16 19:48:27,-17.0,-19.9,2.0,4.0,25.0
2026-08-16 19:47:27,-17.0,-19.8,1.0,4.0,25.0
2026-08-16 19:46:27,-16.9,-19.8,1.0,4.0,26.0
2026-08-16 19:45:27,-16.8,-19.7,1.0,4.0,26.0
2026-08-16 19:44:27,-16.8,-19.6,1.0,4.0,25.0
2026-08-16 19:43:27,-16.9,-19.5,0.0,4.0,25.0
2026-08-16 19:42:27,-17.0,-19.5,0.0,3.0,25.0
2026-08-16 19:41:27,-17.2,-19.5,0.0,3.0,25.0
2026-08-16 19:40:27,-17.4,-19.6,0.0,3.0,25.0
2026-08-16 19:39:27,-17.5,-19.8,0.0,4.0,25.0
2026-08-16 19:38:27,-17.6,-20.0,0.0,4.0,25.0
2026-08-16 19:37:27,-17.7,-20.2,0.0,4.0,25.0
2026-08-16 19:36:27,-17.7,-20.3,1.0,4.0,25.0
2026-08-16 19:35:27,-17.6,-20.4,3.0,4.0,25.0
2026-08-16 19:34:27,-17.5,-20.5,3.0,4.0,25.0
2026-08-16 19:33:27,-17.5,-20.4,3.0,4.0,25.0
2026-08-16 19:32:27,-17.4,-20.4,3.0,4.0,25.0
2026-08-16 19:31:27,-17.3,-20.3,3.0,4.0,25.0
2026-08-16 19:30:27,-17.3,-20.2,3.0,4.0,25.0
2026-08-16 19:29:27,-17.2,-20.2,3.0,4.0,25.0
2026-08-16 19:28:27,-17.2,-20.1,3.0,4.0,25.0
2026-08-16 19:27:27,-17.1,-20.0,2.0,4.0,25.0
2026-08-16 19:26:27,-17.0,-19.9,2.0,4.0,25.0
2026-08-16 19:25:27,-16.9,-19.9,2.0,4.0,25.0
2026-08-16 19:24:27,-16.8,-19.8,2.0,4.0,25.0
2026-08-16 19:23:27,-16.8,-19.7,2.0,4.0,25.0
2026-08-16 19:22:27,-16.7,-19.6,1.0,4.0,25.0
2026-08-16 19:21:27,-16.6,-19.5,1.0,4.0,25.0
2026-08-16 19:20:27,-16.5,-19.4,1.0,4.0,25.0
2026-08-16 19:19:27,-16.5,-19.3,1.0,4.0,25.0
2026-08-16 19:18:27,-16.6,-19.2,0.0,4.0,25.0
2026-08-16 19:17:27,-16.6,-19.2,0.0,4.0,25.0
2026-08-16 19:16:27,-16.8,-19.2,0.0,4.0,25.0
2026-08-16 19:15:27,-17.0,-19.3,0.0,3.0,25.0
2026-08-16 19:14:27,-17.1,-19.4,0.0,4.0,25.0
2026-08-16 19:13:27,-17.2,-19.6,0.0,4.0,25.0
2026-08-16 19:12:27,-17.3,-19.7,0.0,4.0,25.0
2026-08-16 19:11:27,-17.4,-19.9,1.0,4.0,25.0
2026-08-16 19:10:27,-17.4,-20.0,1.0,4.0,24.0
2026-08-16 19:09:27,-17.4,-20.2,3.0,4.0,24.0
2026-08-16 19:08:27,-17.3,-20.2,3.0,4.0,24.0
2026-08-16 19:07:27,-17.2,-20.1,3.0,4.0,24.0
2026-08-16 19:06:27,-17.1,-20.0,3.0,4.0,24.0
2026-08-16 19:05:27,-17.0,-20.0,3.0,4.0,24.0
2026-08-16 19:04:27,-17.0,-19.9,3.0,4.0,24.0
2026-08-16 19:03:27,-16.9,-19.8,3.0,4.0,24.0
2026-08-16 19:02:27,-16.8,-19.7,2.0,4.0,24.0
2026-08-16 19:01:27,-16.8,-19.7,3.0,4.0,25.0
2026-08-16 19:00:27,-16.7,-19.6,2.0,4.0,25.0
2026-08-16 18:59:27,-16.6,-19.5,2.0,4.0,25.0
2026-08-16 18:58:27,-16.5,-19.4,2.0,4.0,25.0
2026-08-16 18:57:27,-16.4,-19.3,1.0,4.0,25.0
2026-08-16 18:56:27,-16.3,-19.2,1.0,4.0,25.0
2026-08-16 18:55:27,-16.3,-19.1,1.0,4.0,25.0
2026-08-16 18:54:27,-16.3,-19.0,1.0,4.0,25.0
2026-08-16 18:53:27,-16.3,-18.9,0.0,4.0,25.0
2026-08-16 18:52:27,-16.5,-18.9,0.0,4.0,24.0
2026-08-16 18:51:27,-16.7,-19.0,0.0,4.0,24.0
2026-08-16 18:50:27,-16.8,-19.1,0.0,4.0,25.0
2026-08-16 18:49:27,-16.9,-19.3,0.0,4.0,25.0
2026-08-16 18:48:27,-17.0,-19.4,0.0,4.0,25.0
2026-08-16 18:47:27,-17.1,-19.6,0.0,4.0,25.0
2026-08-16 18:46:27,-17.1,-19.7,1.0,4.0,25.0
2026-08-16 18:45:27,-17.0,-19.8,3.0,4.0,25.0
2026-08-16 18:44:27,-16.9,-19.8,3.0,4.0,25.0
2026-08-16 18:43:27,-16.8,-19.7,3.0,4.0,25.0
2026-08-16 18:42:27,-16.7,-19.7,3.0,5.0,25.0
2026-08-16 18:41:27,-16.7,-19.6,3.0,4.0,25.0
2026-08-16 18:40:27,-16.6,-19.5,3.0,4.0,25.0
2026-08-16 18:39:27,-16.5,-19.4,3.0,4.0,25.0
2026-08-16 18:38:27,-16.4,-19.3,2.0,4.0,25.0
2026-08-16 18:37:27,-16.3,-19.2,2.0,4.0,25.0
2026-08-16 18:36:27,-16.3,-19.2,2.0,4.0,25.0
2026-08-16 18:35:27,-16.2,-19.1,2.0,4.0,24.0
2026-08-16 18:34:27,-16.1,-18.9,2.0,4.0,24.0
2026-08-16 18:33:27,-16.0,-18.8,1.0,4.0,24.0
2026-08-16 18:32:27,-15.9,-18.8,1.0,4.0,24.0
2026-08-16 18:31:27,-15.8,-18.6,1.0,4.0,24.0
2026-08-16 18:30:27,-15.8,-18.5,1.0,4.0,24.0
2026-08-16 18:29:27,-15.8,-18.4,0.0,4.0,24.0
2026-08-16 18:28:27,-15.9,-18.4,0.0,4.0,24.0
2026-08-16 18:27:27,-16.1,-18.4,0.0,4.0,25.0
2026-08-16 18:26:27,-16.2,-18.5,0.0,4.0,25.0
2026-08-16 18:25:27,-16.4,-18.6,0.0,4.0,25.0
2026-08-16 18:24:27,-16.4,-18.8,0.0,4.0,25.0
2026-08-16 18:23:27,-16.5,-18.9,0.0,4.0,25.0
2026-08-16 18:22:27,-16.6,-19.1,1.0,4.0,25.0
2026-08-16 18:21:27,-16.5,-19.2,2.0,4.0,24.0
2026-08-16 18:20:27,-16.4,-19.3,3.0,4.0,24.0
2026-08-16 18:19:27,-16.3,-19.2,3.0,4.0,24.0
2026-08-16 18:18:27,-16.3,-19.1,3.0,4.0,24.0
2026-08-16 18:17:27,-16.2,-19.1,3.0,4.0,24.0
2026-08-16 18:16:27,-16.1,-19.0,3.0,4.0,24.0
2026-08-16 18:15:27,-16.0,-18.9,3.0,4.0,24.0
2026-08-16 18:14:27,-15.9,-18.8,3.0,4.0,25.0
2026-08-16 18:13:27,-15.8,-18.7,2.0,4.0,25.0
2026-08-16 18:12:27,-15.7,-18.6,2.0,4.0,24.0
2026-08-16 18:11:27,-15.6,-18.5,2.0,4.0,25.0
2026-08-16 18:10:27,-15.5,-18.4,2.0,4.0,25.0
2026-08-16 18:09:27,-15.4,-18.2,2.0,4.0,25.0
2026-08-16 18:08:27,-15.3,-18.1,1.0,4.0,25.0
2026-08-16 18:07:27,-15.2,-18.0,1.0,4.0,25.0
2026-08-16 18:06:27,-15.1,-17.9,1.0,4.0,26.0
2026-08-16 18:05:27,-15.0,-17.8,0.0,4.0,25.0
2026-08-16 18:04:27,-15.1,-17.7,0.0,4.0,25.0
2026-08-16 18:03:27,-15.2,-17.6,0.0,4.0,25.0
2026-08-16 18:02:27,-15.3,-17.6,0.0,4.0,25.0
2026-08-16 18:01:27,-15.4,-17.7,0.0,4.0,25.0
2026-08-16 18:00:27,-15.5,-17.8,0.0,4.0,25.0
2026-08-16 17:59:27,-15.6,-17.9,0.0,4.0,25.0
2026-08-16 17:58:27,-15.6,-18.0,0.0,4.0,25.0
2026-08-16 17:57:27,-15.6,-18.2,0.0,4.0,25.0
2026-08-16 17:56:27,-15.5,-18.2,1.0,4.0,25.0
2026-08-16 17:55:27,-15.4,-18.3,3.0,4.0,25.0
2026-08-16 17:54:27,-15.2,-18.2,3.0,4.0,25.0
2026-08-16 17:53:27,-15.1,-18.1,3.0,4.0,25.0
2026-08-16 17:52:27,-15.0,-17.9,3.0,4.0,25.0
2026-08-16 17:51:27,-14.9,-17.8,2.0,4.0,25.0
2026-08-16 17:50:27,-14.7,-17.7,2.0,4.0,25.0
2026-08-16 17:49:27,-14.6,-17.5,2.0,4.0,24.0
2026-08-16 17:48:27,-14.5,-17.4,2.0,4.0,24.0
2026-08-16 17:47:27,-14.3,-17.3,2.0,4.0,25.0
2026-08-16 17:46:27,-14.2,-17.1,1.0,4.0,25.0
2026-08-16 17:45:27,-14.0,-16.9,1.0,4.0,25.0
2026-08-16 17:44:27,-13.8,-16.8,1.0,4.0,25.0
2026-08-16 17:43:27,-13.7,-16.6,1.0,4.0,25.0
2026-08-16 17:42:27,-13.5,-16.4,1.0,4.0,25.0
2026-08-16 17:41:27,-13.4,-16.2,0.0,4.0,26.0
2026-08-16 17:40:27,-13.3,-16.0,0.0,4.0,26.0
2026-08-16 17:39:27,-13.4,-15.9,0.0,5.0,27.0
2026-08-16 17:38:27,-13.4,-15.8,0.0,4.0,26.0
2026-08-16 17:37:27,-13.5,-15.8,0.0,4.0,26.0
2026-08-16 17:36:27,-13.5,-15.8,0.0,3.0,25.0
2026-08-16 17:35:27,-13.5,-15.8,0.0,3.0,25.0
2026-08-16 17:34:27,-13.5,-15.8,0.0,4.0,25.0
2026-08-16 17:33:27,-13.4,-15.8,0.0,4.0,25.0
2026-08-16 17:32:27,-13.4,-15.8,0.0,4.0,25.0
2026-08-16 17:31:27,-13.4,-15.8,0.0,4.0,25.0
2026-08-16 17:30:27,-13.4,-15.8,0.0,4.0,24.0
2026-08-16 17:29:27,-13.3,-15.8,0.0,4.0,25.0
2026-08-16 17:28:27,-13.3,-15.8,0.0,4.0,25.0
2026-08-16 17:27:27,-13.2,-15.7,0.0,4.0,25.0
2026-08-16 17:26:27,-13.1,-15.7,0.0,5.0,25.0
2026-08-16 17:25:27,-13.1,-15.6,1.0,5.0,25.0
2026-08-16 17:24:27,-13.0,-15.6,1.0,5.0,24.0
2026-08-16 17:23:27,-13.0,-15.5,1.0,5.0,24.0
2026-08-16 17:22:27,-12.9,-15.4,2.0,5.0,24.0
2026-08-16 17:21:27,-12.8,-15.3,2.0,5.0,24.0
2026-08-16 17:20:27,-12.7,-15.2,3.0,5.0,24.0
2026-08-16 17:19:27,-12.7,-15.1,3.0,5.0,24.0
2026-08-16 17:18:27,-12.6,-14.9,4.0,5.0,24.0
2026-08-16 17:17:27,-12.7,-14.8,5.0,5.0,24.0
2026-08-16 17:16:27,-12.9,-14.7,6.0,5.0,24.0
2026-08-16 17:15:27,-13.3,-14.9,7.0,5.0,24.0
2026-08-16 17:14:27,-13.8,-15.3,8.0,5.0,24.0
2026-08-16 17:13:27,-13.9,-15.3,8.0,5.0,24.0
2026-08-16 17:12:27,-13.9,-15.4,8.0,5.0,24.0
2026-08-16 17:11:27,-14.0,-15.4,7.0,5.0,24.0
2026-08-16 17:10:27,-14.0,-15.5,7.0,5.0,24.0
2026-08-16 17:09:27,-14.1,-15.5,7.0,5.0,24.0
2026-08-16 17:08:27,-14.2,-15.6,7.0,5.0,24.0
2026-08-16 17:07:27,-14.3,-15.6,7.0,5.0,24.0
2026-08-16 17:06:27,-14.3,-15.7,7.0,5.0,24.0
2026-08-16 17:05:27,-14.4,-15.7,7.0,5.0,24.0
2026-08-16 17:04:27,-14.5,-15.8,7.0,5.0,25.0
2026-08-16 17:03:27,-14.6,-15.9,7.0,5.0,25.0
2026-08-16 17:02:27,-14.7,-16.0,7.0,5.0,25.0
2026-08-16 17:01:27,-14.8,-16.1,7.0,5.0,25.0
2026-08-16 17:00:27,-14.9,-16.1,7.0,5.0,24.0
2026-08-16 16:59:27,-14.9,-16.2,7.0,5.0,24.0
2026-08-16 16:58:27,-15.0,-16.3,7.0,5.0,24.0
2026-08-16 16:57:27,-15.1,-16.3,7.0,5.0,24.0
2026-08-16 16:56:27,-15.2,-16.4,7.0,5.0,24.0
2026-08-16 16:55:27,-15.3,-16.5,6.0,5.0,24.0
2026-08-16 16:54:27,-15.3,-16.6,6.0,5.0,24.0
2026-08-16 16:53:27,-15.4,-16.7,6.0,5.0,24.0
2026-08-16 16:52:27,-15.5,-16.8,6.0,4.0,24.0
2026-08-16 16:51:27,-15.6,-16.9,6.0,4.0,24.0
2026-08-16 16:50:27,-15.7,-17.0,6.0,4.0,24.0
2026-08-16 16:49:27,-15.8,-17.1,6.0,4.0,24.0
2026-08-16 16:48:27,-15.9,-17.2,6.0,4.0,24.0
2026-08-16 16:47:27,-16.0,-17.3,6.0,4.0,24.0
2026-08-16 16:46:27,-16.1,-17.4,6.0,4.0,24.0
2026-08-16 16:45:27,-16.2,-17.5,6.0,5.0,24.0
2026-08-16 16:44:27,-16.3,-17.6,5.0,4.0,24.0
2026-08-16 16:43:27,-16.4,-17.7,5.0,5.0,24.0
2026-08-16 16:42:27,-16.6,-17.8,5.0,4.0,24.0
2026-08-16 16:41:27,-16.7,-17.9,5.0,4.0,24.0
2026-08-16 16:40:27,-16.8,-18.1,5.0,4.0,24.0
2026-08-16 16:39:27,-17.0,-18.3,5.0,4.0,24.0
2026-08-16 16:38:27,-17.1,-18.4,5.0,4.0,24.0
2026-08-16 16:37:27,-17.2,-18.6,5.0,4.0,24.0
2026-08-16 16:36:27,-17.3,-18.8,5.0,4.0,24.0
2026-08-16 16:35:27,-17.4,-19.0,4.0,4.0,24.0
2026-08-16 16:34:27,-17.5,-19.2,4.0,4.0,24.0
2026-08-16 16:33:27,-17.7,-19.5,4.0,5.0,24.0
2026-08-16 16:32:27,-17.7,-19.8,4.0,4.0,24.0
2026-08-16 16:31:27,-17.8,-20.1,4.0,4.0,24.0
2026-08-16 16:30:27,-17.9,-20.4,4.0,4.0,24.0
2026-08-16 16:29:27,-17.9,-20.8,4.0,4.0,25.0
2026-08-16 16:28:27,-17.8,-20.8,3.0,4.0,24.0
2026-08-16 16:27:27,-17.8,-20.7,3.0,4.0,24.0
2026-08-16 16:26:27,-17.7,-20.6,3.0,5.0,24.0
2026-08-16 16:25:27,-17.6,-20.6,3.0,4.0,24.0
2026-08-16 16:24:27,-17.6,-20.5,3.0,4.0,24.0
2026-08-16 16:23:27,-17.5,-20.5,3.0,4.0,24.0
2026-08-16 16:22:27,-17.4,-20.4,3.0,4.0,24.0
2026-08-16 16:21:27,-17.4,-20.3,2.0,4.0,24.0
2026-08-16 16:20:27,-17.3,-20.3,2.0,5.0,24.0
2026-08-16 16:19:27,-17.2,-20.2,2.0,4.0,25.0
2026-08-16 16:18:27,-17.2,-20.0,2.0,4.0,25.0
2026-08-16 16:17:27,-17.1,-20.0,2.0,4.0,25.0
2026-08-16 16:16:27,-17.0,-19.8,1.0,4.0,25.0
2026-08-16 16:15:27,-16.9,-19.8,1.0,4.0,25.0
2026-08-16 16:14:27,-16.9,-19.6,1.0,4.0,25.0
2026-08-16 16:13:27,-16.9,-19.6,0.0,4.0,26.0
2026-08-16 16:12:27,-16.9,-19.5,0.0,4.0,26.0
2026-08-16 16:11:27,-17.1,-19.5,0.0,4.0,26.0
2026-08-16 16:10:27,-17.3,-19.6,0.0,4.0,26.0
2026-08-16 16:09:27,-17.5,-19.7,0.0,4.0,26.0
2026-08-16 16:08:27,-17.6,-19.9,0.0,4.0,26.0
2026-08-16 16:07:27,-17.7,-20.1,0.0,4.0,25.0
2026-08-16 16:06:27,-17.8,-20.3,1.0,4.0,25.0
2026-08-16 16:05:27,-17.8,-20.4,1.0,4.0,25.0
2026-08-16 16:04:27,-17.8,-20.6,3.0,4.0,25.0
2026-08-16 16:03:27,-17.6,-20.6,4.0,4.0,25.0
2026-08-16 16:02:27,-17.6,-20.5,3.0,4.0,25.0
2026-08-16 16:01:27,-17.5,-20.4,3.0,4.0,25.0
2026-08-16 16:00:27,-17.4,-20.4,3.0,4.0,25.0
2026-08-16 15:59:27,-17.3,-20.3,3.0,5.0,25.0
2026-08-16 15:58:27,-17.3,-20.2,3.0,4.0,25.0
2026-08-16 15:57:27,-17.2,-20.1,3.0,4.0,25.0
2026-08-16 15:56:27,-17.1,-20.1,3.0,4.0,26.0
2026-08-16 15:55:27,-17.0,-20.0,2.0,4.0,26.0
2026-08-16 15:54:27,-17.0,-19.8,2.0,4.0,25.0
2026-08-16 15:53:27,-16.9,-19.7,2.0,4.0,25.0
2026-08-16 15:52:27,-16.8,-19.6,2.0,4.0,26.0
2026-08-16 15:51:27,-16.8,-19.5,1.0,5.0,26.0
2026-08-16 15:50:27,-16.7,-19.4,1.0,4.0,26.0
2026-08-16 15:49:27,-16.7,-19.3,1.0,4.0,26.0
2026-08-16 15:48:27,-16.8,-19.3,0.0,4.0,26.0
2026-08-16 15:47:27,-17.0,-19.3,0.0,4.0,26.0
2026-08-16 15:46:27,-17.2,-19.3,0.0,4.0,26.0
2026-08-16 15:45:27,-17.4,-19.5,0.0,4.0,26.0
2026-08-16 15:44:27,-17.6,-19.7,1.0,5.0,26.0
2026-08-16 15:43:27,-17.7,-20.0,2.0,4.0,25.0
2026-08-16 15:42:27,-17.8,-20.3,0.0,4.0,24.0
2026-08-16 15:41:27,-17.9,-20.5,1.0,4.0,24.0
2026-08-16 15:40:27,-17.9,-20.6,2.0,4.0,24.0
2026-08-16 15:39:27,-17.8,-20.7,4.0,4.0,24.0
2026-08-16 15:38:27,-17.7,-20.7,3.0,4.0,24.0
2026-08-16 15:37:27,-17.6,-20.6,3.0,4.0,24.0
2026-08-16 15:36:27,-17.6,-20.5,3.0,4.0,24.0
2026-08-16 15:35:27,-17.5,-20.5,3.0,4.0,24.0
2026-08-16 15:34:27,-17.4,-20.4,3.0,4.0,24.0
2026-08-16 15:33:27,-17.4,-20.3,3.0,4.0,24.0
2026-08-16 15:32:27,-17.3,-20.2,2.0,4.0,24.0
2026-08-16 15:31:27,-17.2,-20.2,2.0,4.0,24.0
2026-08-16 15:30:27,-17.1,-20.1,2.0,4.0,24.0
2026-08-16 15:29:27,-17.0,-20.0,2.0,4.0,24.0
2026-08-16 15:28:27,-17.0,-19.9,2.0,4.0,24.0
2026-08-16 15:27:27,-16.9,-19.8,1.0,4.0,24.0
2026-08-16 15:26:27,-16.9,-19.7,1.0,4.0,24.0
2026-08-16 15:25:27,-16.8,-19.6,1.0,4.0,24.0
2026-08-16 15:24:27,-16.8,-19.5,0.0,4.0,24.0
2026-08-16 15:23:27,-16.9,-19.4,0.0,4.0,24.0
2026-08-16 15:22:27,-17.1,-19.4,0.0,4.0,24.0
2026-08-16 15:21:27,-17.2,-19.5,0.0,4.0,25.0
2026-08-16 15:20:27,-17.4,-19.7,0.0,4.0,25.0
2026-08-16 15:19:27,-17.5,-19.8,0.0,4.0,25.0
2026-08-16 15:18:27,-17.6,-20.0,0.0,4.0,25.0
2026-08-16 15:17:27,-17.6,-20.2,1.0,4.0,25.0
2026-08-16 15:16:27,-17.6,-20.3,2.0,4.0,25.0
2026-08-16 15:15:27,-17.5,-20.4,4.0,4.0,25.0
2026-08-16 15:14:27,-17.4,-20.4,3.0,4.0,24.0
2026-08-16 15:13:27,-17.3,-20.3,3.0,4.0,25.0
2026-08-16 15:12:27,-17.2,-20.2,3.0,4.0,25.0
2026-08-16 15:11:27,-17.1,-20.1,3.0,4.0,25.0
2026-08-16 15:10:27,-17.1,-20.0,3.0,4.0,25.0
2026-08-16 15:09:27,-17.0,-19.9,2.0,4.0,25.0
2026-08-16 15:08:27,-16.9,-19.8,3.0,4.0,25.0
2026-08-16 15:07:27,-16.8,-19.8,2.0,4.0,25.0
2026-08-16 15:06:27,-16.7,-19.7,2.0,4.0,25.0
2026-08-16 15:05:27,-16.7,-19.6,2.0,4.0,25.0
2026-08-16 15:04:27,-16.6,-19.5,1.0,4.0,25.0
2026-08-16 15:03:27,-16.5,-19.3,1.0,4.0,25.0
2026-08-16 15:02:27,-16.4,-19.3,1.0,4.0,25.0
2026-08-16 15:01:27,-16.4,-19.1,1.0,4.0,25.0
2026-08-16 15:00:27,-16.4,-19.0,0.0,4.0,25.0
2026-08-16 14:59:27,-16.5,-19.0,0.0,4.0,25.0
2026-08-16 14:58:27,-16.7,-18.9,0.0,4.0,26.0
2026-08-16 14:57:27,-16.9,-19.1,0.0,4.0,26.0
2026-08-16 14:56:27,-17.0,-19.2,0.0,4.0,25.0
2026-08-16 14:55:27,-17.2,-19.4,0.0,4.0,26.0
2026-08-16 14:54:27,-17.3,-19.6,0.0,4.0,25.0
2026-08-16 14:53:27,-17.4,-19.8,0.0,4.0,25.0
2026-08-16 14:52:27,-17.5,-20.0,1.0,5.0,25.0
2026-08-16 14:51:27,-17.5,-20.2,3.0,5.0,26.0
2026-08-16 14:50:27,-17.4,-20.3,5.0,5.0,26.0
2026-08-16 14:49:27,-17.3,-20.3,3.0,4.0,24.0
2026-08-16 14:48:27,-17.3,-20.2,3.0,4.0,24.0
2026-08-16 14:47:27,-17.2,-20.1,3.0,4.0,24.0
2026-08-16 14:46:27,-17.1,-20.0,3.0,4.0,24.0
2026-08-16 14:45:27,-17.0,-20.0,3.0,4.0,24.0
2026-08-16 14:44:27,-17.0,-19.9,2.0,4.0,24.0
2026-08-16 14:43:27,-16.9,-19.8,2.0,4.0,24.0
2026-08-16 14:42:27,-16.8,-19.7,2.0,4.0,24.0
2026-08-16 14:41:27,-16.7,-19.6,2.0,4.0,24.0
2026-08-16 14:40:27,-16.7,-19.5,2.0,4.0,24.0
2026-08-16 14:39:27,-16.6,-19.4,1.0,4.0,24.0
2026-08-16 14:38:27,-16.6,-19.3,1.0,4.0,24.0
2026-08-16 14:37:27,-16.7,-19.2,0.0,4.0,24.0
2026-08-16 14:36:27,-16.8,-19.2,0.0,4.0,25.0
2026-08-16 14:35:27,-17.0,-19.3,0.0,4.0,25.0
2026-08-16 14:34:27,-17.1,-19.4,0.0,4.0,25.0
2026-08-16 14:33:27,-17.2,-19.6,0.0,4.0,24.0
2026-08-16 14:32:27,-17.2,-19.8,1.0,4.0,24.0
2026-08-16 14:31:27,-17.2,-19.9,2.0,4.0,24.0
2026-08-16 14:30:27,-17.1,-20.0,3.0,4.0,24.0
2026-08-16 14:29:27,-17.1,-19.9,3.0,4.0,24.0
2026-08-16 14:28:27,-17.0,-19.9,3.0,4.0,24.0
2026-08-16 14:27:27,-16.9,-19.8,3.0,4.0,24.0
2026-08-16 14:26:27,-16.8,-19.7,3.0,4.0,24.0
2026-08-16 14:25:27,-16.7,-19.7,3.0,4.0,24.0
2026-08-16 14:24:27,-16.6,-19.6,3.0,4.0,25.0
2026-08-16 14:23:27,-16.5,-19.5,2.0,4.0,24.0
2026-08-16 14:22:27,-16.4,-19.4,2.0,4.0,24.0
2026-08-16 14:21:27,-16.4,-19.3,2.0,4.0,25.0
2026-08-16 14:20:27,-16.3,-19.2,2.0,4.0,25.0
2026-08-16 14:19:27,-16.2,-19.1,1.0,4.0,24.0
2026-08-16 14:18:27,-16.2,-18.9,1.0,4.0,24.0
2026-08-16 14:17:27,-16.3,-18.9,0.0,4.0,24.0
2026-08-16 14:16:27,-16.4,-18.8,0.0,4.0,24.0
2026-08-16 14:15:27,-16.6,-18.9,0.0,4.0,24.0
2026-08-16 14:14:27,-16.7,-19.0,0.0,4.0,24.0
2026-08-16 14:13:27,-16.8,-19.2,0.0,5.0,24.0
2026-08-16 14:12:27,-16.8,-19.4,1.0,4.0,24.0
2026-08-16 14:11:27,-16.8,-19.5,2.0,5.0,24.0
2026-08-16 14:10:27,-16.6,-19.6,3.0,4.0,24.0
2026-08-16 14:09:27,-16.5,-19.5,3.0,4.0,24.0
2026-08-16 14:08:27,-16.5,-19.4,3.0,4.0,24.0
2026-08-16 14:07:27,-16.4,-19.3,3.0,4.0,24.0
2026-08-16 14:06:27,-16.3,-19.2,3.0,4.0,25.0
2026-08-16 14:05:27,-16.2,-19.1,3.0,5.0,24.0
2026-08-16 14:04:27,-16.1,-19.0,3.0,4.0,24.0
2026-08-16 14:03:27,-16.0,-18.9,2.0,4.0,24.0
2026-08-16 14:02:27,-15.9,-18.8,2.0,4.0,24.0
2026-08-16 14:01:27,-15.8,-18.6,2.0,4.0,24.0
2026-08-16 14:00:27,-15.7,-18.5,2.0,4.0,24.0
2026-08-16 13:59:27,-15.7,-18.4,1.0,4.0,24.0
2026-08-16 13:58:27,-15.6,-18.3,1.0,4.0,24.0
2026-08-16 13:57:27,-15.6,-18.2,0.0,4.0,24.0
2026-08-16 13:56:27,-15.7,-18.1,0.0,4.0,24.0
2026-08-16 13:55:27,-15.9,-18.1,0.0,4.0,24.0
2026-08-16 13:54:27,-16.0,-18.2,0.0,4.0,24.0
2026-08-16 13:53:27,-16.1,-18.4,0.0,4.0,24.0
2026-08-16 13:52:27,-16.3,-18.5,0.0,4.0,24.0
2026-08-16 13:51:27,-16.4,-18.7,0.0,5.0,25.0
2026-08-16 13:50:27,-16.4,-18.9,2.0,5.0,26.0
2026-08-16 13:49:27,-16.4,-19.1,3.0,5.0,25.0
2026-08-16 13:48:27,-16.3,-19.1,3.0,5.0,24.0
2026-08-16 13:47:27,-16.2,-19.1,3.0,5.0,24.0
2026-08-16 13:46:27,-16.1,-18.9,3.0,4.0,24.0
2026-08-16 13:45:27,-16.0,-18.8,3.0,4.0,24.0
2026-08-16 13:44:27,-15.9,-18.7,3.0,4.0,24.0
2026-08-16 13:43:27,-15.8,-18.7,3.0,4.0,24.0
2026-08-16 13:42:27,-15.6,-18.6,3.0,4.0,24.0
2026-08-16 13:41:27,-15.5,-18.4,2.0,5.0,24.0
2026-08-16 13:40:27,-15.4,-18.3,2.0,4.0,24.0
2026-08-16 13:39:27,-15.3,-18.2,2.0,5.0,24.0
2026-08-16 13:38:27,-15.2,-18.1,2.0,4.0,24.0
2026-08-16 13:37:27,-15.1,-17.9,1.0,4.0,24.0
2026-08-16 13:36:27,-15.0,-17.8,1.0,4.0,24.0
2026-08-16 13:35:27,-15.1,-17.7,0.0,4.0,24.0
2026-08-16 13:34:27,-15.1,-17.6,0.0,4.0,24.0
2026-08-16 13:33:27,-15.3,-17.6,0.0,4.0,24.0
2026-08-16 13:32:27,-15.3,-17.7,0.0,4.0,24.0
2026-08-16 13:31:27,-15.4,-17.8,0.0,4.0,24.0
2026-08-16 13:30:27,-15.3,-17.9,1.0,4.0,24.0
2026-08-16 13:29:27,-15.3,-18.0,2.0,5.0,24.0
2026-08-16 13:28:27,-15.1,-18.0,3.0,5.0,24.0
2026-08-16 13:27:27,-15.0,-17.9,3.0,5.0,24.0
2026-08-16 13:26:27,-14.8,-17.8,3.0,5.0,23.0
2026-08-16 13:25:27,-14.7,-17.7,3.0,5.0,23.0
2026-08-16 13:24:27,-14.5,-17.5,3.0,5.0,23.0
2026-08-16 13:23:27,-14.4,-17.4,3.0,5.0,23.0
2026-08-16 13:22:27,-14.2,-17.2,2.0,5.0,23.0
2026-08-16 13:21:27,-14.0,-17.0,2.0,5.0,23.0
2026-08-16 13:20:27,-13.9,-16.8,2.0,5.0,24.0
2026-08-16 13:19:27,-13.7,-16.6,1.0,4.0,24.0
2026-08-16 13:18:27,-13.5,-16.5,1.0,4.0,23.0
2026-08-16 13:17:27,-13.4,-16.3,1.0,4.0,23.0
2026-08-16 13:16:27,-13.2,-16.1,0.0,4.0,23.0
2026-08-16 13:15:27,-13.2,-15.9,0.0,4.0,24.0
2026-08-16 13:14:27,-13.3,-15.7,0.0,4.0,24.0
2026-08-16 13:13:27,-13.3,-15.7,0.0,4.0,24.0
2026-08-16 13:12:27,-13.2,-15.6,0.0,4.0,24.0
2026-08-16 13:11:27,-13.2,-15.6,0.0,4.0,23.0
2026-08-16 13:10:27,-13.2,-15.6,0.0,5.0,23.0
2026-08-16 13:09:27,-13.1,-15.6,0.0,4.0,23.0
2026-08-16 13:08:27,-13.0,-15.6,0.0,5.0,23.0
2026-08-16 13:07:27,-13.0,-15.5,0.0,5.0,23.0
2026-08-16 13:06:27,-13.0,-15.5,0.0,5.0,24.0
2026-08-16 13:05:27,-12.9,-15.4,1.0,5.0,24.0
2026-08-16 13:04:27,-12.8,-15.4,1.0,5.0,24.0
2026-08-16 13:03:27,-12.8,-15.3,1.0,5.0,24.0
2026-08-16 13:02:27,-12.7,-15.3,2.0,4.0,24.0
2026-08-16 13:01:27,-12.7,-15.2,2.0,4.0,24.0
2026-08-16 13:00:27,-12.6,-15.1,3.0,4.0,24.0
2026-08-16 12:59:27,-12.6,-15.0,3.0,4.0,24.0
2026-08-16 12:58:27,-12.6,-14.8,4.0,4.0,24.0
2026-08-16 12:57:27,-12.7,-14.7,4.0,4.0,24.0
2026-08-16 12:56:27,-13.0,-14.8,5.0,4.0,24.0
2026-08-16 12:55:27,-13.4,-15.0,6.0,4.0,24.0
2026-08-16 12:54:27,-14.0,-15.4,6.0,3.0,23.0
2026-08-16 12:53:27,-14.1,-15.5,6.0,3.0,23.0
2026-08-16 12:52:27,-14.2,-15.5,6.0,3.0,23.0
2026-08-16 12:51:27,-14.3,-15.5,6.0,3.0,23.0
2026-08-16 12:50:27,-14.4,-15.6,6.0,3.0,23.0
2026-08-16 12:49:27,-14.5,-15.7,6.0,3.0,24.0
2026-08-16 12:48:27,-14.6,-15.7,6.0,3.0,24.0
2026-08-16 12:47:27,-14.6,-15.8,6.0,3.0,24.0
2026-08-16 12:46:27,-14.7,-15.8,5.0,3.0,24.0
2026-08-16 12:45:27,-14.8,-15.9,5.0,3.0,24.0
2026-08-16 12:44:27,-14.9,-16.0,5.0,3.0,24.0
2026-08-16 12:43:27,-14.9,-16.0,5.0,3.0,23.0
2026-08-16 12:42:27,-15.0,-16.1,5.0,3.0,24.0
2026-08-16 12:41:27,-15.1,-16.2,5.0,3.0,24.0
2026-08-16 12:40:27,-15.1,-16.3,5.0,4.0,24.0
2026-08-16 12:39:27,-15.1,-16.4,6.0,4.0,24.0
2026-08-16 12:38:27,-15.2,-16.5,6.0,4.0,24.0
2026-08-16 12:37:27,-15.3,-16.5,5.0,3.0,24.0
2026-08-16 12:36:27,-15.3,-16.6,5.0,3.0,24.0
2026-08-16 12:35:27,-15.4,-16.7,5.0,3.0,24.0
2026-08-16 12:34:27,-15.5,-16.8,5.0,3.0,24.0
2026-08-16 12:33:27,-15.6,-16.8,5.0,3.0,24.0
2026-08-16 12:32:27,-15.7,-16.9,5.0,3.0,24.0
2026-08-16 12:31:27,-15.8,-17.0,5.0,3.0,24.0
2026-08-16 12:30:27,-15.9,-17.1,5.0,3.0,24.0
2026-08-16 12:29:27,-16.0,-17.2,5.0,3.0,24.0
2026-08-16 12:28:27,-16.1,-17.3,5.0,4.0,24.0
2026-08-16 12:27:27,-16.2,-17.4,4.0,4.0,25.0
2026-08-16 12:26:27,-16.3,-17.5,4.0,3.0,24.0
2026-08-16 12:25:27,-16.4,-17.7,4.0,3.0,24.0
2026-08-16 12:24:27,-16.6,-17.8,4.0,3.0,24.0
2026-08-16 12:23:27,-16.7,-17.9,4.0,3.0,24.0
2026-08-16 12:22:27,-16.9,-18.1,4.0,3.0,24.0
2026-08-16 12:21:27,-17.0,-18.2,4.0,3.0,24.0
2026-08-16 12:20:27,-17.1,-18.4,4.0,4.0,24.0
2026-08-16 12:19:27,-17.2,-18.6,4.0,4.0,24.0
2026-08-16 12:18:27,-17.3,-18.7,4.0,4.0,24.0
2026-08-16 12:17:27,-17.4,-18.9,5.0,4.0,25.0
2026-08-16 12:16:27,-17.4,-19.1,5.0,4.0,25.0
2026-08-16 12:15:27,-17.6,-19.3,5.0,4.0,25.0
2026-08-16 12:14:27,-17.6,-19.5,5.0,4.0,26.0
2026-08-16 12:13:27,-17.8,-19.8,5.0,4.0,25.0
2026-08-16 12:12:27,-18.1,-20.5,3.0,4.0,24.0
2026-08-16 12:11:27,-18.1,-20.8,3.0,4.0,24.0
2026-08-16 12:10:27,-18.0,-21.0,3.0,4.0,24.0
2026-08-16 12:09:27,-18.0,-20.9,3.0,4.0,25.0
2026-08-16 12:08:27,-17.9,-20.9,3.0,4.0,24.0
2026-08-16 12:07:27,-17.8,-20.8,3.0,4.0,24.0
2026-08-16 12:06:27,-17.7,-20.7,3.0,4.0,24.0
2026-08-16 12:05:27,-17.7,-20.7,2.0,4.0,24.0
2026-08-16 12:04:27,-17.6,-20.6,2.0,4.0,24.0
2026-08-16 12:03:27,-17.5,-20.5,2.0,4.0,24.0
2026-08-16 12:02:27,-17.5,-20.4,2.0,4.0,24.0
2026-08-16 12:01:27,-17.4,-20.3,2.0,4.0,24.0
2026-08-16 12:00:27,-17.3,-20.2,1.0,4.0,24.0
2026-08-16 11:59:27,-17.3,-20.1,1.0,4.0,24.0
2026-08-16 11:58:27,-17.2,-20.1,1.0,4.0,24.0
2026-08-16 11:57:27,-17.1,-19.9,1.0,4.0,24.0
2026-08-16 11:56:27,-17.1,-19.9,0.0,4.0,24.0
2026-08-16 11:55:27,-17.2,-19.8,0.0,3.0,24.0
2026-08-16 11:54:27,-17.3,-19.7,0.0,3.0,24.0
2026-08-16 11:53:27,-17.5,-19.8,0.0,3.0,24.0
2026-08-16 11:52:27,-17.6,-20.0,0.0,3.0,24.0
2026-08-16 11:51:27,-17.8,-20.2,0.0,4.0,24.0
2026-08-16 11:50:27,-17.9,-20.3,0.0,3.0,24.0
2026-08-16 11:49:27,-18.0,-20.5,1.0,4.0,24.0
2026-08-16 11:48:27,-18.1,-20.7,1.0,4.0,24.0
2026-08-16 11:47:27,-18.0,-20.8,3.0,4.0,24.0
2026-08-16 11:46:27,-17.9,-20.9,4.0,4.0,24.0
2026-08-16 11:45:27,-17.8,-20.8,3.0,4.0,24.0
2026-08-16 11:44:27,-17.8,-20.8,3.0,4.0,24.0
2026-08-16 11:43:27,-17.7,-20.7,3.0,4.0,24.0
2026-08-16 11:42:27,-17.6,-20.6,3.0,4.0,24.0
2026-08-16 11:41:27,-17.5,-20.5,3.0,4.0,24.0
2026-08-16 11:40:27,-17.5,-20.4,3.0,4.0,24.0
2026-08-16 11:39:27,-17.4,-20.4,2.0,4.0,24.0
2026-08-16 11:38:27,-17.3,-20.3,2.0,4.0,24.0
2026-08-16 11:37:27,-17.3,-20.2,2.0,4.0,24.0
2026-08-16 11:36:27,-17.2,-20.1,2.0,4.0,24.0
2026-08-16 11:35:27,-17.1,-20.0,2.0,4.0,24.0
2026-08-16 11:34:27,-17.0,-19.9,1.0,4.0,24.0
2026-08-16 11:33:27,-17.0,-19.8,1.0,4.0,24.0
2026-08-16 11:32:27,-16.9,-19.7,1.0,4.0,24.0
2026-08-16 11:31:27,-16.9,-19.6,1.0,4.0,24.0
2026-08-16 11:30:27,-17.0,-19.6,0.0,4.0,24.0
2026-08-16 11:29:27,-17.1,-19.6,0.0,3.0,24.0
2026-08-16 11:28:27,-17.3,-19.6,0.0,4.0,24.0
2026-08-16 11:27:27,-17.4,-19.8,0.0,4.0,24.0
2026-08-16 11:26:27,-17.5,-20.0,0.0,4.0,24.0
2026-08-16 11:25:27,-17.6,-20.2,0.0,4.0,24.0
2026-08-16 11:24:27,-17.7,-20.3,1.0,4.0,24.0
2026-08-16 11:23:27,-17.6,-20.4,3.0,4.0,24.0
2026-08-16 11:22:27,-17.5,-20.5,3.0,4.0,24.0
2026-08-16 11:21:27,-17.5,-20.4,3.0,4.0,24.0
2026-08-16 11:20:27,-17.4,-20.3,3.0,4.0,24.0
2026-08-16 11:19:27,-17.3,-20.2,3.0,4.0,24.0
2026-08-16 11:18:27,-17.2,-20.2,3.0,4.0,24.0
2026-08-16 11:17:27,-17.2,-20.1,3.0,4.0,24.0
2026-08-16 11:16:27,-17.1,-20.0,3.0,4.0,24.0
2026-08-16 11:15:27,-17.0,-19.9,2.0,4.0,24.0
2026-08-16 11:14:27,-16.9,-19.9,2.0,4.0,24.0
2026-08-16 11:13:27,-16.8,-19.8,2.0,4.0,24.0
2026-08-16 11:12:27,-16.7,-19.7,2.0,4.0,24.0
2026-08-16 11:11:27,-16.6,-19.6,2.0,4.0,24.0
2026-08-16 11:10:27,-16.6,-19.5,1.0,4.0,24.0
2026-08-16 11:09:27,-16.5,-19.4,1.0,4.0,24.0
2026-08-16 11:08:27,-16.4,-19.3,1.0,4.0,24.0
2026-08-16 11:07:27,-16.4,-19.2,1.0,4.0,24.0
2026-08-16 11:06:27,-16.4,-19.1,0.0,4.0,24.0
2026-08-16 11:05:27,-16.5,-19.0,0.0,4.0,24.0
2026-08-16 11:04:27,-16.7,-19.0,0.0,3.0,24.0
2026-08-16 11:03:27,-16.8,-19.1,0.0,3.0,24.0
2026-08-16 11:02:27,-16.9,-19.3,0.0,4.0,24.0
2026-08-16 11:01:27,-17.1,-19.5,0.0,4.0,23.0
2026-08-16 11:00:27,-17.1,-19.6,1.0,4.0,23.0
2026-08-16 10:59:27,-17.1,-19.8,2.0,4.0,24.0
2026-08-16 10:58:27,-17.0,-19.9,3.0,4.0,24.0
2026-08-16 10:57:27,-16.9,-19.8,3.0,4.0,24.0
2026-08-16 10:56:27,-16.9,-19.8,3.0,4.0,24.0
2026-08-16 10:55:27,-16.8,-19.7,3.0,4.0,24.0
2026-08-16 10:54:27,-16.7,-19.6,3.0,4.0,24.0
2026-08-16 10:53:27,-16.6,-19.5,3.0,4.0,24.0
2026-08-16 10:52:27,-16.5,-19.4,3.0,4.0,24.0
2026-08-16 10:51:27,-16.4,-19.4,3.0,4.0,24.0
2026-08-16 10:50:27,-16.4,-19.3,2.0,4.0,24.0
2026-08-16 10:49:27,-16.3,-19.2,2.0,4.0,24.0
2026-08-16 10:48:27,-16.1,-19.1,2.0,4.0,24.0
2026-08-16 10:47:27,-16.0,-19.0,2.0,4.0,24.0
2026-08-16 10:46:27,-15.9,-18.8,2.0,4.0,24.0
2026-08-16 10:45:27,-15.8,-18.7,1.0,4.0,24.0
2026-08-16 10:44:27,-15.7,-18.6,1.0,4.0,24.0
2026-08-16 10:43:27,-15.6,-18.5,1.0,4.0,24.0
2026-08-16 10:42:27,-15.6,-18.4,1.0,4.0,24.0
2026-08-16 10:41:27,-15.6,-18.3,0.0,4.0,24.0
2026-08-16 10:40:27,-15.6,-18.2,0.0,3.0,24.0
2026-08-16 10:39:27,-15.8,-18.1,0.0,3.0,24.0
2026-08-16 10:38:27,-15.9,-18.2,0.0,3.0,24.0
2026-08-16 10:37:27,-16.0,-18.3,0.0,4.0,24.0
2026-08-16 10:36:27,-16.1,-18.5,0.0,4.0,24.0
2026-08-16 10:35:27,-16.1,-18.6,0.0,4.0,24.0
2026-08-16 10:34:27,-16.1,-18.7,1.0,4.0,24.0
2026-08-16 10:33:27,-16.0,-18.8,2.0,4.0,24.0
2026-08-16 10:32:27,-15.8,-18.8,3.0,4.0,23.0
2026-08-16 10:31:27,-15.7,-18.7,3.0,4.0,23.0
2026-08-16 10:30:27,-15.6,-18.6,3.0,4.0,24.0
2026-08-16 10:29:27,-15.5,-18.5,3.0,4.0,24.0
2026-08-16 10:28:27,-15.4,-18.4,3.0,4.0,23.0
2026-08-16 10:27:27,-15.2,-18.2,3.0,4.0,23.0
2026-08-16 10:26:27,-15.1,-18.1,2.0,4.0,23.0
2026-08-16 10:25:27,-15.0,-18.0,2.0,4.0,23.0
2026-08-16 10:24:27,-14.8,-17.8,2.0,4.0,23.0
2026-08-16 10:23:27,-14.6,-17.7,2.0,4.0,23.0
2026-08-16 10:22:27,-14.5,-17.5,2.0,4.0,23.0
2026-08-16 10:21:27,-14.3,-17.4,1.0,4.0,23.0
2026-08-16 10:20:27,-14.2,-17.2,1.0,4.0,23.0
2026-08-16 10:19:27,-14.0,-17.0,1.0,4.0,23.0
2026-08-16 10:18:27,-13.8,-16.8,1.0,4.0,23.0
2026-08-16 10:17:27,-13.6,-16.6,0.0,4.0,23.0
2026-08-16 10:16:27,-13.5,-16.4,0.0,4.0,23.0
2026-08-16 10:15:27,-13.5,-16.2,0.0,4.0,23.0
2026-08-16 10:14:27,-13.5,-16.1,0.0,3.0,23.0
2026-08-16 10:13:27,-13.5,-16.0,0.0,3.0,23.0
2026-08-16 10:12:27,-13.5,-16.0,0.0,4.0,23.0
2026-08-16 10:11:27,-13.5,-16.0,0.0,4.0,23.0
2026-08-16 10:10:27,-13.5,-16.0,0.0,4.0,23.0
2026-08-16 10:09:27,-13.5,-16.0,0.0,4.0,23.0
2026-08-16 10:08:27,-13.4,-15.9,0.0,4.0,23.0
2026-08-16 10:07:27,-13.3,-15.9,0.0,4.0,23.0
2026-08-16 10:06:27,-13.3,-15.9,0.0,4.0,23.0
2026-08-16 10:05:27,-13.2,-15.8,0.0,4.0,23.0
2026-08-16 10:04:27,-13.2,-15.8,0.0,4.0,23.0
2026-08-16 10:03:27,-13.1,-15.7,1.0,4.0,23.0
2026-08-16 10:02:27,-13.0,-15.6,1.0,5.0,23.0
2026-08-16 10:01:27,-13.0,-15.6,1.0,5.0,23.0
2026-08-16 10:00:27,-12.9,-15.5,2.0,5.0,23.0
2026-08-16 09:59:27,-12.8,-15.3,3.0,5.0,23.0
2026-08-16 09:58:27,-12.8,-15.2,3.0,5.0,23.0
2026-08-16 09:57:27,-12.8,-15.0,4.0,5.0,23.0
2026-08-16 09:56:27,-13.0,-14.9,5.0,5.0,23.0
2026-08-16 09:55:27,-13.4,-15.0,6.0,5.0,23.0
2026-08-16 09:54:27,-13.9,-15.4,7.0,4.0,23.0
2026-08-16 09:53:27,-14.0,-15.4,7.0,4.0,23.0
2026-08-16 09:53:00,-14.0,-15.5,7.0,4.0,23.0
2026-08-16 09:52:00,-14.1,-15.5,7.0,4.0,23.0
2026-08-16 09:51:00,-14.2,-15.5,7.0,4.0,23.0
2026-08-16 09:50:00,-14.2,-15.6,7.0,5.0,23.0
2026-08-16 09:49:00,-14.3,-15.7,7.0,4.0,23.0
2026-08-16 09:48:00,-14.4,-15.7,7.0,4.0,23.0
2026-08-16 09:47:00,-14.5,-15.8,7.0,4.0,23.0
2026-08-16 09:46:00,-14.5,-15.8,7.0,4.0,23.0
2026-08-16 09:45:00,-14.6,-15.9,7.0,4.0,23.0
2026-08-16 09:44:00,-14.7,-16.0,7.0,5.0,23.0
2026-08-16 09:43:00,-14.8,-16.1,7.0,4.0,23.0
2026-08-16 09:42:00,-14.9,-16.1,7.0,4.0,23.0
2026-08-16 09:41:00,-15.0,-16.2,7.0,4.0,23.0
2026-08-16 09:40:00,-15.1,-16.3,7.0,4.0,23.0
2026-08-16 09:39:00,-15.2,-16.4,7.0,4.0,23.0
2026-08-16 09:38:00,-15.3,-16.4,6.0,4.0,23.0
2026-08-16 09:37:00,-15.3,-16.5,6.0,4.0,23.0
2026-08-16 09:36:00,-15.4,-16.6,6.0,4.0,23.0
2026-08-16 09:35:00,-15.4,-16.7,6.0,4.0,23.0
2026-08-16 09:34:00,-15.5,-16.8,6.0,4.0,23.0
2026-08-16 09:33:00,-15.6,-16.9,6.0,4.0,23.0
2026-08-16 09:32:00,-15.7,-17.0,6.0,4.0,23.0
2026-08-16 09:31:00,-15.9,-17.1,6.0,4.0,23.0
2026-08-16 09:30:00,-15.9,-17.2,6.0,4.0,23.0
2026-08-16 09:29:00,-16.1,-17.3,6.0,4.0,23.0
2026-08-16 09:28:00,-16.2,-17.4,6.0,4.0,23.0
2026-08-16 09:27:00,-16.3,-17.5,5.0,4.0,23.0
2026-08-16 09:26:00,-16.4,-17.6,5.0,4.0,23.0
2026-08-16 09:25:00,-16.5,-17.7,5.0,4.0,23.0
2026-08-16 09:24:00,-16.6,-17.9,5.0,4.0,23.0
2026-08-16 09:23:00,-16.7,-18.0,5.0,4.0,23.0
2026-08-16 09:22:00,-16.8,-18.1,5.0,4.0,23.0
2026-08-16 09:21:00,-17.0,-18.3,5.0,4.0,24.0
2026-08-16 09:20:00,-17.1,-18.5,5.0,4.0,23.0
2026-08-16 09:19:00,-17.2,-18.7,5.0,4.0,24.0
2026-08-16 09:18:00,-17.4,-18.9,4.0,4.0,23.0
2026-08-16 09:17:00,-17.5,-19.1,4.0,4.0,24.0
2026-08-16 09:16:00,-17.6,-19.3,4.0,4.0,24.0
2026-08-16 09:15:00,-17.7,-19.6,4.0,4.0,24.0
2026-08-16 09:14:00,-17.8,-19.9,4.0,4.0,24.0
2026-08-16 09:13:00,-18.0,-20.2,4.0,4.0,24.0
2026-08-16 09:12:00,-18.1,-20.6,4.0,4.0,24.0
2026-08-16 09:11:00,-18.1,-20.9,3.0,4.0,24.0
2026-08-16 09:10:00,-18.0,-20.9,3.0,4.0,24.0
2026-08-16 09:09:00,-18.0,-20.9,3.0,4.0,24.0
2026-08-16 09:08:00,-17.9,-20.8,3.0,4.0,24.0
2026-08-16 09:07:00,-17.8,-20.8,3.0,4.0,24.0
2026-08-16 09:06:00,-17.7,-20.7,3.0,4.0,24.0
2026-08-16 09:05:00,-17.7,-20.6,3.0,4.0,24.0
2026-08-16 09:04:00,-17.6,-20.6,2.0,4.0,24.0
2026-08-16 09:03:00,-17.6,-20.5,2.0,4.0,24.0
2026-08-16 09:02:00,-17.5,-20.5,2.0,4.0,24.0
2026-08-16 09:01:00,-17.4,-20.4,2.0,4.0,24.0
2026-08-16 09:00:00,-17.3,-20.3,2.0,4.0,24.0
2026-08-16 08:59:00,-17.2,-20.2,2.0,4.0,24.0
2026-08-16 08:58:00,-17.2,-20.1,1.0,4.0,24.0
2026-08-16 08:57:00,-17.1,-20.0,1.0,4.0,24.0
2026-08-16 08:56:00,-17.1,-19.9,1.0,4.0,24.0
2026-08-16 08:55:00,-17.1,-19.8,0.0,4.0,24.0
2026-08-16 08:54:00,-17.1,-19.7,0.0,4.0,24.0
2026-08-16 08:53:00,-17.3,-19.7,0.0,3.0,24.0
2026-08-16 08:52:00,-17.5,-19.8,0.0,4.0,24.0
2026-08-16 08:51:00,-17.6,-20.0,0.0,4.0,24.0
2026-08-16 08:50:00,-17.8,-20.1,0.0,4.0,24.0
2026-08-16 08:49:00,-17.8,-20.3,0.0,4.0,24.0
2026-08-16 08:48:00,-17.9,-20.5,1.0,4.0,24.0
2026-08-16 08:47:00,-17.9,-20.7,3.0,4.0,24.0
2026-08-16 08:46:00,-17.7,-20.7,4.0,4.0,24.0
2026-08-16 08:45:00,-17.7,-20.7,3.0,4.0,24.0
2026-08-16 08:44:00,-17.6,-20.6,3.0,4.0,24.0
2026-08-16 08:43:00,-17.6,-20.5,3.0,4.0,24.0
2026-08-16 08:42:00,-17.5,-20.5,3.0,4.0,24.0
2026-08-16 08:41:00,-17.4,-20.4,3.0,4.0,24.0
2026-08-16 08:40:00,-17.4,-20.4,3.0,4.0,24.0
2026-08-16 08:39:00,-17.3,-20.3,3.0,4.0,24.0
2026-08-16 08:38:00,-17.2,-20.2,2.0,4.0,24.0
2026-08-16 08:37:00,-17.2,-20.1,2.0,4.0,24.0
2026-08-16 08:36:00,-17.1,-20.0,2.0,4.0,24.0
2026-08-16 08:35:00,-17.0,-19.9,2.0,4.0,24.0
2026-08-16 08:34:00,-16.9,-19.8,2.0,4.0,24.0
2026-08-16 08:33:00,-16.8,-19.7,1.0,4.0,24.0
2026-08-16 08:32:00,-16.7,-19.6,1.0,4.0,24.0
2026-08-16 08:31:00,-16.7,-19.5,1.0,4.0,24.0
2026-08-16 08:30:00,-16.7,-19.5,1.0,4.0,24.0
2026-08-16 08:29:00,-16.7,-19.3,0.0,4.0,24.0
2026-08-16 08:28:00,-16.8,-19.3,0.0,3.0,24.0
2026-08-16 08:27:00,-16.9,-19.2,0.0,3.0,24.0
2026-08-16 08:26:00,-17.1,-19.4,0.0,3.0,24.0
2026-08-16 08:25:00,-17.2,-19.6,0.0,4.0,24.0
2026-08-16 08:24:00,-17.3,-19.7,0.0,4.0,24.0
2026-08-16 08:23:00,-17.5,-19.9,0.0,4.0,24.0
2026-08-16 08:22:00,-17.5,-20.1,1.0,4.0,24.0
2026-08-16 08:21:00,-17.5,-20.2,2.0,4.0,24.0
2026-08-16 08:20:00,-17.4,-20.3,4.0,4.0,24.0
2026-08-16 08:19:00,-17.3,-20.3,3.0,4.0,24.0
2026-08-16 08:18:00,-17.3,-20.2,3.0,4.0,24.0
2026-08-16 08:17:00,-17.2,-20.1,3.0,4.0,24.0
2026-08-16 08:16:00,-17.1,-20.0,3.0,4.0,24.0
2026-08-16 08:15:00,-17.0,-19.9,3.0,4.0,24.0
2026-08-16 08:14:00,-16.9,-19.9,3.0,4.0,24.0
2026-08-16 08:13:00,-16.9,-19.8,3.0,4.0,24.0
2026-08-16 08:12:00,-16.8,-19.7,2.0,4.0,24.0
2026-08-16 08:11:00,-16.7,-19.6,2.0,4.0,24.0
2026-08-16 08:10:00,-16.6,-19.5,2.0,4.0,24.0
2026-08-16 08:09:00,-16.5,-19.4,2.0,4.0,24.0
2026-08-16 08:08:00,-16.5,-19.3,2.0,4.0,24.0
2026-08-16 08:07:00,-16.4,-19.2,1.0,4.0,24.0
2026-08-16 08:06:00,-16.4,-19.1,1.0,4.0,24.0
2026-08-16 08:05:00,-16.4,-19.0,0.0,4.0,24.0
2026-08-16 08:04:00,-16.5,-19.0,0.0,4.0,24.0
2026-08-16 08:03:00,-16.7,-19.0,0.0,4.0,24.0
2026-08-16 08:02:00,-16.8,-19.2,0.0,4.0,24.0
2026-08-16 08:01:00,-16.9,-19.3,0.0,4.0,24.0
2026-08-16 08:00:00,-17.0,-19.5,0.0,4.0,24.0
2026-08-16 07:59:00,-17.0,-19.6,1.0,4.0,24.0
2026-08-16 07:58:00,-16.9,-19.7,3.0,4.0,24.0
2026-08-16 07:57:00,-16.8,-19.7,3.0,4.0,24.0
2026-08-16 07:56:00,-16.7,-19.6,3.0,4.0,24.0
2026-08-16 07:55:00,-16.6,-19.6,3.0,4.0,24.0
2026-08-16 07:54:00,-16.5,-19.5,3.0,4.0,24.0
2026-08-16 07:53:00,-16.4,-19.4,3.0,4.0,24.0
2026-08-16 07:52:00,-16.3,-19.3,3.0,4.0,24.0
2026-08-16 07:51:00,-16.2,-19.2,2.0,4.0,24.0
2026-08-16 07:50:00,-16.2,-19.1,2.0,4.0,24.0
2026-08-16 07:49:00,-16.1,-19.0,2.0,4.0,24.0
2026-08-16 07:48:00,-16.0,-18.9,2.0,4.0,24.0
2026-08-16 07:47:00,-15.9,-18.8,2.0,4.0,24.0
2026-08-16 07:46:00,-15.8,-18.7,1.0,4.0,24.0
2026-08-16 07:45:00,-15.7,-18.6,1.0,4.0,24.0
2026-08-16 07:44:00,-15.6,-18.4,1.0,4.0,24.0
2026-08-16 07:43:00,-15.6,-18.3,1.0,4.0,24.0
2026-08-16 07:42:00,-15.6,-18.2,0.0,4.0,24.0
2026-08-16 07:41:00,-15.7,-18.2,0.0,3.0,24.0
2026-08-16 07:40:00,-15.9,-18.2,0.0,4.0,24.0
2026-08-16 07:39:00,-16.0,-18.3,0.0,4.0,24.0
2026-08-16 07:38:00,-16.1,-18.5,0.0,4.0,24.0
2026-08-16 07:37:00,-16.1,-18.6,0.0,4.0,24.0
2026-08-16 07:36:00,-16.1,-18.7,1.0,4.0,24.0
2026-08-16 07:35:00,-16.0,-18.8,3.0,4.0,24.0
2026-08-16 07:34:00,-15.9,-18.8,3.0,4.0,24.0
2026-08-16 07:33:00,-15.7,-18.7,3.0,4.0,24.0
2026-08-16 07:32:00,-15.6,-18.5,3.0,4.0,24.0
2026-08-16 07:31:00,-15.5,-18.5,3.0,4.0,24.0
2026-08-16 07:30:00,-15.4,-18.3,3.0,4.0,24.0
2026-08-16 07:29:00,-15.2,-18.3,3.0,4.0,24.0
2026-08-16 07:28:00,-15.1,-18.1,2.0,4.0,24.0
2026-08-16 07:27:00,-15.0,-18.0,2.0,4.0,24.0
2026-08-16 07:26:00,-14.8,-17.8,2.0,4.0,24.0
2026-08-16 07:25:00,-14.7,-17.7,2.0,4.0,24.0
2026-08-16 07:24:00,-14.5,-17.6,2.0,4.0,24.0
2026-08-16 07:23:00,-14.4,-17.4,2.0,4.0,24.0
2026-08-16 07:22:00,-14.2,-17.2,1.0,4.0,24.0
2026-08-16 07:21:00,-14.0,-17.0,1.0,4.0,24.0
2026-08-16 07:20:00,-13.9,-16.8,1.0,4.0,24.0
2026-08-16 07:19:00,-13.7,-16.7,1.0,4.0,24.0
2026-08-16 07:18:00,-13.5,-16.5,0.0,4.0,24.0
2026-08-16 07:17:00,-13.4,-16.3,0.0,4.0,24.0
2026-08-16 07:16:00,-13.4,-16.1,0.0,3.0,24.0
2026-08-16 07:15:00,-13.5,-15.9,0.0,3.0,24.0
2026-08-16 07:14:00,-13.5,-15.9,0.0,3.0,24.0
2026-08-16 07:13:00,-13.5,-15.9,0.0,3.0,24.0
2026-08-16 07:12:00,-13.4,-15.9,0.0,3.0,24.0
2026-08-16 07:11:00,-13.4,-15.9,0.0,3.0,24.0
2026-08-16 07:10:00,-13.4,-15.8,0.0,4.0,24.0
2026-08-16 07:09:00,-13.3,-15.8,0.0,4.0,24.0
2026-08-16 07:08:00,-13.3,-15.8,0.0,4.0,24.0
2026-08-16 07:07:00,-13.2,-15.8,0.0,4.0,24.0
2026-08-16 07:06:00,-13.2,-15.8,0.0,4.0,23.0
2026-08-16 07:05:00,-13.1,-15.7,0.0,4.0,23.0
2026-08-16 07:04:00,-13.0,-15.7,0.0,5.0,23.0
2026-08-16 07:03:00,-13.0,-15.6,1.0,5.0,24.0
2026-08-16 07:02:00,-12.9,-15.5,1.0,5.0,24.0
2026-08-16 07:01:00,-12.8,-15.4,2.0,5.0,24.0
2026-08-16 07:00:00,-12.8,-15.3,2.0,5.0,23.0
2026-08-16 06:59:00,-12.7,-15.1,3.0,5.0,23.0
2026-08-16 06:58:00,-12.8,-15.0,4.0,5.0,23.0
2026-08-16 06:57:00,-12.9,-14.9,5.0,5.0,23.0
2026-08-16 06:56:00,-13.2,-15.0,6.0,5.0,23.0
2026-08-16 06:55:00,-13.8,-15.3,7.0,5.0,23.0
2026-08-16 06:54:00,-14.0,-15.4,7.0,5.0,23.0
2026-08-16 06:53:00,-14.1,-15.5,7.0,4.0,23.0
2026-08-16 06:52:00,-14.2,-15.5,7.0,4.0,23.0
2026-08-16 06:51:00,-14.3,-15.5,7.0,4.0,23.0
2026-08-16 06:50:00,-14.4,-15.5,7.0,4.0,23.0
2026-08-16 06:49:00,-14.5,-15.6,7.0,4.0,23.0
2026-08-16 06:48:00,-14.6,-15.6,7.0,4.0,23.0
2026-08-16 06:47:00,-14.7,-15.7,7.0,4.0,23.0
2026-08-16 06:46:00,-14.7,-15.8,7.0,4.0,23.0
2026-08-16 06:45:00,-14.8,-15.9,7.0,4.0,24.0
2026-08-16 06:44:00,-14.9,-15.9,7.0,4.0,24.0
2026-08-16 06:43:00,-14.9,-16.0,7.0,4.0,24.0
2026-08-16 06:42:00,-15.0,-16.1,7.0,4.0,24.0
2026-08-16 06:41:00,-15.0,-16.1,6.0,4.0,24.0
2026-08-16 06:40:00,-15.1,-16.2,6.0,4.0,24.0
2026-08-16 06:39:00,-15.2,-16.3,6.0,4.0,24.0
2026-08-16 06:38:00,-15.3,-16.4,6.0,4.0,24.0
2026-08-16 06:37:00,-15.4,-16.5,6.0,4.0,24.0
2026-08-16 06:36:00,-15.4,-16.6,6.0,4.0,24.0
2026-08-16 06:35:00,-15.5,-16.7,6.0,4.0,24.0
2026-08-16 06:34:00,-15.6,-16.8,6.0,4.0,24.0
2026-08-16 06:33:00,-15.7,-16.9,6.0,4.0,24.0
2026-08-16 06:32:00,-15.8,-17.0,6.0,4.0,24.0
2026-08-16 06:31:00,-15.8,-17.1,6.0,4.0,24.0
2026-08-16 06:30:00,-15.9,-17.2,5.0,4.0,24.0
2026-08-16 06:29:00,-16.0,-17.3,5.0,4.0,24.0
2026-08-16 06:28:00,-16.1,-17.4,5.0,4.0,24.0
2026-08-16 06:27:00,-16.3,-17.4,5.0,4.0,24.0
2026-08-16 06:26:00,-16.4,-17.5,5.0,4.0,24.0
2026-08-16 06:25:00,-16.5,-17.7,5.0,4.0,24.0
2026-08-16 06:24:00,-16.6,-17.8,5.0,4.0,24.0
2026-08-16 06:23:00,-16.8,-18.0,5.0,4.0,24.0
2026-08-16 06:22:00,-16.9,-18.1,5.0,4.0,24.0
2026-08-16 06:21:00,-17.0,-18.3,5.0,4.0,24.0
2026-08-16 06:20:00,-17.1,-18.5,4.0,4.0,24.0
2026-08-16 06:19:00,-17.3,-18.7,4.0,4.0,25.0
2026-08-16 06:18:00,-17.4,-18.9,4.0,4.0,24.0
2026-08-16 06:17:00,-17.5,-19.1,4.0,4.0,24.0
2026-08-16 06:16:00,-17.6,-19.4,4.0,4.0,24.0
2026-08-16 06:15:00,-17.7,-19.7,4.0,4.0,24.0
2026-08-16 06:14:00,-17.8,-20.0,4.0,4.0,24.0
2026-08-16 06:13:00,-17.9,-20.3,3.0,4.0,24.0
2026-08-16 06:12:00,-17.9,-20.7,3.0,4.0,25.0
2026-08-16 06:11:00,-17.8,-20.8,3.0,4.0,25.0
2026-08-16 06:10:00,-17.8,-20.7,3.0,4.0,25.0
2026-08-16 06:09:00,-17.7,-20.7,3.0,4.0,25.0
2026-08-16 06:08:00,-17.6,-20.6,3.0,4.0,25.0
2026-08-16 06:07:00,-17.6,-20.6,3.0,4.0,25.0
2026-08-16 06:06:00,-17.5,-20.5,2.0,4.0,25.0
2026-08-16 06:05:00,-17.4,-20.4,2.0,4.0,24.0
2026-08-16 06:04:00,-17.3,-20.3,2.0,4.0,24.0
2026-08-16 06:03:00,-17.2,-20.2,2.0,4.0,24.0
2026-08-16 06:02:00,-17.2,-20.1,2.0,4.0,24.0
2026-08-16 06:01:00,-17.1,-20.0,1.0,4.0,24.0
2026-08-16 06:00:00,-17.0,-20.0,1.0,4.0,24.0
2026-08-16 05:59:00,-17.0,-19.8,1.0,4.0,25.0
2026-08-16 05:58:00,-17.0,-19.8,1.0,4.0,25.0
2026-08-16 05:57:00,-16.9,-19.7,0.0,3.0,25.0
2026-08-16 05:56:00,-17.1,-19.6,0.0,3.0,25.0
2026-08-16 05:55:00,-17.3,-19.6,0.0,3.0,25.0
2026-08-16 05:54:00,-17.5,-19.7,0.0,3.0,24.0
2026-08-16 05:53:00,-17.6,-19.9,0.0,3.0,24.0
2026-08-16 05:52:00,-17.7,-20.1,0.0,4.0,24.0
2026-08-16 05:51:00,-17.8,-20.3,0.0,4.0,25.0
2026-08-16 05:50:00,-17.9,-20.5,1.0,4.0,24.0
2026-08-16 05:49:00,-17.9,-20.6,2.0,4.0,25.0
2026-08-16 05:48:00,-17.8,-20.8,4.0,4.0,25.0
2026-08-16 05:47:00,-17.7,-20.7,4.0,4.0,24.0
2026-08-16 05:46:00,-17.6,-20.7,3.0,4.0,24.0
2026-08-16 05:45:00,-17.6,-20.6,3.0,4.0,24.0
2026-08-16 05:44:00,-17.5,-20.5,3.0,4.0,24.0
2026-08-16 05:43:00,-17.5,-20.4,3.0,4.0,25.0
2026-08-16 05:42:00,-17.4,-20.4,3.0,4.0,25.0
2026-08-16 05:41:00,-17.3,-20.3,2.0,4.0,24.0
2026-08-16 05:40:00,-17.2,-20.2,2.0,4.0,24.0
2026-08-16 05:39:00,-17.2,-20.1,2.0,4.0,25.0
2026-08-16 05:38:00,-17.1,-20.0,2.0,4.0,24.0
2026-08-16 05:37:00,-17.0,-19.9,2.0,4.0,25.0
2026-08-16 05:36:00,-16.9,-19.9,2.0,4.0,24.0
2026-08-16 05:35:00,-16.9,-19.8,1.0,4.0,25.0
2026-08-16 05:34:00,-16.8,-19.7,1.0,4.0,25.0
2026-08-16 05:33:00,-16.7,-19.6,1.0,4.0,25.0
2026-08-16 05:32:00,-16.7,-19.5,0.0,4.0,25.0
2026-08-16 05:31:00,-16.8,-19.4,0.0,4.0,25.0
2026-08-16 05:30:00,-16.9,-19.3,0.0,3.0,25.0
2026-08-16 05:29:00,-17.1,-19.4,0.0,3.0,25.0
2026-08-16 05:28:00,-17.2,-19.5,0.0,3.0,25.0
2026-08-16 05:27:00,-17.4,-19.7,0.0,4.0,25.0
2026-08-16 05:26:00,-17.5,-19.9,0.0,4.0,25.0
2026-08-16 05:25:00,-17.6,-20.1,0.0,4.0,25.0
2026-08-16 05:24:00,-17.6,-20.3,1.0,4.0,24.0
2026-08-16 05:23:00,-17.6,-20.4,3.0,4.0,24.0
2026-08-16 05:22:00,-17.5,-20.5,3.0,4.0,24.0
2026-08-16 05:21:00,-17.4,-20.4,3.0,4.0,24.0
2026-08-16 05:20:00,-17.3,-20.3,3.0,4.0,24.0
2026-08-16 05:19:00,-17.3,-20.2,3.0,4.0,24.0
2026-08-16 05:18:00,-17.2,-20.1,3.0,4.0,24.0
2026-08-16 05:17:00,-17.1,-20.1,3.0,4.0,25.0
2026-08-16 05:16:00,-17.1,-20.0,2.0,4.0,25.0
2026-08-16 05:15:00,-16.9,-19.9,2.0,4.0,25.0
2026-08-16 05:14:00,-16.9,-19.9,2.0,4.0,24.0
2026-08-16 05:13:00,-16.8,-19.8,2.0,4.0,24.0
2026-08-16 05:12:00,-16.7,-19.7,2.0,4.0,24.0
2026-08-16 05:11:00,-16.6,-19.6,1.0,4.0,24.0
2026-08-16 05:10:00,-16.6,-19.4,1.0,4.0,25.0
2026-08-16 05:09:00,-16.5,-19.4,1.0,4.0,25.0
2026-08-16 05:08:00,-16.4,-19.3,1.0,4.0,24.0
2026-08-16 05:07:00,-16.5,-19.1,0.0,4.0,24.0
2026-08-16 05:06:00,-16.5,-19.1,0.0,4.0,24.0
2026-08-16 05:05:00,-16.7,-19.0,0.0,3.0,25.0
2026-08-16 05:04:00,-16.8,-19.1,0.0,3.0,25.0
2026-08-16 05:03:00,-17.0,-19.3,0.0,4.0,25.0
2026-08-16 05:02:00,-17.1,-19.5,0.0,4.0,25.0
2026-08-16 05:01:00,-17.2,-19.6,0.0,4.0,25.0
2026-08-16 05:00:00,-17.3,-19.8,1.0,4.0,25.0
2026-08-16 04:59:00,-17.3,-20.0,2.0,4.0,25.0
2026-08-16 04:58:00,-17.2,-20.1,3.0,4.0,25.0
2026-08-16 04:57:00,-17.1,-20.1,3.0,4.0,24.0
2026-08-16 04:56:00,-17.0,-20.0,3.0,4.0,24.0
2026-08-16 04:55:00,-17.0,-19.9,3.0,4.0,24.0
2026-08-16 04:54:00,-16.9,-19.9,3.0,4.0,24.0
2026-08-16 04:53:00,-16.9,-19.8,3.0,5.0,24.0
2026-08-16 04:52:00,-16.8,-19.7,3.0,4.0,24.0
2026-08-16 04:51:00,-16.7,-19.6,3.0,4.0,25.0
2026-08-16 04:50:00,-16.6,-19.6,2.0,4.0,25.0
2026-08-16 04:49:00,-16.5,-19.4,2.0,4.0,24.0
2026-08-16 04:48:00,-16.4,-19.3,2.0,4.0,24.0
2026-08-16 04:47:00,-16.4,-19.2,1.0,4.0,25.0
2026-08-16 04:46:00,-16.3,-19.1,1.0,4.0,25.0
2026-08-16 04:45:00,-16.2,-19.0,1.0,4.0,25.0
2026-08-16 04:44:00,-16.2,-18.9,1.0,4.0,25.0
2026-08-16 04:43:00,-16.2,-18.9,0.0,4.0,24.0
2026-08-16 04:42:00,-16.4,-18.8,0.0,4.0,25.0
2026-08-16 04:41:00,-16.6,-18.8,0.0,4.0,24.0
2026-08-16 04:40:00,-16.7,-19.0,0.0,4.0,25.0
2026-08-16 04:39:00,-16.8,-19.1,0.0,4.0,25.0
2026-08-16 04:38:00,-16.9,-19.3,0.0,4.0,24.0
2026-08-16 04:37:00,-16.9,-19.5,1.0,4.0,24.0
2026-08-16 04:36:00,-16.9,-19.6,2.0,4.0,24.0
2026-08-16 04:35:00,-16.8,-19.7,3.0,4.0,24.0
2026-08-16 04:34:00,-16.7,-19.6,3.0,4.0,24.0
2026-08-16 04:33:00,-16.6,-19.6,3.0,4.0,24.0
2026-08-16 04:32:00,-16.5,-19.5,3.0,4.0,24.0
2026-08-16 04:31:00,-16.5,-19.4,3.0,4.0,24.0
2026-08-16 04:30:00,-16.4,-19.3,3.0,4.0,24.0
2026-08-16 04:29:00,-16.4,-19.2,2.0,4.0,24.0
2026-08-16 04:28:00,-16.3,-19.2,2.0,4.0,24.0
2026-08-16 04:27:00,-16.2,-19.1,2.0,4.0,24.0
2026-08-16 04:26:00,-16.1,-19.0,2.0,4.0,25.0
2026-08-16 04:25:00,-16.0,-18.9,2.0,4.0,24.0
2026-08-16 04:24:00,-15.9,-18.7,1.0,4.0,24.0
2026-08-16 04:23:00,-15.8,-18.6,1.0,4.0,25.0
2026-08-16 04:22:00,-15.7,-18.5,1.0,4.0,24.0
2026-08-16 04:21:00,-15.7,-18.4,0.0,4.0,25.0
2026-08-16 04:20:00,-15.8,-18.3,0.0,4.0,25.0
2026-08-16 04:19:00,-15.9,-18.3,0.0,3.0,25.0
2026-08-16 04:18:00,-16.1,-18.3,0.0,4.0,25.0
2026-08-16 04:17:00,-16.2,-18.5,0.0,4.0,25.0
2026-08-16 04:16:00,-16.3,-18.6,0.0,4.0,24.0
2026-08-16 04:15:00,-16.4,-18.8,0.0,4.0,24.0
2026-08-16 04:14:00,-16.4,-19.0,1.0,4.0,24.0
2026-08-16 04:13:00,-16.4,-19.1,2.0,4.0,24.0
2026-08-16 04:12:00,-16.2,-19.1,3.0,4.0,24.0
2026-08-16 04:11:00,-16.1,-19.1,3.0,4.0,24.0
2026-08-16 04:10:00,-16.1,-19.0,3.0,4.0,24.0
2026-08-16 04:09:00,-16.0,-18.9,3.0,4.0,24.0
2026-08-16 04:08:00,-15.9,-18.8,3.0,4.0,24.0
2026-08-16 04:07:00,-15.8,-18.7,2.0,4.0,24.0
2026-08-16 04:06:00,-15.7,-18.5,2.0,4.0,24.0
2026-08-16 04:05:00,-15.6,-18.5,2.0,4.0,24.0
2026-08-16 04:04:00,-15.4,-18.4,2.0,4.0,24.0
2026-08-16 04:03:00,-15.3,-18.2,2.0,4.0,24.0
2026-08-16 04:02:00,-15.3,-18.1,1.0,4.0,24.0
2026-08-16 04:01:00,-15.2,-18.0,1.0,4.0,24.0
2026-08-16 04:00:00,-15.0,-17.9,1.0,4.0,24.0
2026-08-16 03:59:00,-15.0,-17.7,1.0,4.0,24.0
2026-08-16 03:58:00,-14.9,-17.6,0.0,4.0,24.0
2026-08-16 03:57:00,-15.0,-17.5,0.0,4.0,24.0
2026-08-16 03:56:00,-15.1,-17.5,0.0,3.0,24.0
2026-08-16 03:55:00,-15.2,-17.5,0.0,3.0,24.0
2026-08-16 03:54:00,-15.3,-17.6,0.0,4.0,24.0
2026-08-16 03:53:00,-15.4,-17.7,0.0,4.0,24.0
2026-08-16 03:52:00,-15.4,-17.9,0.0,4.0,24.0
2026-08-16 03:51:00,-15.5,-18.0,0.0,4.0,24.0
2026-08-16 03:50:00,-15.4,-18.1,1.0,4.0,24.0
2026-08-16 03:49:00,-15.3,-18.2,3.0,4.0,24.0
2026-08-16 03:48:00,-15.1,-18.1,3.0,4.0,24.0
2026-08-16 03:47:00,-15.0,-18.0,3.0,4.0,24.0
2026-08-16 03:46:00,-14.9,-17.9,3.0,4.0,24.0
2026-08-16 03:45:00,-14.8,-17.7,3.0,4.0,24.0
2026-08-16 03:44:00,-14.7,-17.6,3.0,4.0,24.0
2026-08-16 03:43:00,-14.5,-17.5,2.0,4.0,24.0
2026-08-16 03:42:00,-14.4,-17.3,2.0,5.0,24.0
2026-08-16 03:41:00,-14.2,-17.2,2.0,4.0,24.0
2026-08-16 03:40:00,-14.1,-17.1,2.0,4.0,24.0
2026-08-16 03:39:00,-13.9,-16.9,1.0,4.0,24.0
2026-08-16 03:38:00,-13.7,-16.7,1.0,5.0,24.0
2026-08-16 03:37:00,-13.6,-16.5,1.0,4.0,24.0
2026-08-16 03:36:00,-13.4,-16.4,1.0,4.0,24.0
2026-08-16 03:35:00,-13.3,-16.2,0.0,4.0,24.0
2026-08-16 03:34:00,-13.2,-15.9,0.0,4.0,24.0
2026-08-16 03:33:00,-13.1,-15.8,0.0,4.0,24.0
2026-08-16 03:32:00,-13.1,-15.6,0.0,4.0,24.0
2026-08-16 03:31:00,-13.1,-15.5,0.0,3.0,24.0
2026-08-16 03:30:00,-13.1,-15.5,0.0,3.0,24.0
2026-08-16 03:29:00,-13.1,-15.5,0.0,3.0,24.0
2026-08-16 03:28:00,-13.1,-15.5,0.0,4.0,24.0
2026-08-16 03:27:00,-13.1,-15.4,0.0,4.0,24.0
2026-08-16 03:26:00,-13.0,-15.4,0.0,4.0,24.0
2026-08-16 03:25:00,-13.0,-15.4,0.0,4.0,24.0
2026-08-16 03:24:00,-13.0,-15.4,0.0,4.0,24.0
2026-08-16 03:23:00,-12.9,-15.4,0.0,4.0,24.0
2026-08-16 03:22:00,-12.9,-15.4,0.0,4.0,24.0
2026-08-16 03:21:00,-12.9,-15.3,0.0,4.0,24.0
2026-08-16 03:20:00,-12.8,-15.3,0.0,5.0,24.0
2026-08-16 03:19:00,-12.8,-15.3,0.0,5.0,24.0
2026-08-16 03:18:00,-12.7,-15.2,0.0,5.0,24.0
2026-08-16 03:17:00,-12.6,-15.2,1.0,5.0,24.0
2026-08-16 03:16:00,-12.6,-15.1,1.0,5.0,24.0
2026-08-16 03:15:00,-12.5,-15.1,1.0,5.0,24.0
2026-08-16 03:14:00,-12.4,-15.0,2.0,5.0,24.0
2026-08-16 03:13:00,-12.4,-14.9,3.0,5.0,24.0
2026-08-16 03:12:00,-12.3,-14.8,3.0,5.0,24.0
2026-08-16 03:11:00,-12.3,-14.7,4.0,4.0,24.0
2026-08-16 03:10:00,-12.3,-14.6,4.0,4.0,24.0
2026-08-16 03:09:00,-12.4,-14.5,5.0,4.0,24.0
2026-08-16 03:08:00,-12.7,-14.6,5.0,4.0,24.0
2026-08-16 03:07:00,-13.2,-14.8,7.0,4.0,24.0
2026-08-16 03:06:00,-13.7,-15.2,7.0,4.0,24.0
2026-08-16 03:05:00,-13.8,-15.3,7.0,4.0,24.0
2026-08-16 03:04:00,-13.9,-15.4,7.0,4.0,24.0
2026-08-16 03:03:00,-14.0,-15.4,7.0,4.0,24.0
2026-08-16 03:02:00,-14.0,-15.4,6.0,4.0,24.0
2026-08-16 03:01:00,-14.2,-15.5,6.0,4.0,24.0
2026-08-16 03:00:00,-14.2,-15.6,6.0,4.0,24.0
2026-08-16 02:59:00,-14.3,-15.6,6.0,4.0,24.0
2026-08-16 02:58:00,-14.4,-15.7,6.0,4.0,24.0
2026-08-16 02:57:00,-14.5,-15.7,6.0,4.0,24.0
2026-08-16 02:56:00,-14.5,-15.8,6.0,4.0,24.0
2026-08-16 02:55:00,-14.6,-15.8,6.0,4.0,24.0
2026-08-16 02:54:00,-14.7,-15.9,6.0,3.0,24.0
2026-08-16 02:53:00,-14.8,-15.9,6.0,3.0,24.0
2026-08-16 02:52:00,-14.9,-16.0,6.0,4.0,24.0
2026-08-16 02:51:00,-14.9,-16.1,6.0,4.0,24.0
2026-08-16 02:50:00,-15.0,-16.2,6.0,4.0,25.0
2026-08-16 02:49:00,-15.0,-16.3,6.0,4.0,25.0
2026-08-16 02:48:00,-15.1,-16.4,6.0,4.0,25.0
2026-08-16 02:47:00,-15.2,-16.4,6.0,4.0,26.0
2026-08-16 02:46:00,-15.3,-16.5,6.0,4.0,26.0
2026-08-16 02:45:00,-15.4,-16.6,6.0,4.0,26.0
2026-08-16 02:44:00,-15.4,-16.7,6.0,4.0,26.0
2026-08-16 02:43:00,-15.5,-16.8,7.0,4.0,27.0
2026-08-16 02:42:00,-15.6,-16.9,7.0,5.0,26.0
2026-08-16 02:41:00,-15.7,-17.0,7.0,5.0,27.0
2026-08-16 02:40:00,-15.9,-17.1,8.0,5.0,26.0
2026-08-16 02:39:00,-16.0,-17.3,7.0,4.0,26.0
2026-08-16 02:38:00,-16.1,-17.3,6.0,4.0,26.0
2026-08-16 02:37:00,-16.2,-17.4,6.0,4.0,25.0
2026-08-16 02:36:00,-16.3,-17.5,5.0,4.0,25.0
2026-08-16 02:35:00,-16.4,-17.6,5.0,4.0,24.0
2026-08-16 02:34:00,-16.5,-17.8,5.0,4.0,24.0
2026-08-16 02:33:00,-16.6,-17.9,5.0,4.0,24.0
2026-08-16 02:32:00,-16.8,-18.1,5.0,4.0,24.0
2026-08-16 02:31:00,-16.9,-18.2,5.0,4.0,24.0
2026-08-16 02:30:00,-17.1,-18.5,5.0,4.0,24.0
2026-08-16 02:29:00,-17.2,-18.7,5.0,4.0,24.0
2026-08-16 02:28:00,-17.3,-18.9,5.0,4.0,25.0
2026-08-16 02:27:00,-17.4,-19.2,4.0,4.0,24.0
2026-08-16 02:26:00,-17.5,-19.4,4.0,4.0,25.0
2026-08-16 02:25:00,-17.6,-19.7,4.0,4.0,25.0
2026-08-16 02:24:00,-17.7,-20.1,4.0,4.0,25.0
2026-08-16 02:23:00,-17.8,-20.4,4.0,4.0,25.0
2026-08-16 02:22:00,-17.8,-20.7,4.0,4.0,25.0
2026-08-16 02:21:00,-17.7,-20.7,4.0,4.0,25.0
2026-08-16 02:20:00,-17.6,-20.6,3.0,4.0,25.0
2026-08-16 02:19:00,-17.6,-20.5,3.0,4.0,25.0
2026-08-16 02:18:00,-17.5,-20.5,3.0,4.0,25.0
2026-08-16 02:17:00,-17.4,-20.4,3.0,4.0,25.0
2026-08-16 02:16:00,-17.4,-20.3,3.0,4.0,25.0
2026-08-16 02:15:00,-17.3,-20.2,3.0,4.0,25.0
2026-08-16 02:14:00,-17.2,-20.2,3.0,4.0,25.0
2026-08-16 02:13:00,-17.1,-20.1,2.0,4.0,25.0
2026-08-16 02:12:00,-17.0,-20.0,2.0,4.0,26.0
2026-08-16 02:11:00,-17.0,-19.9,2.0,4.0,26.0
2026-08-16 02:10:00,-16.9,-19.8,2.0,4.0,26.0
2026-08-16 02:09:00,-16.8,-19.7,2.0,4.0,26.0
2026-08-16 02:08:00,-16.7,-19.6,1.0,4.0,25.0
2026-08-16 02:07:00,-16.8,-19.5,1.0,4.0,25.0
2026-08-16 02:06:00,-16.8,-19.4,0.0,4.0,25.0
2026-08-16 02:05:00,-16.9,-19.4,0.0,4.0,25.0
2026-08-16 02:04:00,-17.1,-19.4,0.0,3.0,25.0
2026-08-16 02:03:00,-17.3,-19.6,0.0,3.0,25.0
2026-08-16 02:02:00,-17.4,-19.8,0.0,4.0,25.0
2026-08-16 02:01:00,-17.5,-19.9,0.0,4.0,25.0
2026-08-16 02:00:00,-17.6,-20.1,1.0,4.0,25.0
2026-08-16 01:59:00,-17.6,-20.3,1.0,4.0,25.0
2026-08-16 01:58:00,-17.6,-20.5,3.0,4.0,25.0
2026-08-16 01:57:00,-17.5,-20.5,4.0,4.0,25.0
2026-08-16 01:56:00,-17.4,-20.4,3.0,4.0,25.0
2026-08-16 01:55:00,-17.3,-20.3,3.0,4.0,25.0
2026-08-16 01:54:00,-17.3,-20.2,3.0,4.0,25.0
2026-08-16 01:53:00,-17.2,-20.2,3.0,4.0,25.0
2026-08-16 01:52:00,-17.1,-20.1,3.0,4.0,25.0
2026-08-16 01:51:00,-17.1,-20.0,3.0,4.0,25.0
2026-08-16 01:50:00,-17.0,-19.9,2.0,4.0,25.0
2026-08-16 01:49:00,-16.9,-19.8,2.0,4.0,25.0
2026-08-16 01:48:00,-16.8,-19.8,2.0,4.0,25.0
2026-08-16 01:47:00,-16.7,-19.6,2.0,4.0,25.0
2026-08-16 01:46:00,-16.7,-19.6,2.0,4.0,25.0
2026-08-16 01:45:00,-16.6,-19.5,1.0,4.0,25.0
2026-08-16 01:44:00,-16.5,-19.4,1.0,4.0,25.0
2026-08-16 01:43:00,-16.4,-19.3,1.0,4.0,25.0
2026-08-16 01:42:00,-16.4,-19.1,1.0,4.0,25.0
2026-08-16 01:41:00,-16.4,-19.1,0.0,4.0,25.0
2026-08-16 01:40:00,-16.5,-19.0,0.0,3.0,25.0
2026-08-16 01:39:00,-16.7,-19.0,0.0,3.0,25.0
2026-08-16 01:38:00,-16.9,-19.2,0.0,4.0,25.0
2026-08-16 01:37:00,-17.0,-19.3,0.0,4.0,25.0
2026-08-16 01:36:00,-17.1,-19.5,0.0,4.0,25.0
2026-08-16 01:35:00,-17.2,-19.7,0.0,4.0,25.0
2026-08-16 01:34:00,-17.3,-19.9,1.0,4.0,25.0
2026-08-16 01:33:00,-17.2,-20.0,2.0,4.0,25.0
2026-08-16 01:32:00,-17.2,-20.1,3.0,4.0,25.0
2026-08-16 01:31:00,-17.1,-20.0,3.0,4.0,25.0
2026-08-16 01:30:00,-17.0,-20.0,3.0,4.0,25.0
2026-08-16 01:29:00,-16.9,-19.9,3.0,4.0,25.0
2026-08-16 01:28:00,-16.9,-19.8,3.0,4.0,25.0
2026-08-16 01:27:00,-16.8,-19.7,3.0,4.0,25.0
2026-08-16 01:26:00,-16.7,-19.6,2.0,4.0,25.0
2026-08-16 01:25:00,-16.6,-19.5,2.0,4.0,25.0
2026-08-16 01:24:00,-16.5,-19.5,2.0,4.0,26.0
2026-08-16 01:23:00,-16.4,-19.4,2.0,4.0,26.0
2026-08-16 01:22:00,-16.3,-19.3,2.0,4.0,26.0
2026-08-16 01:21:00,-16.2,-19.1,1.0,4.0,26.0
2026-08-16 01:20:00,-16.2,-19.1,1.0,4.0,26.0
2026-08-16 01:19:00,-16.1,-18.9,1.0,4.0,26.0
2026-08-16 01:18:00,-16.1,-18.8,1.0,4.0,26.0
2026-08-16 01:17:00,-16.1,-18.7,0.0,4.0,27.0
2026-08-16 01:16:00,-16.2,-18.6,0.0,4.0,28.0
2026-08-16 01:15:00,-16.3,-18.6,0.0,3.0,28.0
2026-08-16 01:14:00,-16.4,-18.7,0.0,3.0,28.0
2026-08-16 01:13:00,-16.6,-18.8,0.0,3.0,28.0
2026-08-16 01:12:00,-16.7,-19.0,0.0,3.0,28.0
2026-08-16 01:11:00,-16.8,-19.2,0.0,3.0,28.0
2026-08-16 01:10:00,-16.9,-19.4,0.0,3.0,29.0
2026-08-16 01:09:00,-16.9,-19.6,0.0,3.0,28.0
2026-08-16 01:08:00,-16.8,-19.7,2.0,3.0,28.0
2026-08-16 01:07:00,-16.7,-19.7,2.0,3.0,28.0
2026-08-16 01:06:00,-16.6,-19.6,2.0,3.0,28.0
2026-08-16 01:05:00,-16.5,-19.5,2.0,3.0,28.0
2026-08-16 01:04:00,-16.5,-19.4,2.0,4.0,27.0
2026-08-16 01:03:00,-16.4,-19.3,1.0,4.0,27.0
2026-08-16 01:02:00,-16.4,-19.2,2.0,4.0,28.0
2026-08-16 01:01:00,-16.3,-19.1,2.0,4.0,27.0
2026-08-16 01:00:00,-16.3,-19.0,2.0,4.0,27.0
2026-08-16 00:59:00,-16.3,-18.9,2.0,4.0,27.0
2026-08-16 00:58:00,-16.4,-18.8,2.0,4.0,27.0
2026-08-16 00:57:00,-16.6,-18.8,0.0,4.0,26.0
2026-08-16 00:56:00,-16.7,-19.0,0.0,4.0,25.0
2026-08-16 00:55:00,-16.9,-19.2,0.0,4.0,25.0
2026-08-16 00:54:00,-17.0,-19.4,0.0,4.0,26.0
2026-08-16 00:53:00,-17.1,-19.6,0.0,4.0,26.0
2026-08-16 00:52:00,-17.2,-19.8,1.0,4.0,27.0
2026-08-16 00:51:00,-17.1,-19.9,3.0,4.0,28.0
2026-08-16 00:50:00,-17.0,-20.0,4.0,4.0,27.0
2026-08-16 00:49:00,-16.9,-19.9,4.0,4.0,26.0
2026-08-16 00:48:00,-16.9,-19.8,3.0,4.0,25.0
2026-08-16 00:47:00,-16.8,-19.7,3.0,4.0,25.0
2026-08-16 00:46:00,-16.7,-19.6,3.0,4.0,25.0
2026-08-16 00:45:00,-16.6,-19.6,3.0,4.0,25.0
2026-08-16 00:44:00,-16.6,-19.5,2.0,4.0,25.0
2026-08-16 00:43:00,-16.5,-19.4,2.0,4.0,25.0
2026-08-16 00:42:00,-16.4,-19.3,2.0,4.0,25.0
2026-08-16 00:41:00,-16.3,-19.2,1.0,4.0,25.0
2026-08-16 00:40:00,-16.3,-19.1,1.0,4.0,25.0
2026-08-16 00:39:00,-16.2,-19.0,1.0,4.0,25.0
2026-08-16 00:38:00,-16.2,-18.9,0.0,4.0,25.0
2026-08-16 00:37:00,-16.3,-18.8,0.0,4.0,25.0
2026-08-16 00:36:00,-16.5,-18.8,0.0,4.0,25.0
2026-08-16 00:35:00,-16.6,-19.0,0.0,4.0,26.0
2026-08-16 00:34:00,-16.7,-19.1,0.0,4.0,26.0
2026-08-16 00:33:00,-16.8,-19.3,0.0,4.0,26.0
2026-08-16 00:32:00,-16.9,-19.4,0.0,4.0,26.0
2026-08-16 00:31:00,-17.0,-19.6,1.0,4.0,26.0
2026-08-16 00:30:00,-16.9,-19.7,3.0,4.0,25.0
2026-08-16 00:29:00,-16.8,-19.7,3.0,4.0,25.0
2026-08-16 00:28:00,-16.7,-19.7,3.0,4.0,25.0
2026-08-16 00:27:00,-16.6,-19.6,3.0,4.0,25.0
2026-08-16 00:26:00,-16.6,-19.5,3.0,4.0,25.0
2026-08-16 00:25:00,-16.5,-19.4,3.0,4.0,25.0
2026-08-16 00:24:00,-16.4,-19.3,3.0,4.0,25.0
2026-08-16 00:23:00,-16.3,-19.3,2.0,4.0,25.0
2026-08-16 00:22:00,-16.2,-19.2,2.0,4.0,25.0
2026-08-16 00:21:00,-16.2,-19.1,2.0,4.0,25.0
2026-08-16 00:20:00,-16.1,-19.0,2.0,4.0,26.0
2026-08-16 00:19:00,-16.0,-18.8,2.0,4.0,25.0
2026-08-16 00:18:00,-15.9,-18.7,1.0,4.0,26.0
2026-08-16 00:17:00,-15.8,-18.6,1.0,4.0,26.0
2026-08-16 00:16:00,-15.8,-18.5,1.0,4.0,26.0
2026-08-16 00:15:00,-15.7,-18.4,0.0,4.0,26.0
2026-08-16 00:14:00,-15.8,-18.3,0.0,4.0,26.0
2026-08-16 00:13:00,-16.0,-18.3,0.0,3.0,26.0
2026-08-16 00:12:00,-16.2,-18.5,0.0,4.0,26.0
2026-08-16 00:11:00,-16.3,-18.6,0.0,4.0,26.0
2026-08-16 00:10:00,-16.4,-18.8,0.0,4.0,26.0
2026-08-16 00:09:00,-16.4,-18.9,0.0,4.0,25.0
2026-08-16 00:08:00,-16.5,-19.1,1.0,4.0,25.0
2026-08-16 00:07:00,-16.4,-19.2,3.0,4.0,26.0
2026-08-16 00:06:00,-16.3,-19.2,3.0,4.0,25.0
2026-08-16 00:05:00,-16.2,-19.1,3.0,4.0,25.0
2026-08-16 00:04:00,-16.1,-19.0,3.0,4.0,25.0
2026-08-16 00:03:00,-16.0,-19.0,3.0,4.0,25.0
2026-08-16 00:02:00,-15.9,-18.9,3.0,4.0,26.0
2026-08-16 00:01:00,-15.8,-18.7,3.0,4.0,25.0
2026-08-16 00:00:00,-15.8,-18.6,2.0,4.0,25.0
2026-08-15 23:59:00,-15.6,-18.6,2.0,4.0,25.0
2026-08-15 23:58:00,-15.5,-18.4,2.0,4.0,25.0
2026-08-15 23:57:00,-15.4,-18.3,2.0,4.0,25.0
2026-08-15 23:56:00,-15.3,-18.2,2.0,4.0,26.0
2026-08-15 23:55:00,-15.2,-18.1,1.0,4.0,26.0
2026-08-15 23:54:00,-15.1,-18.0,1.0,4.0,26.0
2026-08-15 23:53:00,-15.0,-17.8,1.0,4.0,25.0
2026-08-15 23:52:00,-14.9,-17.7,0.0,4.0,25.0
2026-08-15 23:51:00,-14.9,-17.6,0.0,4.0,25.0
2026-08-15 23:50:00,-15.0,-17.5,0.0,4.0,25.0
2026-08-15 23:49:00,-15.2,-17.4,0.0,3.0,25.0
2026-08-15 23:48:00,-15.3,-17.5,0.0,3.0,25.0
2026-08-15 23:47:00,-15.4,-17.7,0.0,4.0,25.0
2026-08-15 23:46:00,-15.4,-17.8,0.0,4.0,25.0
2026-08-15 23:45:00,-15.5,-17.9,0.0,4.0,25.0
2026-08-15 23:44:00,-15.5,-18.0,0.0,4.0,25.0
2026-08-15 23:43:00,-15.5,-18.2,1.0,4.0,25.0
2026-08-15 23:42:00,-15.3,-18.2,3.0,4.0,25.0
2026-08-15 23:41:00,-15.2,-18.2,3.0,4.0,25.0
2026-08-15 23:40:00,-15.1,-18.1,3.0,4.0,25.0
2026-08-15 23:39:00,-15.0,-17.9,3.0,4.0,25.0
2026-08-15 23:38:00,-14.8,-17.8,3.0,4.0,25.0
2026-08-15 23:37:00,-14.7,-17.7,3.0,4.0,25.0
2026-08-15 23:36:00,-14.5,-17.5,2.0,4.0,25.0
2026-08-15 23:35:00,-14.4,-17.4,2.0,4.0,25.0
2026-08-15 23:34:00,-14.2,-17.3,2.0,4.0,25.0
2026-08-15 23:33:00,-14.1,-17.1,2.0,4.0,25.0
2026-08-15 23:32:00,-13.9,-16.9,2.0,4.0,25.0
2026-08-15 23:31:00,-13.7,-16.7,1.0,4.0,25.0
2026-08-15 23:30:00,-13.6,-16.6,1.0,4.0,25.0
2026-08-15 23:29:00,-13.4,-16.4,1.0,4.0,25.0
2026-08-15 23:28:00,-13.3,-16.2,0.0,4.0,25.0
2026-08-15 23:27:00,-13.1,-16.0,0.0,4.0,25.0
2026-08-15 23:26:00,-13.1,-15.8,0.0,4.0,25.0
2026-08-15 23:25:00,-13.1,-15.6,0.0,4.0,25.0
2026-08-15 23:24:00,-13.2,-15.6,0.0,4.0,25.0
2026-08-15 23:23:00,-13.2,-15.6,0.0,4.0,25.0
2026-08-15 23:22:00,-13.1,-15.5,0.0,4.0,25.0
2026-08-15 23:21:00,-13.1,-15.5,0.0,4.0,25.0
2026-08-15 23:20:00,-13.0,-15.5,0.0,4.0,25.0
2026-08-15 23:19:00,-13.0,-15.5,0.0,4.0,25.0
2026-08-15 23:18:00,-13.0,-15.5,0.0,4.0,25.0
2026-08-15 23:17:00,-12.9,-15.5,0.0,4.0,25.0
2026-08-15 23:16:00,-12.9,-15.5,0.0,4.0,25.0
2026-08-15 23:15:00,-12.8,-15.4,0.0,4.0,25.0
2026-08-15 23:14:00,-12.8,-15.4,0.0,4.0,25.0
2026-08-15 23:13:00,-12.7,-15.4,1.0,5.0,25.0
2026-08-15 23:12:00,-12.6,-15.3,1.0,5.0,25.0
2026-08-15 23:11:00,-12.6,-15.2,1.0,5.0,25.0
2026-08-15 23:10:00,-12.5,-15.2,2.0,5.0,25.0
2026-08-15 23:09:00,-12.4,-15.0,2.0,5.0,24.0
2026-08-15 23:08:00,-12.4,-14.9,3.0,5.0,24.0
2026-08-15 23:07:00,-12.3,-14.7,4.0,5.0,24.0
2026-08-15 23:06:00,-12.3,-14.6,4.0,5.0,24.0
2026-08-15 23:05:00,-12.4,-14.5,5.0,5.0,24.0
2026-08-15 23:04:00,-12.7,-14.6,6.0,5.0,24.0
2026-08-15 23:03:00,-13.3,-14.9,8.0,5.0,24.0
2026-08-15 23:02:00,-13.6,-15.2,8.0,5.0,24.0
2026-08-15 23:01:00,-13.7,-15.3,8.0,5.0,24.0
2026-08-15 23:00:00,-13.8,-15.3,8.0,5.0,24.0
2026-08-15 22:59:00,-13.8,-15.4,8.0,5.0,24.0
2026-08-15 22:58:00,-13.9,-15.4,8.0,5.0,24.0
2026-08-15 22:57:00,-14.0,-15.4,8.0,5.0,24.0
2026-08-15 22:56:00,-14.2,-15.5,8.0,5.0,24.0
2026-08-15 22:55:00,-14.3,-15.5,7.0,5.0,24.0
2026-08-15 22:54:00,-14.4,-15.6,7.0,5.0,24.0
2026-08-15 22:53:00,-14.4,-15.6,7.0,5.0,24.0
2026-08-15 22:52:00,-14.5,-15.7,7.0,5.0,24.0
2026-08-15 22:51:00,-14.6,-15.8,7.0,5.0,24.0
2026-08-15 22:50:00,-14.6,-15.9,7.0,5.0,24.0
2026-08-15 22:49:00,-14.7,-15.9,7.0,5.0,24.0
2026-08-15 22:48:00,-14.7,-16.0,7.0,5.0,24.0
2026-08-15 22:47:00,-14.8,-16.1,7.0,5.0,24.0
2026-08-15 22:46:00,-15.0,-16.1,7.0,5.0,25.0
2026-08-15 22:45:00,-15.0,-16.2,7.0,4.0,25.0
2026-08-15 22:44:00,-15.1,-16.3,7.0,5.0,25.0
2026-08-15 22:43:00,-15.2,-16.4,7.0,5.0,25.0
2026-08-15 22:42:00,-15.2,-16.5,7.0,4.0,25.0
2026-08-15 22:41:00,-15.3,-16.5,6.0,4.0,25.0
2026-08-15 22:40:00,-15.4,-16.6,6.0,4.0,25.0
2026-08-15 22:39:00,-15.5,-16.7,6.0,4.0,25.0
2026-08-15 22:38:00,-15.6,-16.8,6.0,4.0,25.0
2026-08-15 22:37:00,-15.7,-16.9,6.0,4.0,25.0
2026-08-15 22:36:00,-15.7,-17.0,6.0,5.0,25.0
2026-08-15 22:35:00,-15.9,-17.1,6.0,4.0,25.0
2026-08-15 22:34:00,-15.9,-17.2,6.0,4.0,25.0
2026-08-15 22:33:00,-16.0,-17.3,6.0,4.0,25.0
2026-08-15 22:32:00,-16.1,-17.4,6.0,4.0,25.0
2026-08-15 22:31:00,-16.3,-17.5,5.0,4.0,25.0
2026-08-15 22:30:00,-16.4,-17.7,5.0,4.0,25.0
2026-08-15 22:29:00,-16.5,-17.8,5.0,4.0,25.0
2026-08-15 22:28:00,-16.6,-17.9,5.0,4.0,25.0
2026-08-15 22:27:00,-16.7,-18.1,5.0,4.0,25.0
2026-08-15 22:26:00,-16.9,-18.2,5.0,4.0,25.0
2026-08-15 22:25:00,-16.9,-18.4,5.0,4.0,26.0
2026-08-15 22:24:00,-17.1,-18.6,5.0,4.0,26.0
2026-08-15 22:23:00,-17.2,-18.9,5.0,4.0,26.0
2026-08-15 22:22:00,-17.4,-19.1,4.0,4.0,26.0
2026-08-15 22:21:00,-17.5,-19.4,4.0,4.0,26.0
2026-08-15 22:20:00,-17.6,-19.7,4.0,4.0,26.0
2026-08-15 22:19:00,-17.7,-20.0,4.0,4.0,26.0
2026-08-15 22:18:00,-17.8,-20.3,4.0,4.0,26.0
2026-08-15 22:17:00,-17.7,-20.7,4.0,4.0,26.0
2026-08-15 22:16:00,-17.6,-20.6,4.0,4.0,26.0
2026-08-15 22:15:00,-17.6,-20.6,3.0,4.0,26.0
2026-08-15 22:14:00,-17.5,-20.5,3.0,4.0,26.0
2026-08-15 22:13:00,-17.5,-20.4,3.0,4.0,26.0
2026-08-15 22:12:00,-17.4,-20.4,3.0,4.0,26.0
2026-08-15 22:11:00,-17.3,-20.3,3.0,4.0,26.0
2026-08-15 22:10:00,-17.2,-20.2,3.0,4.0,26.0
2026-08-15 22:09:00,-17.2,-20.2,3.0,4.0,26.0
2026-08-15 22:08:00,-17.1,-20.1,2.0,4.0,26.0
2026-08-15 22:07:00,-17.0,-20.0,2.0,4.0,26.0
2026-08-15 22:06:00,-16.9,-19.9,2.0,4.0,26.0
2026-08-15 22:05:00,-16.8,-19.8,2.0,4.0,26.0
2026-08-15 22:04:00,-16.8,-19.7,1.0,4.0,26.0
2026-08-15 22:03:00,-16.7,-19.6,1.0,4.0,26.0
2026-08-15 22:02:00,-16.6,-19.5,1.0,4.0,26.0
2026-08-15 22:01:00,-16.5,-19.4,1.0,4.0,26.0
2026-08-15 22:00:00,-16.5,-19.3,0.0,4.0,26.0
2026-08-15 21:59:00,-16.6,-19.2,0.0,4.0,26.0
2026-08-15 21:58:00,-16.8,-19.1,0.0,3.0,26.0
2026-08-15 21:57:00,-17.0,-19.2,0.0,4.0,26.0
2026-08-15 21:56:00,-17.1,-19.4,0.0,4.0,26.0
2026-08-15 21:55:00,-17.2,-19.6,0.0,4.0,26.0
2026-08-15 21:54:00,-17.4,-19.8,0.0,4.0,26.0
2026-08-15 21:53:00,-17.5,-19.9,0.0,4.0,26.0
2026-08-15 21:52:00,-17.5,-20.1,1.0,4.0,26.0
2026-08-15 21:51:00,-17.6,-20.3,2.0,4.0,26.0
2026-08-15 21:50:00,-17.5,-20.4,4.0,4.0,26.0
2026-08-15 21:49:00,-17.4,-20.4,4.0,5.0,26.0
2026-08-15 21:48:00,-17.3,-20.3,3.0,4.0,26.0
2026-08-15 21:47:00,-17.3,-20.3,3.0,4.0,26.0
2026-08-15 21:46:00,-17.3,-20.2,3.0,4.0,26.0
2026-08-15 21:45:00,-17.2,-20.1,3.0,4.0,26.0
2026-08-15 21:44:00,-17.1,-20.0,3.0,4.0,26.0
2026-08-15 21:43:00,-17.0,-20.0,3.0,4.0,26.0
2026-08-15 21:42:00,-16.9,-19.9,3.0,4.0,26.0
2026-08-15 21:41:00,-16.8,-19.8,2.0,4.0,26.0
2026-08-15 21:40:00,-16.7,-19.7,2.0,4.0,26.0
2026-08-15 21:39:00,-16.6,-19.6,2.0,4.0,26.0
2026-08-15 21:38:00,-16.5,-19.5,2.0,4.0,26.0
2026-08-15 21:37:00,-16.4,-19.4,1.0,4.0,26.0
2026-08-15 21:36:00,-16.4,-19.3,1.0,4.0,26.0
2026-08-15 21:35:00,-16.3,-19.2,1.0,4.0,26.0
2026-08-15 21:34:00,-16.3,-19.1,1.0,4.0,26.0
2026-08-15 21:33:00,-16.2,-18.9,0.0,4.0,26.0
2026-08-15 21:32:00,-16.3,-18.8,0.0,4.0,27.0
2026-08-15 21:31:00,-16.4,-18.8,0.0,3.0,27.0
2026-08-15 21:30:00,-16.6,-18.8,0.0,4.0,27.0
2026-08-15 21:29:00,-16.7,-19.0,0.0,3.0,27.0
2026-08-15 21:28:00,-16.9,-19.1,0.0,4.0,27.0
2026-08-15 21:27:00,-17.0,-19.3,0.0,3.0,27.0
2026-08-15 21:26:00,-17.2,-19.5,0.0,3.0,27.0
2026-08-15 21:25:00,-17.4,-19.7,0.0,3.0,27.0
2026-08-15 21:24:00,-17.5,-20.0,1.0,4.0,27.0
2026-08-15 21:23:00,-17.5,-20.2,3.0,4.0,27.0
2026-08-15 21:22:00,-17.4,-20.3,3.0,4.0,26.0
2026-08-15 21:21:00,-17.3,-20.3,3.0,4.0,26.0
2026-08-15 21:20:00,-17.2,-20.2,2.0,4.0,26.0
2026-08-15 21:19:00,-17.2,-20.1,2.0,4.0,26.0
2026-08-15 21:18:00,-17.1,-20.0,2.0,4.0,26.0
2026-08-15 21:17:00,-17.0,-20.0,2.0,4.0,26.0
2026-08-15 21:16:00,-16.9,-19.9,2.0,4.0,26.0
2026-08-15 21:15:00,-16.8,-19.8,2.0,4.0,26.0
2026-08-15 21:14:00,-16.8,-19.7,2.0,4.0,26.0
2026-08-15 21:13:00,-16.7,-19.6,2.0,4.0,26.0
2026-08-15 21:12:00,-16.6,-19.5,2.0,4.0,27.0
2026-08-15 21:11:00,-16.6,-19.4,2.0,4.0,27.0
2026-08-15 21:10:00,-16.6,-19.3,2.0,4.0,27.0
2026-08-15 21:09:00,-16.5,-19.2,0.0,4.0,26.0
2026-08-15 21:08:00,-16.6,-19.1,0.0,4.0,26.0
2026-08-15 21:07:00,-16.7,-19.1,0.0,4.0,26.0
2026-08-15 21:06:00,-16.9,-19.2,0.0,4.0,26.0
2026-08-15 21:05:00,-17.1,-19.4,0.0,3.0,26.0
2026-08-15 21:04:00,-17.2,-19.6,0.0,3.0,26.0
2026-08-15 21:03:00,-17.4,-19.8,0.0,3.0,26.0
2026-08-15 21:02:00,-17.4,-20.0,0.0,3.0,26.0
2026-08-15 21:01:00,-17.5,-20.2,0.0,3.0,27.0
2026-08-15 21:00:00,-17.4,-20.3,2.0,3.0,27.0
2026-08-15 20:59:00,-17.3,-20.3,2.0,3.0,27.0
2026-08-15 20:58:00,-17.2,-20.2,2.0,3.0,27.0
2026-08-15 20:57:00,-17.2,-20.1,2.0,4.0,27.0
2026-08-15 20:56:00,-17.1,-20.0,2.0,4.0,27.0
2026-08-15 20:55:00,-17.0,-19.9,2.0,4.0,27.0
2026-08-15 20:54:00,-16.9,-19.8,2.0,4.0,27.0
2026-08-15 20:53:00,-16.9,-19.7,2.0,4.0,27.0
2026-08-15 20:52:00,-16.8,-19.7,2.0,4.0,28.0
2026-08-15 20:51:00,-16.7,-19.6,2.0,4.0,27.0
2026-08-15 20:50:00,-16.7,-19.4,2.0,5.0,27.0
2026-08-15 20:49:00,-16.8,-19.4,2.0,4.0,27.0
2026-08-15 20:48:00,-16.9,-19.4,0.0,4.0,27.0
2026-08-15 20:47:00,-17.1,-19.4,0.0,4.0,27.0
2026-08-15 20:46:00,-17.3,-19.6,0.0,4.0,27.0
2026-08-15 20:45:00,-17.4,-19.8,0.0,4.0,27.0
2026-08-15 20:44:00,-17.6,-20.0,0.0,4.0,28.0
2026-08-15 20:43:00,-17.6,-20.2,1.0,4.0,27.0
2026-08-15 20:42:00,-17.7,-20.3,1.0,4.0,26.0
2026-08-15 20:41:00,-17.6,-20.5,3.0,4.0,26.0
2026-08-15 20:40:00,-17.5,-20.5,4.0,4.0,26.0
2026-08-15 20:39:00,-17.4,-20.4,4.0,4.0,26.0
2026-08-15 20:38:00,-17.4,-20.4,3.0,4.0,26.0
2026-08-15 20:37:00,-17.3,-20.3,3.0,4.0,26.0
2026-08-15 20:36:00,-17.2,-20.2,3.0,4.0,26.0
2026-08-15 20:35:00,-17.2,-20.2,3.0,4.0,27.0
2026-08-15 20:34:00,-17.1,-20.1,3.0,4.0,27.0
2026-08-15 20:33:00,-17.0,-20.0,3.0,4.0,26.0
2026-08-15 20:32:00,-17.0,-19.9,3.0,4.0,26.0
2026-08-15 20:31:00,-16.9,-19.8,2.0,4.0,26.0
2026-08-15 20:30:00,-16.8,-19.7,2.0,4.0,27.0
2026-08-15 20:29:00,-16.7,-19.6,2.0,4.0,26.0
2026-08-15 20:28:00,-16.6,-19.5,1.0,4.0,26.0
2026-08-15 20:27:00,-16.5,-19.4,1.0,4.0,26.0
2026-08-15 20:26:00,-16.5,-19.3,1.0,4.0,26.0
2026-08-15 20:25:00,-16.6,-19.2,0.0,4.0,25.0
2026-08-15 20:24:00,-16.7,-19.2,0.0,4.0,25.0
2026-08-15 20:23:00,-16.8,-19.2,0.0,4.0,25.0
2026-08-15 20:22:00,-17.0,-19.3,0.0,4.0,25.0
2026-08-15 20:21:00,-17.1,-19.5,0.0,4.0,25.0
2026-08-15 20:20:00,-17.3,-19.7,0.0,4.0,25.0
2026-08-15 20:19:00,-17.4,-19.9,0.0,4.0,25.0
2026-08-15 20:18:00,-17.4,-20.1,1.0,4.0,25.0
2026-08-15 20:17:00,-17.4,-20.2,3.0,4.0,25.0
2026-08-15 20:16:00,-17.3,-20.3,4.0,4.0,25.0
2026-08-15 20:15:00,-17.2,-20.2,3.0,4.0,25.0
2026-08-15 20:14:00,-17.2,-20.1,3.0,4.0,25.0
2026-08-15 20:13:00,-17.1,-20.0,3.0,4.0,25.0
2026-08-15 20:12:00,-17.0,-20.0,3.0,4.0,25.0
2026-08-15 20:11:00,-16.9,-19.9,3.0,4.0,26.0
2026-08-15 20:10:00,-16.9,-19.8,3.0,5.0,26.0
2026-08-15 20:09:00,-16.8,-19.7,3.0,4.0,25.0
2026-08-15 20:08:00,-16.7,-19.6,2.0,4.0,25.0
2026-08-15 20:07:00,-16.6,-19.5,2.0,4.0,25.0
2026-08-15 20:06:00,-16.5,-19.4,2.0,4.0,25.0
2026-08-15 20:05:00,-16.4,-19.3,2.0,4.0,25.0
2026-08-15 20:04:00,-16.3,-19.2,2.0,4.0,25.0
2026-08-15 20:03:00,-16.3,-19.1,1.0,4.0,25.0
2026-08-15 20:02:00,-16.2,-19.0,1.0,4.0,25.0
2026-08-15 20:01:00,-16.3,-18.9,0.0,4.0,25.0
2026-08-15 20:00:00,-16.4,-18.9,0.0,4.0,25.0
2026-08-15 19:59:00,-16.6,-18.9,0.0,4.0,25.0
2026-08-15 19:58:00,-16.7,-19.1,0.0,4.0,25.0
2026-08-15 19:57:00,-16.9,-19.2,0.0,4.0,25.0
2026-08-15 19:56:00,-17.0,-19.5,0.0,4.0,25.0
2026-08-15 19:55:00,-17.1,-19.6,1.0,4.0,25.0
2026-08-15 19:54:00,-17.1,-19.8,2.0,4.0,25.0
2026-08-15 19:53:00,-17.0,-19.9,3.0,4.0,25.0
2026-08-15 19:52:00,-16.9,-19.9,4.0,4.0,25.0
2026-08-15 19:51:00,-16.8,-19.8,3.0,4.0,25.0
2026-08-15 19:50:00,-16.8,-19.7,3.0,4.0,25.0
2026-08-15 19:49:00,-16.7,-19.6,3.0,4.0,25.0
2026-08-15 19:48:00,-16.6,-19.6,3.0,4.0,25.0
2026-08-15 19:47:00,-16.6,-19.5,3.0,5.0,25.0
2026-08-15 19:46:00,-16.5,-19.4,3.0,4.0,25.0
2026-08-15 19:45:00,-16.4,-19.3,3.0,4.0,25.0
2026-08-15 19:44:00,-16.3,-19.2,2.0,4.0,25.0
2026-08-15 19:43:00,-16.2,-19.1,2.0,4.0,25.0
2026-08-15 19:42:00,-16.1,-19.0,2.0,4.0,25.0
2026-08-15 19:41:00,-16.0,-18.9,2.0,4.0,25.0
2026-08-15 19:40:00,-15.9,-18.8,1.0,4.0,25.0
2026-08-15 19:39:00,-15.9,-18.7,1.0,4.0,25.0
2026-08-15 19:38:00,-16.0,-18.6,0.0,4.0,25.0
2026-08-15 19:37:00,-16.1,-18.5,0.0,4.0,25.0
2026-08-15 19:36:00,-16.2,-18.5,0.0,4.0,25.0
2026-08-15 19:35:00,-16.4,-18.7,0.0,4.0,25.0
2026-08-15 19:34:00,-16.5,-18.9,0.0,4.0,25.0
2026-08-15 19:33:00,-16.5,-19.0,0.0,4.0,25.0
2026-08-15 19:32:00,-16.6,-19.2,1.0,4.0,25.0
2026-08-15 19:31:00,-16.6,-19.3,2.0,4.0,25.0
2026-08-15 19:30:00,-16.5,-19.4,4.0,4.0,25.0
2026-08-15 19:29:00,-16.4,-19.4,4.0,4.0,25.0
2026-08-15 19:28:00,-16.3,-19.3,3.0,4.0,25.0
2026-08-15 19:27:00,-16.2,-19.2,3.0,4.0,25.0
2026-08-15 19:26:00,-16.1,-19.1,3.0,4.0,25.0
2026-08-15 19:25:00,-16.0,-19.0,3.0,4.0,25.0
2026-08-15 19:24:00,-16.0,-18.9,3.0,4.0,24.0
2026-08-15 19:23:00,-15.9,-18.8,3.0,5.0,24.0
2026-08-15 19:22:00,-15.8,-18.7,3.0,4.0,24.0
2026-08-15 19:21:00,-15.6,-18.6,2.0,4.0,24.0
2026-08-15 19:20:00,-15.5,-18.5,2.0,4.0,25.0
2026-08-15 19:19:00,-15.4,-18.3,2.0,4.0,25.0
2026-08-15 19:18:00,-15.3,-18.2,2.0,4.0,25.0
2026-08-15 19:17:00,-15.2,-18.1,1.0,4.0,25.0
2026-08-15 19:16:00,-15.2,-18.0,1.0,5.0,24.0
2026-08-15 19:15:00,-15.2,-17.9,0.0,4.0,24.0
2026-08-15 19:14:00,-15.3,-17.8,0.0,4.0,25.0
2026-08-15 19:13:00,-15.5,-17.7,0.0,4.0,24.0
2026-08-15 19:12:00,-15.6,-17.9,0.0,4.0,24.0
2026-08-15 19:11:00,-15.6,-18.0,0.0,4.0,24.0
2026-08-15 19:10:00,-15.7,-18.1,0.0,4.0,24.0
2026-08-15 19:09:00,-15.7,-18.3,1.0,4.0,24.0
2026-08-15 19:08:00,-15.6,-18.4,2.0,4.0,24.0
2026-08-15 19:07:00,-15.5,-18.5,3.0,4.0,24.0
2026-08-15 19:06:00,-15.4,-18.4,3.0,4.0,24.0
2026-08-15 19:05:00,-15.2,-18.3,3.0,4.0,24.0
2026-08-15 19:04:00,-15.1,-18.1,3.0,5.0,24.0
2026-08-15 19:03:00,-15.0,-18.0,3.0,4.0,24.0
2026-08-15 19:02:00,-14.8,-17.9,3.0,5.0,24.0
2026-08-15 19:01:00,-14.7,-17.7,3.0,4.0,24.0
2026-08-15 19:00:00,-14.6,-17.6,2.0,4.0,24.0
2026-08-15 18:59:00,-14.4,-17.5,2.0,4.0,24.0
2026-08-15 18:58:00,-14.2,-17.3,2.0,4.0,24.0
2026-08-15 18:57:00,-14.1,-17.2,2.0,4.0,24.0
2026-08-15 18:56:00,-13.9,-16.9,1.0,4.0,25.0
2026-08-15 18:55:00,-13.7,-16.8,1.0,4.0,25.0
2026-08-15 18:54:00,-13.6,-16.6,1.0,4.0,24.0
2026-08-15 18:53:00,-13.4,-16.4,1.0,4.0,25.0
2026-08-15 18:52:00,-13.3,-16.2,0.0,4.0,25.0
2026-08-15 18:51:00,-13.2,-16.0,0.0,4.0,25.0
2026-08-15 18:50:00,-13.2,-15.8,0.0,4.0,25.0
2026-08-15 18:49:00,-13.3,-15.7,0.0,4.0,25.0
2026-08-15 18:48:00,-13.2,-15.7,0.0,4.0,24.0
2026-08-15 18:47:00,-13.2,-15.7,0.0,4.0,25.0
2026-08-15 18:46:00,-13.1,-15.7,0.0,4.0,25.0
2026-08-15 18:45:00,-13.1,-15.7,0.0,4.0,25.0
2026-08-15 18:44:00,-13.1,-15.6,0.0,4.0,25.0
2026-08-15 18:43:00,-13.0,-15.6,0.0,4.0,25.0
2026-08-15 18:42:00,-13.0,-15.6,0.0,4.0,25.0
2026-08-15 18:41:00,-13.0,-15.6,0.0,4.0,25.0
2026-08-15 18:40:00,-12.9,-15.5,0.0,5.0,25.0
2026-08-15 18:39:00,-12.9,-15.5,1.0,5.0,25.0
2026-08-15 18:38:00,-12.8,-15.4,1.0,5.0,24.0
2026-08-15 18:37:00,-12.7,-15.4,1.0,5.0,24.0
2026-08-15 18:36:00,-12.6,-15.3,2.0,5.0,24.0
2026-08-15 18:35:00,-12.5,-15.2,2.0,5.0,25.0
2026-08-15 18:34:00,-12.5,-15.0,3.0,5.0,24.0
2026-08-15 18:33:00,-12.5,-14.9,4.0,5.0,24.0
2026-08-15 18:32:00,-12.5,-14.8,5.0,5.0,24.0
2026-08-15 18:31:00,-12.7,-14.7,5.0,5.0,24.0
2026-08-15 18:30:00,-13.1,-14.9,7.0,5.0,24.0
2026-08-15 18:29:00,-13.7,-15.4,8.0,5.0,24.0
2026-08-15 18:28:00,-13.8,-15.4,8.0,5.0,24.0
2026-08-15 18:27:49,-13.9,-15.4,8.0,5.0,24.0
2026-08-15 18:26:49,-14.0,-15.5,8.0,5.0,24.0
2026-08-15 18:25:49,-14.1,-15.5,8.0,5.0,24.0
2026-08-15 18:24:49,-14.2,-15.6,8.0,5.0,24.0
2026-08-15 18:23:49,-14.3,-15.7,8.0,5.0,24.0
2026-08-15 18:22:49,-14.4,-15.7,7.0,5.0,24.0
2026-08-15 18:21:49,-14.5,-15.8,7.0,5.0,24.0
2026-08-15 18:20:49,-14.6,-15.8,7.0,5.0,24.0
2026-08-15 18:19:49,-14.7,-15.9,7.0,5.0,24.0
2026-08-15 18:18:49,-14.8,-15.9,7.0,5.0,24.0
2026-08-15 18:17:49,-14.8,-16.0,7.0,5.0,25.0
2026-08-15 18:16:49,-15.0,-16.0,7.0,5.0,25.0
2026-08-15 18:15:49,-15.1,-16.1,7.0,5.0,24.0
2026-08-15 18:14:49,-15.2,-16.1,7.0,5.0,24.0
2026-08-15 18:13:49,-15.3,-16.2,7.0,5.0,24.0
2026-08-15 18:12:49,-15.3,-16.3,7.0,5.0,25.0
2026-08-15 18:11:49,-15.4,-16.4,7.0,5.0,25.0
2026-08-15 18:10:49,-15.5,-16.4,7.0,4.0,25.0
2026-08-15 18:09:49,-15.5,-16.5,7.0,4.0,25.0
2026-08-15 18:08:49,-15.6,-16.6,7.0,5.0,25.0
2026-08-15 18:07:49,-15.6,-16.7,6.0,4.0,25.0
2026-08-15 18:06:49,-15.7,-16.8,6.0,4.0,25.0
2026-08-15 18:05:49,-15.8,-16.9,6.0,4.0,25.0
2026-08-15 18:04:49,-15.8,-17.0,6.0,4.0,25.0
2026-08-15 18:03:49,-15.9,-17.1,6.0,4.0,25.0
2026-08-15 18:02:49,-16.0,-17.1,6.0,4.0,25.0
2026-08-15 18:01:49,-16.1,-17.2,6.0,4.0,25.0
2026-08-15 18:00:49,-16.2,-17.3,6.0,4.0,25.0
2026-08-15 17:59:49,-16.2,-17.4,6.0,4.0,25.0
2026-08-15 17:58:49,-16.3,-17.6,6.0,4.0,25.0
2026-08-15 17:57:49,-16.5,-17.7,6.0,4.0,25.0
2026-08-15 17:56:49,-16.6,-17.8,5.0,4.0,25.0
2026-08-15 17:55:49,-16.7,-17.9,5.0,4.0,25.0
2026-08-15 17:54:49,-16.8,-18.0,5.0,5.0,25.0
2026-08-15 17:53:49,-16.9,-18.2,5.0,4.0,25.0
2026-08-15 17:52:49,-17.0,-18.4,5.0,4.0,25.0
2026-08-15 17:51:49,-17.2,-18.6,5.0,4.0,25.0
2026-08-15 17:50:49,-17.3,-18.8,5.0,4.0,25.0
2026-08-15 17:49:49,-17.4,-19.0,5.0,4.0,25.0
2026-08-15 17:48:49,-17.5,-19.3,4.0,4.0,25.0
2026-08-15 17:47:49,-17.6,-19.5,4.0,4.0,25.0
2026-08-15 17:46:49,-17.8,-19.8,4.0,4.0,25.0
2026-08-15 17:45:49,-17.8,-20.2,4.0,4.0,25.0
2026-08-15 17:44:49,-18.0,-20.5,4.0,4.0,26.0
2026-08-15 17:43:49,-17.9,-20.8,4.0,5.0,26.0
2026-08-15 17:42:49,-17.8,-20.8,4.0,4.0,26.0
2026-08-15 17:41:49,-17.7,-20.8,3.0,4.0,25.0
2026-08-15 17:40:49,-17.7,-20.7,3.0,4.0,25.0
2026-08-15 17:39:49,-17.6,-20.6,3.0,4.0,25.0
2026-08-15 17:38:49,-17.6,-20.6,3.0,4.0,25.0
2026-08-15 17:37:49,-17.5,-20.5,3.0,4.0,25.0
2026-08-15 17:36:49,-17.4,-20.4,3.0,4.0,25.0
2026-08-15 17:35:49,-17.4,-20.3,3.0,4.0,25.0
2026-08-15 17:34:49,-17.3,-20.3,2.0,4.0,25.0
2026-08-15 17:33:49,-17.2,-20.2,3.0,4.0,25.0
2026-08-15 17:32:49,-17.1,-20.1,2.0,4.0,25.0
2026-08-15 17:31:49,-17.0,-20.0,2.0,4.0,25.0
2026-08-15 17:30:49,-17.0,-19.9,2.0,4.0,25.0
2026-08-15 17:29:49,-16.9,-19.8,1.0,4.0,25.0
2026-08-15 17:28:49,-16.8,-19.7,1.0,4.0,26.0
2026-08-15 17:27:49,-16.8,-19.6,1.0,4.0,25.0
2026-08-15 17:26:49,-16.7,-19.5,0.0,4.0,26.0
2026-08-15 17:25:49,-16.8,-19.4,0.0,4.0,26.0
2026-08-15 17:24:49,-16.9,-19.4,0.0,3.0,25.0
2026-08-15 17:23:49,-17.1,-19.4,0.0,4.0,25.0
2026-08-15 17:22:49,-17.2,-19.6,0.0,4.0,25.0
2026-08-15 17:21:49,-17.4,-19.7,0.0,4.0,25.0
2026-08-15 17:20:49,-17.5,-19.9,0.0,4.0,25.0
2026-08-15 17:19:49,-17.7,-20.1,0.0,4.0,25.0
2026-08-15 17:18:49,-17.8,-20.3,1.0,4.0,25.0
2026-08-15 17:17:49,-17.7,-20.5,2.0,4.0,25.0
2026-08-15 17:16:49,-17.7,-20.6,4.0,4.0,25.0
2026-08-15 17:15:49,-17.6,-20.6,4.0,4.0,25.0
2026-08-15 17:14:49,-17.5,-20.5,4.0,4.0,26.0
2026-08-15 17:13:49,-17.5,-20.5,3.0,4.0,26.0
2026-08-15 17:12:49,-17.4,-20.4,3.0,4.0,26.0
2026-08-15 17:11:49,-17.3,-20.3,3.0,5.0,25.0
2026-08-15 17:10:49,-17.3,-20.2,3.0,4.0,25.0
2026-08-15 17:09:49,-17.2,-20.2,3.0,4.0,25.0
2026-08-15 17:08:49,-17.1,-20.1,3.0,4.0,25.0
2026-08-15 17:07:49,-17.1,-20.0,3.0,4.0,25.0
2026-08-15 17:06:49,-17.0,-19.9,2.0,4.0,25.0
2026-08-15 17:05:49,-16.9,-19.8,2.0,4.0,25.0
2026-08-15 17:04:49,-16.8,-19.8,2.0,4.0,25.0
2026-08-15 17:03:49,-16.7,-19.6,2.0,4.0,25.0
2026-08-15 17:02:49,-16.6,-19.6,2.0,4.0,25.0
2026-08-15 17:01:49,-16.5,-19.4,1.0,4.0,25.0
2026-08-15 17:00:49,-16.4,-19.3,1.0,4.0,25.0
2026-08-15 16:59:49,-16.3,-19.2,1.0,4.0,25.0
2026-08-15 16:58:49,-16.2,-19.1,1.0,4.0,25.0
2026-08-15 16:57:49,-16.3,-19.0,0.0,4.0,25.0
2026-08-15 16:56:49,-16.3,-18.9,0.0,4.0,25.0
2026-08-15 16:55:49,-16.4,-18.8,0.0,3.0,25.0
2026-08-15 16:54:49,-16.6,-18.8,0.0,4.0,25.0
2026-08-15 16:53:49,-16.7,-19.0,0.0,4.0,25.0
2026-08-15 16:52:49,-16.9,-19.1,0.0,4.0,25.0
2026-08-15 16:51:49,-17.0,-19.3,0.0,4.0,25.0
2026-08-15 16:50:49,-17.2,-19.5,0.0,4.0,26.0
2026-08-15 16:49:49,-17.3,-19.7,0.0,3.0,26.0
2026-08-15 16:48:49,-17.4,-20.0,0.0,4.0,26.0
2026-08-15 16:47:49,-17.5,-20.2,2.0,4.0,26.0
2026-08-15 16:46:49,-17.4,-20.3,4.0,5.0,26.0
2026-08-15 16:45:49,-17.3,-20.2,5.0,5.0,26.0
2026-08-15 16:44:49,-17.2,-20.2,4.0,4.0,26.0
2026-08-15 16:43:49,-17.2,-20.1,3.0,4.0,25.0
2026-08-15 16:42:49,-17.1,-20.0,3.0,4.0,25.0
2026-08-15 16:41:49,-17.0,-20.0,2.0,4.0,25.0
2026-08-15 16:40:49,-16.9,-19.9,2.0,4.0,25.0
2026-08-15 16:39:49,-16.8,-19.8,2.0,4.0,26.0
2026-08-15 16:38:49,-16.7,-19.7,2.0,5.0,26.0
2026-08-15 16:37:49,-16.6,-19.6,2.0,4.0,25.0
2026-08-15 16:36:49,-16.5,-19.5,1.0,4.0,25.0
2026-08-15 16:35:49,-16.5,-19.4,1.0,4.0,25.0
2026-08-15 16:34:49,-16.4,-19.3,1.0,4.0,25.0
2026-08-15 16:33:49,-16.3,-19.1,1.0,4.0,25.0
2026-08-15 16:32:49,-16.4,-19.0,0.0,4.0,25.0
2026-08-15 16:31:49,-16.4,-19.0,0.0,4.0,25.0
2026-08-15 16:30:49,-16.6,-19.0,0.0,4.0,25.0
2026-08-15 16:29:49,-16.7,-19.1,0.0,4.0,25.0
2026-08-15 16:28:49,-16.9,-19.2,0.0,4.0,25.0
2026-08-15 16:27:49,-17.0,-19.4,0.0,4.0,25.0
2026-08-15 16:26:49,-17.1,-19.6,0.0,4.0,25.0
2026-08-15 16:25:49,-17.3,-19.8,0.0,4.0,25.0
2026-08-15 16:24:49,-17.3,-19.9,1.0,4.0,26.0
2026-08-15 16:23:49,-17.3,-20.1,3.0,5.0,26.0
2026-08-15 16:22:49,-17.1,-20.1,4.0,5.0,26.0
2026-08-15 16:21:49,-17.0,-20.0,3.0,4.0,25.0
2026-08-15 16:20:49,-17.0,-20.0,3.0,5.0,25.0
2026-08-15 16:19:49,-16.9,-19.9,3.0,5.0,25.0
2026-08-15 16:18:49,-16.8,-19.8,3.0,4.0,26.0
2026-08-15 16:17:49,-16.7,-19.7,3.0,5.0,25.0
2026-08-15 16:16:49,-16.6,-19.6,3.0,4.0,25.0
2026-08-15 16:15:49,-16.6,-19.5,2.0,4.0,26.0
2026-08-15 16:14:49,-16.4,-19.4,2.0,4.0,26.0
2026-08-15 16:13:49,-16.3,-19.3,2.0,5.0,26.0
2026-08-15 16:12:49,-16.2,-19.2,2.0,5.0,26.0
2026-08-15 16:11:49,-16.2,-19.1,1.0,4.0,26.0
2026-08-15 16:10:49,-16.0,-19.0,1.0,4.0,25.0
2026-08-15 16:09:49,-15.9,-18.8,1.0,4.0,25.0
2026-08-15 16:08:49,-15.9,-18.7,1.0,4.0,25.0
2026-08-15 16:07:49,-15.8,-18.6,0.0,4.0,25.0
2026-08-15 16:06:49,-15.9,-18.5,0.0,4.0,26.0
2026-08-15 16:05:49,-16.0,-18.4,0.0,4.0,26.0
2026-08-15 16:04:49,-16.2,-18.4,0.0,4.0,26.0
2026-08-15 16:03:49,-16.3,-18.6,0.0,4.0,26.0
2026-08-15 16:02:49,-16.4,-18.7,0.0,4.0,26.0
2026-08-15 16:01:49,-16.5,-18.9,0.0,4.0,26.0
2026-08-15 16:00:49,-16.6,-19.0,0.0,4.0,26.0
2026-08-15 15:59:49,-16.7,-19.2,0.0,4.0,25.0
2026-08-15 15:58:49,-16.8,-19.4,1.0,4.0,25.0
2026-08-15 15:57:49,-16.8,-19.5,1.0,5.0,25.0
2026-08-15 15:56:49,-16.7,-19.6,3.0,5.0,25.0
2026-08-15 15:55:49,-16.6,-19.6,3.0,5.0,25.0
2026-08-15 15:54:49,-16.5,-19.5,3.0,5.0,26.0
2026-08-15 15:53:49,-16.4,-19.3,3.0,5.0,26.0
2026-08-15 15:52:49,-16.3,-19.2,2.0,5.0,26.0
2026-08-15 15:51:49,-16.2,-19.1,2.0,5.0,26.0
2026-08-15 15:50:49,-16.1,-19.0,2.0,5.0,26.0
2026-08-15 15:49:49,-15.9,-18.9,2.0,5.0,26.0
2026-08-15 15:48:49,-15.8,-18.7,2.0,5.0,27.0
2026-08-15 15:47:49,-15.7,-18.6,1.0,5.0,26.0
2026-08-15 15:46:49,-15.6,-18.5,1.0,5.0,26.0
2026-08-15 15:45:49,-15.5,-18.3,1.0,5.0,26.0
2026-08-15 15:44:49,-15.5,-18.1,0.0,4.0,26.0
2026-08-15 15:43:49,-15.4,-18.0,0.0,4.0,26.0
2026-08-15 15:42:49,-15.5,-17.9,0.0,4.0,26.0
2026-08-15 15:41:49,-15.7,-17.8,0.0,4.0,26.0
2026-08-15 15:40:49,-15.9,-17.9,0.0,4.0,26.0
2026-08-15 15:39:49,-16.0,-18.0,0.0,5.0,26.0
2026-08-15 15:38:49,-16.2,-18.3,0.0,4.0,26.0
2026-08-15 15:37:49,-16.3,-18.5,0.0,4.0,25.0
2026-08-15 15:36:49,-16.5,-18.6,0.0,4.0,26.0
2026-08-15 15:35:49,-16.7,-18.8,0.0,4.0,26.0
2026-08-15 15:34:49,-16.9,-19.0,0.0,4.0,26.0
2026-08-15 15:33:49,-17.1,-19.3,0.0,5.0,27.0
2026-08-15 15:32:49,-17.3,-19.6,1.0,5.0,27.0
2026-08-15 15:31:49,-17.5,-19.8,2.0,5.0,27.0
2026-08-15 15:30:49,-17.5,-20.1,3.0,5.0,27.0
2026-08-15 15:29:49,-17.5,-20.3,3.0,5.0,26.0
2026-08-15 15:28:49,-17.4,-20.3,4.0,5.0,27.0
2026-08-15 15:27:49,-17.3,-20.2,5.0,5.0,27.0
2026-08-15 15:26:49,-17.3,-20.1,4.0,5.0,26.0
2026-08-15 15:25:49,-17.2,-20.1,3.0,4.0,26.0
2026-08-15 15:24:49,-17.2,-20.0,1.0,4.0,26.0
2026-08-15 15:23:49,-17.2,-19.9,1.0,4.0,25.0
2026-08-15 15:22:49,-17.3,-19.9,0.0,4.0,25.0
2026-08-15 15:21:49,-17.5,-19.9,0.0,4.0,24.0
2026-08-15 15:20:49,-17.7,-20.1,0.0,4.0,24.0
2026-08-15 15:19:49,-17.8,-20.4,0.0,5.0,24.0
2026-08-15 15:18:49,-17.9,-20.5,1.0,5.0,24.0
2026-08-15 15:17:49,-17.8,-20.7,3.0,5.0,24.0
2026-08-15 15:16:49,-17.7,-20.8,4.0,5.0,24.0
2026-08-15 15:15:49,-17.7,-20.7,4.0,5.0,24.0
2026-08-15 15:14:49,-17.6,-20.6,3.0,5.0,24.0
2026-08-15 15:13:49,-17.5,-20.5,3.0,5.0,24.0
2026-08-15 15:12:49,-17.4,-20.5,3.0,5.0,24.0
2026-08-15 15:11:49,-17.4,-20.4,3.0,5.0,24.0
2026-08-15 15:10:49,-17.3,-20.3,3.0,5.0,24.0
2026-08-15 15:09:49,-17.2,-20.2,3.0,4.0,24.0
2026-08-15 15:08:49,-17.1,-20.1,3.0,5.0,24.0
2026-08-15 15:07:49,-17.1,-20.0,2.0,4.0,24.0
2026-08-15 15:06:49,-17.0,-20.0,2.0,4.0,24.0
2026-08-15 15:05:49,-16.9,-19.9,2.0,4.0,24.0
2026-08-15 15:04:49,-16.9,-19.8,1.0,4.0,25.0
2026-08-15 15:03:49,-16.9,-19.7,1.0,4.0,24.0
2026-08-15 15:02:49,-16.9,-19.6,0.0,4.0,25.0
2026-08-15 15:01:49,-17.2,-19.6,0.0,4.0,25.0
2026-08-15 15:00:49,-17.3,-19.7,0.0,4.0,25.0
2026-08-15 14:59:49,-17.5,-19.9,0.0,4.0,24.0
2026-08-15 14:58:49,-17.5,-20.1,1.0,4.0,24.0
2026-08-15 14:57:49,-17.5,-20.3,2.0,5.0,24.0
2026-08-15 14:56:49,-17.4,-20.4,4.0,5.0,24.0
2026-08-15 14:55:49,-17.3,-20.4,4.0,5.0,24.0
2026-08-15 14:54:49,-17.2,-20.3,3.0,5.0,25.0
2026-08-15 14:53:49,-17.2,-20.2,3.0,5.0,25.0
2026-08-15 14:52:49,-17.1,-20.1,3.0,5.0,25.0
2026-08-15 14:51:49,-17.1,-20.1,3.0,5.0,25.0
2026-08-15 14:50:49,-17.0,-20.0,3.0,5.0,25.0
2026-08-15 14:49:49,-16.9,-19.9,3.0,5.0,24.0
2026-08-15 14:48:49,-16.8,-19.8,3.0,5.0,24.0
2026-08-15 14:47:49,-16.7,-19.7,2.0,5.0,24.0
2026-08-15 14:46:49,-16.7,-19.6,2.0,5.0,25.0
2026-08-15 14:45:49,-16.6,-19.5,2.0,4.0,25.0
2026-08-15 14:44:49,-16.5,-19.4,1.0,4.0,25.0
2026-08-15 14:43:49,-16.6,-19.3,1.0,4.0,25.0
2026-08-15 14:42:49,-16.6,-19.2,0.0,4.0,24.0
2026-08-15 14:41:49,-16.8,-19.3,0.0,4.0,24.0
2026-08-15 14:40:49,-17.0,-19.4,0.0,4.0,25.0
2026-08-15 14:39:49,-17.1,-19.6,0.0,4.0,24.0
2026-08-15 14:38:49,-17.2,-19.7,1.0,5.0,24.0
2026-08-15 14:37:49,-17.1,-19.9,2.0,5.0,24.0
2026-08-15 14:36:49,-17.0,-20.0,4.0,5.0,24.0
2026-08-15 14:35:49,-16.9,-19.9,3.0,5.0,24.0
2026-08-15 14:34:49,-16.8,-19.8,3.0,5.0,25.0
2026-08-15 14:33:49,-16.8,-19.8,3.0,5.0,24.0
2026-08-15 14:32:49,-16.7,-19.7,3.0,5.0,24.0
2026-08-15 14:31:49,-16.6,-19.6,3.0,5.0,24.0
2026-08-15 14:30:49,-16.5,-19.5,3.0,5.0,24.0
2026-08-15 14:29:49,-16.4,-19.4,3.0,5.0,24.0
2026-08-15 14:28:49,-16.3,-19.3,2.0,5.0,24.0
2026-08-15 14:27:49,-16.3,-19.1,2.0,5.0,24.0
2026-08-15 14:26:49,-16.2,-19.1,2.0,5.0,24.0
2026-08-15 14:25:49,-16.1,-18.9,2.0,5.0,24.0
2026-08-15 14:24:49,-16.0,-18.8,1.0,5.0,24.0
2026-08-15 14:23:49,-16.1,-18.8,0.0,4.0,24.0
2026-08-15 14:22:49,-16.3,-18.7,0.0,4.0,24.0
2026-08-15 14:21:49,-16.4,-18.8,0.0,4.0,24.0
2026-08-15 14:20:49,-16.5,-19.0,0.0,5.0,24.0
2026-08-15 14:19:49,-16.6,-19.2,1.0,5.0,24.0
2026-08-15 14:18:49,-16.5,-19.3,2.0,5.0,24.0
2026-08-15 14:17:49,-16.3,-19.4,4.0,5.0,24.0
2026-08-15 14:16:49,-16.2,-19.3,3.0,5.0,24.0
2026-08-15 14:15:49,-16.2,-19.2,3.0,5.0,24.0
2026-08-15 14:14:49,-16.0,-19.0,3.0,5.0,24.0
2026-08-15 14:13:49,-16.0,-18.9,3.0,5.0,24.0
2026-08-15 14:12:49,-15.8,-18.8,3.0,5.0,24.0
2026-08-15 14:11:49,-15.7,-18.7,3.0,5.0,25.0
2026-08-15 14:10:49,-15.6,-18.6,3.0,5.0,25.0
2026-08-15 14:09:49,-15.5,-18.4,2.0,5.0,26.0
2026-08-15 14:08:49,-15.3,-18.3,2.0,5.0,26.0
2026-08-15 14:07:49,-15.2,-18.2,2.0,5.0,26.0
2026-08-15 14:06:49,-15.1,-18.0,1.0,5.0,24.0
2026-08-15 14:05:49,-15.0,-17.9,1.0,5.0,24.0
2026-08-15 14:04:49,-15.0,-17.7,0.0,5.0,25.0
2026-08-15 14:03:49,-15.2,-17.6,0.0,5.0,26.0
2026-08-15 14:02:49,-15.4,-17.6,0.0,5.0,26.0
2026-08-15 14:01:49,-15.5,-17.7,0.0,4.0,25.0
2026-08-15 14:00:49,-15.6,-17.9,0.0,5.0,26.0
2026-08-15 13:59:49,-15.7,-18.0,0.0,5.0,26.0
2026-08-15 13:58:49,-15.8,-18.3,1.0,5.0,26.0
2026-08-15 13:57:49,-15.7,-18.4,3.0,5.0,26.0
2026-08-15 13:56:49,-15.6,-18.6,5.0,5.0,26.0
2026-08-15 13:55:49,-15.4,-18.6,4.0,5.0,25.0
2026-08-15 13:54:49,-15.3,-18.4,3.0,5.0,25.0
2026-08-15 13:53:49,-15.1,-18.3,3.0,5.0,24.0
2026-08-15 13:52:49,-15.0,-18.2,3.0,5.0,24.0
2026-08-15 13:51:49,-14.9,-18.0,3.0,5.0,24.0
2026-08-15 13:50:49,-14.7,-17.9,3.0,5.0,24.0
2026-08-15 13:49:49,-14.5,-17.7,2.0,5.0,24.0
2026-08-15 13:48:49,-14.3,-17.5,2.0,5.0,24.0
2026-08-15 13:47:49,-14.1,-17.3,2.0,5.0,24.0
2026-08-15 13:46:49,-14.0,-17.1,2.0,5.0,24.0
2026-08-15 13:45:49,-13.8,-16.9,1.0,5.0,24.0
2026-08-15 13:44:49,-13.6,-16.7,1.0,5.0,24.0
2026-08-15 13:43:49,-13.5,-16.5,0.0,5.0,24.0
2026-08-15 13:42:49,-13.5,-16.3,0.0,5.0,24.0
2026-08-15 13:41:49,-13.6,-16.2,0.0,4.0,24.0
2026-08-15 13:40:49,-13.6,-16.2,0.0,5.0,24.0
2026-08-15 13:39:49,-13.6,-16.2,0.0,5.0,24.0
2026-08-15 13:38:49,-13.5,-16.1,0.0,5.0,24.0
2026-08-15 13:37:49,-13.5,-16.1,0.0,5.0,24.0
2026-08-15 13:36:49,-13.4,-16.1,0.0,5.0,24.0
2026-08-15 13:35:49,-13.4,-16.0,0.0,5.0,24.0
2026-08-15 13:34:49,-13.3,-16.0,1.0,5.0,24.0
2026-08-15 13:33:49,-13.2,-15.9,1.0,5.0,24.0
2026-08-15 13:32:49,-13.1,-15.8,2.0,5.0,24.0
2026-08-15 13:31:49,-13.1,-15.8,2.0,5.0,23.0
2026-08-15 13:30:49,-13.1,-15.6,3.0,5.0,24.0
2026-08-15 13:29:49,-13.1,-15.5,4.0,5.0,23.0
2026-08-15 13:28:49,-13.1,-15.4,5.0,5.0,23.0
2026-08-15 13:27:49,-13.3,-15.4,6.0,5.0,23.0
2026-08-15 13:26:49,-13.8,-15.6,7.0,5.0,23.0
2026-08-15 13:25:49,-14.2,-16.1,8.0,5.0,24.0
2026-08-15 13:24:49,-14.4,-16.1,8.0,5.0,24.0
2026-08-15 13:23:49,-14.4,-16.2,8.0,5.0,24.0
2026-08-15 13:22:49,-14.6,-16.2,8.0,5.0,24.0
2026-08-15 13:21:49,-14.7,-16.2,7.0,5.0,24.0
2026-08-15 13:20:49,-14.8,-16.3,7.0,5.0,24.0
2026-08-15 13:19:49,-14.9,-16.4,7.0,5.0,24.0
2026-08-15 13:18:49,-15.0,-16.4,7.0,5.0,24.0
2026-08-15 13:17:49,-15.1,-16.5,7.0,5.0,24.0
2026-08-15 13:16:49,-15.3,-16.5,7.0,5.0,24.0
2026-08-15 13:15:49,-15.4,-16.6,7.0,5.0,23.0
2026-08-15 13:14:49,-15.5,-16.7,7.0,5.0,24.0
2026-08-15 13:13:49,-15.6,-16.8,7.0,5.0,24.0
2026-08-15 13:12:49,-15.7,-16.8,7.0,5.0,24.0
2026-08-15 13:11:49,-15.8,-16.9,7.0,5.0,24.0
2026-08-15 13:10:49,-15.9,-17.0,7.0,5.0,24.0
2026-08-15 13:09:49,-16.0,-17.0,7.0,5.0,24.0
2026-08-15 13:08:49,-16.1,-17.1,7.0,5.0,24.0
2026-08-15 13:07:49,-16.1,-17.2,7.0,5.0,24.0
2026-08-15 13:06:49,-16.2,-17.3,7.0,5.0,24.0
2026-08-15 13:05:49,-16.3,-17.3,6.0,5.0,24.0
2026-08-15 13:04:49,-16.4,-17.4,6.0,5.0,24.0
2026-08-15 13:03:49,-16.5,-17.6,6.0,5.0,24.0
2026-08-15 13:02:49,-16.6,-17.6,6.0,5.0,24.0
2026-08-15 13:01:49,-16.7,-17.7,6.0,5.0,24.0
2026-08-15 13:00:49,-16.7,-17.8,6.0,5.0,24.0
2026-08-15 12:59:49,-16.8,-17.9,6.0,5.0,24.0
2026-08-15 12:58:49,-16.9,-18.0,6.0,5.0,24.0
2026-08-15 12:57:49,-17.0,-18.1,6.0,5.0,24.0
2026-08-15 12:56:49,-17.0,-18.1,6.0,5.0,24.0
2026-08-15 12:55:49,-17.1,-18.2,5.0,5.0,24.0
2026-08-15 12:54:49,-17.2,-18.4,5.0,5.0,24.0
2026-08-15 12:53:49,-17.3,-18.5,5.0,5.0,24.0
2026-08-15 12:52:49,-17.4,-18.6,5.0,5.0,24.0
2026-08-15 12:51:49,-17.5,-18.7,5.0,4.0,24.0
2026-08-15 12:50:49,-17.6,-18.9,5.0,5.0,24.0
2026-08-15 12:49:49,-17.7,-19.1,5.0,5.0,24.0
2026-08-15 12:48:49,-17.8,-19.3,5.0,5.0,24.0
2026-08-15 12:47:49,-17.9,-19.5,5.0,5.0,24.0
2026-08-15 12:46:49,-18.0,-19.7,4.0,5.0,24.0
2026-08-15 12:45:49,-18.1,-20.1,4.0,5.0,24.0
2026-08-15 12:44:49,-18.2,-20.4,4.0,5.0,24.0
2026-08-15 12:43:49,-18.3,-20.7,4.0,5.0,24.0
2026-08-15 12:42:49,-18.4,-21.0,4.0,5.0,24.0
2026-08-15 12:41:49,-18.3,-21.3,4.0,5.0,24.0
2026-08-15 12:40:49,-18.2,-21.3,3.0,5.0,24.0
2026-08-15 12:39:49,-18.1,-21.2,3.0,5.0,24.0
2026-08-15 12:38:49,-18.1,-21.1,3.0,5.0,24.0
2026-08-15 12:37:49,-18.0,-21.1,3.0,5.0,24.0
2026-08-15 12:36:49,-17.9,-21.0,3.0,5.0,24.0
2026-08-15 12:35:49,-17.8,-20.9,3.0,5.0,24.0
2026-08-15 12:34:49,-17.8,-20.8,2.0,4.0,24.0
2026-08-15 12:33:49,-17.7,-20.7,2.0,5.0,24.0
2026-08-15 12:32:49,-17.6,-20.7,2.0,4.0,24.0
2026-08-15 12:31:49,-17.6,-20.6,2.0,4.0,24.0
2026-08-15 12:30:49,-17.6,-20.5,1.0,4.0,24.0
2026-08-15 12:29:49,-17.7,-20.4,0.0,4.0,24.0
2026-08-15 12:28:49,-17.9,-20.5,0.0,4.0,24.0
2026-08-15 12:27:49,-18.1,-20.6,0.0,4.0,24.0
2026-08-15 12:26:49,-18.2,-20.8,0.0,5.0,24.0
2026-08-15 12:25:49,-18.3,-21.0,1.0,5.0,24.0
2026-08-15 12:24:49,-18.3,-21.2,3.0,5.0,24.0
2026-08-15 12:23:49,-18.2,-21.3,4.0,5.0,24.0
2026-08-15 12:22:49,-18.1,-21.2,4.0,5.0,24.0
2026-08-15 12:21:49,-18.1,-21.2,4.0,5.0,24.0
2026-08-15 12:20:49,-18.0,-21.1,3.0,5.0,24.0
2026-08-15 12:19:49,-17.9,-21.0,3.0,5.0,24.0
2026-08-15 12:18:49,-17.9,-20.9,3.0,5.0,24.0
2026-08-15 12:17:49,-17.8,-20.9,3.0,5.0,24.0
2026-08-15 12:16:49,-17.7,-20.8,3.0,5.0,24.0
2026-08-15 12:15:49,-17.6,-20.7,3.0,5.0,24.0
2026-08-15 12:14:49,-17.6,-20.6,3.0,5.0,24.0
2026-08-15 12:13:49,-17.5,-20.5,2.0,5.0,24.0
2026-08-15 12:12:49,-17.4,-20.5,2.0,5.0,24.0
2026-08-15 12:11:49,-17.4,-20.4,2.0,5.0,24.0
2026-08-15 12:10:49,-17.4,-20.3,1.0,5.0,24.0
2026-08-15 12:09:49,-17.5,-20.2,0.0,4.0,24.0
2026-08-15 12:08:49,-17.7,-20.2,0.0,4.0,24.0
2026-08-15 12:07:49,-17.9,-20.4,0.0,5.0,24.0
2026-08-15 12:06:49,-18.0,-20.6,0.0,5.0,24.0
2026-08-15 12:05:49,-18.1,-20.8,1.0,5.0,24.0
2026-08-15 12:04:49,-18.1,-20.9,3.0,5.0,24.0
2026-08-15 12:03:49,-17.9,-21.0,4.0,5.0,24.0
2026-08-15 12:02:49,-17.9,-21.0,4.0,5.0,24.0
2026-08-15 12:01:49,-17.8,-20.9,4.0,5.0,24.0
2026-08-15 12:00:49,-17.8,-20.8,3.0,5.0,24.0
2026-08-15 11:59:49,-17.7,-20.7,3.0,5.0,24.0
2026-08-15 11:58:49,-17.6,-20.7,3.0,5.0,24.0
2026-08-15 11:57:49,-17.5,-20.6,3.0,5.0,24.0
2026-08-15 11:56:49,-17.4,-20.5,3.0,5.0,24.0
2026-08-15 11:55:49,-17.3,-20.4,3.0,5.0,24.0
2026-08-15 11:54:49,-17.3,-20.3,2.0,5.0,24.0
2026-08-15 11:53:49,-17.2,-20.2,2.0,5.0,24.0
2026-08-15 11:52:49,-17.2,-20.2,2.0,5.0,24.0
2026-08-15 11:51:49,-17.1,-20.0,2.0,5.0,24.0
2026-08-15 11:50:49,-17.1,-19.9,1.0,5.0,24.0
2026-08-15 11:49:49,-17.2,-19.9,1.0,5.0,24.0
2026-08-15 11:48:49,-17.3,-19.8,0.0,5.0,24.0
2026-08-15 11:47:49,-17.5,-19.9,0.0,4.0,24.0
2026-08-15 11:46:49,-17.6,-20.1,0.0,4.0,24.0
2026-08-15 11:45:49,-17.8,-20.3,0.0,5.0,24.0
2026-08-15 11:44:49,-17.8,-20.5,1.0,5.0,24.0
2026-08-15 11:43:49,-17.7,-20.7,3.0,5.0,24.0
2026-08-15 11:42:49,-17.6,-20.7,4.0,5.0,24.0
2026-08-15 11:41:49,-17.5,-20.6,4.0,5.0,24.0
2026-08-15 11:40:49,-17.4,-20.5,3.0,5.0,24.0
2026-08-15 11:39:49,-17.3,-20.4,3.0,5.0,24.0
2026-08-15 11:38:49,-17.3,-20.3,3.0,5.0,24.0
2026-08-15 11:37:49,-17.2,-20.3,3.0,5.0,24.0
2026-08-15 11:36:49,-17.1,-20.2,3.0,5.0,24.0
2026-08-15 11:35:49,-17.0,-20.1,3.0,5.0,24.0
2026-08-15 11:34:49,-16.9,-20.0,2.0,5.0,24.0
2026-08-15 11:33:49,-16.9,-19.8,2.0,5.0,24.0
2026-08-15 11:32:49,-16.8,-19.8,2.0,5.0,24.0
2026-08-15 11:31:49,-16.7,-19.6,2.0,5.0,24.0
2026-08-15 11:30:49,-16.6,-19.5,1.0,4.0,24.0
2026-08-15 11:29:49,-16.7,-19.4,1.0,5.0,24.0
2026-08-15 11:28:49,-16.8,-19.4,0.0,4.0,24.0
2026-08-15 11:27:49,-17.1,-19.4,0.0,4.0,24.0
2026-08-15 11:26:49,-17.2,-19.7,0.0,4.0,24.0
2026-08-15 11:25:49,-17.3,-19.9,0.0,4.0,25.0
2026-08-15 11:24:49,-17.4,-20.1,0.0,4.0,26.0
2026-08-15 11:23:49,-17.3,-20.3,3.0,5.0,26.0
2026-08-15 11:22:49,-17.2,-20.2,4.0,5.0,26.0
2026-08-15 11:21:49,-17.1,-20.1,4.0,5.0,26.0
2026-08-15 11:20:49,-17.1,-20.0,4.0,5.0,26.0
2026-08-15 11:19:49,-17.1,-19.9,3.0,5.0,26.0
2026-08-15 11:18:49,-17.1,-19.9,3.0,5.0,26.0
2026-08-15 11:17:49,-17.3,-19.9,0.0,4.0,25.0
2026-08-15 11:16:49,-17.5,-20.0,0.0,4.0,24.0
2026-08-15 11:15:49,-17.6,-20.2,0.0,4.0,24.0
2026-08-15 11:14:49,-17.7,-20.4,1.0,5.0,24.0
2026-08-15 11:13:49,-17.7,-20.6,2.0,5.0,24.0
2026-08-15 11:12:49,-17.6,-20.7,4.0,5.0,25.0
2026-08-15 11:11:49,-17.5,-20.6,4.0,5.0,25.0
2026-08-15 11:10:49,-17.5,-20.6,4.0,4.0,26.0
2026-08-15 11:09:49,-17.4,-20.5,3.0,5.0,26.0
2026-08-15 11:08:49,-17.3,-20.4,3.0,5.0,24.0
2026-08-15 11:07:49,-17.3,-20.3,3.0,5.0,24.0
2026-08-15 11:06:49,-17.2,-20.2,3.0,5.0,24.0
2026-08-15 11:05:49,-17.1,-20.2,3.0,5.0,24.0
2026-08-15 11:04:49,-17.0,-20.1,3.0,5.0,24.0
2026-08-15 11:03:49,-16.9,-20.0,3.0,5.0,24.0
2026-08-15 11:02:49,-16.8,-19.9,2.0,4.0,24.0
2026-08-15 11:01:49,-16.7,-19.8,2.0,5.0,24.0
2026-08-15 11:00:49,-16.6,-19.7,2.0,4.0,24.0
2026-08-15 10:59:49,-16.6,-19.5,1.0,4.0,24.0
2026-08-15 10:58:49,-16.6,-19.5,1.0,4.0,24.0
2026-08-15 10:57:49,-16.7,-19.4,0.0,4.0,24.0
2026-08-15 10:56:49,-17.0,-19.4,0.0,4.0,24.0
2026-08-15 10:55:49,-17.1,-19.6,0.0,4.0,24.0
2026-08-15 10:54:49,-17.2,-19.8,0.0,4.0,24.0
2026-08-15 10:53:49,-17.2,-20.0,1.0,5.0,24.0
2026-08-15 10:52:49,-17.1,-20.1,3.0,5.0,24.0
2026-08-15 10:51:49,-17.0,-20.1,4.0,5.0,24.0
2026-08-15 10:50:49,-16.9,-20.0,4.0,5.0,24.0
2026-08-15 10:49:49,-16.8,-19.9,4.0,5.0,23.0
2026-08-15 10:48:49,-16.7,-19.8,3.0,5.0,24.0
2026-08-15 10:47:49,-16.6,-19.7,3.0,5.0,23.0
2026-08-15 10:46:49,-16.5,-19.6,3.0,5.0,23.0
2026-08-15 10:45:49,-16.4,-19.5,3.0,5.0,24.0
2026-08-15 10:44:49,-16.3,-19.4,3.0,5.0,23.0
2026-08-15 10:43:49,-16.2,-19.3,3.0,5.0,23.0
2026-08-15 10:42:49,-16.1,-19.2,2.0,5.0,23.0
2026-08-15 10:41:49,-16.0,-19.1,2.0,4.0,24.0
2026-08-15 10:40:49,-15.9,-19.0,2.0,5.0,23.0
2026-08-15 10:39:49,-15.8,-18.8,2.0,5.0,23.0
2026-08-15 10:38:49,-15.8,-18.7,1.0,4.0,23.0
2026-08-15 10:37:49,-15.9,-18.6,0.0,4.0,23.0
2026-08-15 10:36:49,-16.1,-18.6,0.0,5.0,23.0
2026-08-15 10:35:49,-16.2,-18.8,0.0,4.0,23.0
2026-08-15 10:34:49,-16.2,-18.9,0.0,5.0,23.0
2026-08-15 10:33:49,-16.2,-19.0,1.0,5.0,23.0
2026-08-15 10:32:49,-16.0,-19.1,3.0,5.0,23.0
2026-08-15 10:31:49,-15.8,-19.0,4.0,5.0,23.0
2026-08-15 10:30:49,-15.7,-18.9,3.0,5.0,23.0
2026-08-15 10:29:49,-15.5,-18.8,3.0,5.0,23.0
2026-08-15 10:28:49,-15.4,-18.6,3.0,5.0,23.0
2026-08-15 10:27:49,-15.3,-18.5,3.0,5.0,23.0
2026-08-15 10:26:49,-15.2,-18.3,3.0,5.0,23.0
2026-08-15 10:25:49,-15.0,-18.2,3.0,5.0,23.0
2026-08-15 10:24:49,-14.8,-18.1,3.0,5.0,23.0
2026-08-15 10:23:49,-14.6,-17.9,2.0,5.0,23.0
2026-08-15 10:22:49,-14.5,-17.7,2.0,5.0,23.0
2026-08-15 10:21:49,-14.3,-17.5,2.0,5.0,23.0
2026-08-15 10:20:49,-14.1,-17.3,1.0,5.0,23.0
2026-08-15 10:19:49,-14.0,-17.1,1.0,4.0,23.0
2026-08-15 10:18:49,-13.8,-16.9,1.0,5.0,23.0
2026-08-15 10:17:49,-13.7,-16.7,0.0,4.0,23.0
2026-08-15 10:16:49,-13.7,-16.5,0.0,4.0,23.0
2026-08-15 10:15:49,-13.8,-16.5,0.0,4.0,23.0
2026-08-15 10:14:49,-13.8,-16.5,0.0,4.0,23.0
2026-08-15 10:13:49,-13.8,-16.4,0.0,4.0,23.0
2026-08-15 10:12:49,-13.8,-16.4,0.0,5.0,23.0
2026-08-15 10:11:49,-13.7,-16.4,0.0,5.0,23.0
2026-08-15 10:10:49,-13.7,-16.4,0.0,5.0,23.0
2026-08-15 10:09:49,-13.6,-16.3,0.0,5.0,23.0
2026-08-15 10:08:49,-13.5,-16.3,1.0,5.0,23.0
2026-08-15 10:07:49,-13.5,-16.2,1.0,5.0,23.0
2026-08-15 10:06:49,-13.4,-16.1,2.0,5.0,23.0
2026-08-15 10:05:49,-13.4,-16.0,3.0,5.0,23.0
2026-08-15 10:04:49,-13.3,-15.9,3.0,5.0,23.0
2026-08-15 10:03:49,-13.4,-15.8,4.0,5.0,23.0
2026-08-15 10:02:49,-13.5,-15.7,5.0,5.0,23.0
2026-08-15 10:01:49,-13.9,-15.9,7.0,5.0,23.0
2026-08-15 10:00:49,-14.6,-16.5,8.0,5.0,23.0
2026-08-15 09:59:49,-14.7,-16.5,8.0,5.0,23.0
2026-08-15 09:58:49,-14.8,-16.6,8.0,5.0,23.0
2026-08-15 09:57:49,-14.9,-16.7,8.0,5.0,23.0
2026-08-15 09:56:49,-15.0,-16.7,8.0,5.0,23.0
2026-08-15 09:55:49,-15.1,-16.8,7.0,5.0,23.0
2026-08-15 09:54:49,-15.2,-16.9,7.0,5.0,23.0
2026-08-15 09:53:49,-15.3,-17.0,7.0,5.0,23.0
2026-08-15 09:52:49,-15.5,-17.0,7.0,5.0,23.0
2026-08-15 09:51:49,-15.6,-17.1,7.0,5.0,23.0
2026-08-15 09:50:49,-15.6,-17.2,7.0,5.0,23.0
2026-08-15 09:49:49,-15.7,-17.2,7.0,5.0,23.0
2026-08-15 09:48:49,-15.9,-17.3,7.0,5.0,23.0
2026-08-15 09:47:49,-16.0,-17.4,7.0,5.0,23.0
2026-08-15 09:46:49,-16.1,-17.5,7.0,5.0,23.0
2026-08-15 09:45:49,-16.2,-17.5,7.0,5.0,23.0
2026-08-15 09:44:49,-16.3,-17.5,7.0,5.0,23.0
2026-08-15 09:43:49,-16.5,-17.6,7.0,5.0,23.0
2026-08-15 09:42:49,-16.6,-17.7,7.0,5.0,23.0
2026-08-15 09:41:49,-16.7,-17.8,7.0,5.0,23.0
2026-08-15 09:40:49,-16.8,-17.9,6.0,5.0,23.0
2026-08-15 09:39:49,-16.9,-18.0,6.0,5.0,23.0
2026-08-15 09:38:49,-16.9,-18.1,6.0,5.0,23.0
2026-08-15 09:37:49,-17.0,-18.1,6.0,5.0,23.0
2026-08-15 09:36:49,-17.0,-18.2,6.0,5.0,23.0
2026-08-15 09:35:49,-17.1,-18.3,6.0,5.0,23.0
2026-08-15 09:34:49,-17.2,-18.4,6.0,5.0,24.0
2026-08-15 09:33:49,-17.3,-18.5,6.0,5.0,24.0
2026-08-15 09:32:49,-17.3,-18.6,6.0,5.0,23.0
2026-08-15 09:31:49,-17.4,-18.7,6.0,5.0,24.0
2026-08-15 09:30:49,-17.5,-18.8,6.0,5.0,24.0
2026-08-15 09:29:49,-17.6,-18.9,5.0,5.0,24.0
2026-08-15 09:28:49,-17.8,-18.9,5.0,5.0,24.0
2026-08-15 09:27:49,-17.9,-19.0,5.0,5.0,24.0
2026-08-15 09:26:49,-18.0,-19.1,5.0,5.0,24.0
2026-08-15 09:25:49,-18.1,-19.3,5.0,5.0,24.0
2026-08-15 09:24:49,-18.2,-19.5,5.0,5.0,24.0
2026-08-15 09:23:49,-18.3,-19.6,5.0,5.0,24.0
2026-08-15 09:22:49,-18.4,-19.9,5.0,5.0,24.0
2026-08-15 09:21:49,-18.5,-20.2,5.0,4.0,24.0
2026-08-15 09:20:49,-18.5,-20.4,4.0,5.0,24.0
2026-08-15 09:19:49,-18.6,-20.7,4.0,5.0,24.0
2026-08-15 09:18:49,-18.7,-21.1,4.0,5.0,24.0
2026-08-15 09:17:49,-18.7,-21.4,4.0,5.0,24.0
2026-08-15 09:16:49,-18.6,-21.7,4.0,5.0,24.0
2026-08-15 09:15:49,-18.5,-21.7,4.0,5.0,24.0
2026-08-15 09:14:49,-18.5,-21.6,3.0,5.0,24.0
2026-08-15 09:13:49,-18.4,-21.6,3.0,4.0,24.0
2026-08-15 09:12:49,-18.4,-21.5,3.0,5.0,24.0
2026-08-15 09:11:49,-18.3,-21.4,3.0,5.0,24.0
2026-08-15 09:10:49,-18.2,-21.4,3.0,5.0,24.0
2026-08-15 09:09:49,-18.2,-21.3,3.0,5.0,24.0
2026-08-15 09:08:49,-18.1,-21.2,3.0,5.0,24.0
2026-08-15 09:07:49,-18.0,-21.1,2.0,4.0,24.0
2026-08-15 09:06:49,-17.9,-21.1,2.0,4.0,24.0
2026-08-15 09:05:49,-17.9,-21.0,2.0,4.0,24.0
2026-08-15 09:04:49,-17.9,-20.9,1.0,4.0,24.0
2026-08-15 09:03:49,-18.0,-20.8,1.0,4.0,24.0
2026-08-15 09:02:49,-18.1,-20.8,0.0,4.0,24.0
2026-08-15 09:01:49,-18.4,-20.9,0.0,4.0,24.0
2026-08-15 09:00:49,-18.5,-21.2,0.0,4.0,24.0
2026-08-15 08:59:49,-18.7,-21.3,1.0,4.0,24.0
2026-08-15 08:58:49,-18.7,-21.6,2.0,5.0,24.0
2026-08-15 08:57:49,-18.7,-21.7,4.0,5.0,24.0
2026-08-15 08:56:49,-18.5,-21.7,4.0,5.0,24.0
2026-08-15 08:55:49,-18.5,-21.7,4.0,4.0,24.0
2026-08-15 08:54:49,-18.5,-21.6,4.0,5.0,24.0
2026-08-15 08:53:49,-18.4,-21.5,4.0,5.0,24.0
2026-08-15 08:52:49,-18.3,-21.5,4.0,5.0,24.0
2026-08-15 08:51:49,-18.3,-21.4,3.0,5.0,24.0
2026-08-15 08:50:49,-18.2,-21.4,3.0,5.0,24.0
2026-08-15 08:49:49,-18.2,-21.3,3.0,5.0,24.0
2026-08-15 08:48:49,-18.1,-21.2,3.0,5.0,24.0
2026-08-15 08:47:49,-18.0,-21.1,3.0,5.0,24.0
2026-08-15 08:46:49,-17.9,-21.0,3.0,5.0,24.0
2026-08-15 08:45:49,-17.9,-20.9,2.0,4.0,24.0
2026-08-15 08:44:49,-17.8,-20.9,2.0,4.0,24.0
2026-08-15 08:43:49,-17.8,-20.8,2.0,4.0,24.0
2026-08-15 08:42:49,-17.7,-20.7,1.0,4.0,24.0
2026-08-15 08:41:49,-17.8,-20.6,1.0,4.0,24.0
2026-08-15 08:40:49,-18.0,-20.6,0.0,4.0,24.0
2026-08-15 08:39:49,-18.2,-20.7,0.0,5.0,24.0
2026-08-15 08:38:49,-18.3,-20.9,0.0,4.0,24.0
2026-08-15 08:37:49,-18.5,-21.1,0.0,4.0,24.0
2026-08-15 08:36:49,-18.6,-21.4,1.0,5.0,24.0
2026-08-15 08:35:49,-18.5,-21.5,3.0,5.0,24.0
2026-08-15 08:34:49,-18.4,-21.6,4.0,5.0,24.0
2026-08-15 08:33:49,-18.4,-21.5,4.0,5.0,24.0
2026-08-15 08:32:49,-18.3,-21.4,4.0,5.0,24.0
2026-08-15 08:31:49,-18.2,-21.4,4.0,5.0,24.0
2026-08-15 08:30:49,-18.2,-21.3,4.0,5.0,24.0
2026-08-15 08:29:49,-18.1,-21.2,3.0,5.0,24.0
2026-08-15 08:28:49,-18.1,-21.2,3.0,5.0,24.0
2026-08-15 08:27:49,-17.9,-21.1,3.0,5.0,24.0
2026-08-15 08:26:49,-17.9,-21.0,3.0,5.0,24.0
2026-08-15 08:25:49,-17.8,-20.9,3.0,5.0,24.0
2026-08-15 08:24:49,-17.7,-20.8,3.0,5.0,24.0
2026-08-15 08:23:49,-17.7,-20.8,2.0,5.0,24.0
2026-08-15 08:22:49,-17.6,-20.7,2.0,5.0,24.0
2026-08-15 08:21:49,-17.6,-20.6,2.0,5.0,24.0
2026-08-15 08:20:49,-17.6,-20.5,1.0,4.0,24.0
2026-08-15 08:19:49,-17.6,-20.4,1.0,4.0,24.0
2026-08-15 08:18:49,-17.8,-20.4,0.0,4.0,24.0
2026-08-15 08:17:49,-18.0,-20.5,0.0,4.0,24.0
2026-08-15 08:16:49,-18.2,-20.7,0.0,4.0,24.0
2026-08-15 08:15:49,-18.3,-21.0,1.0,5.0,24.0
2026-08-15 08:14:49,-18.3,-21.1,2.0,5.0,24.0
2026-08-15 08:13:49,-18.2,-21.3,4.0,5.0,24.0
2026-08-15 08:12:49,-18.1,-21.3,4.0,5.0,24.0
2026-08-15 08:11:49,-18.1,-21.2,4.0,5.0,24.0
2026-08-15 08:10:49,-18.0,-21.2,4.0,5.0,24.0
2026-08-15 08:09:49,-18.0,-21.1,4.0,5.0,24.0
2026-08-15 08:08:49,-17.9,-21.0,3.0,5.0,24.0
2026-08-15 08:07:49,-17.8,-20.9,3.0,5.0,24.0
2026-08-15 08:06:49,-17.8,-20.9,3.0,5.0,24.0
2026-08-15 08:05:49,-17.7,-20.8,3.0,5.0,24.0
2026-08-15 08:04:49,-17.6,-20.7,3.0,5.0,24.0
2026-08-15 08:03:49,-17.5,-20.6,3.0,5.0,24.0
2026-08-15 08:02:49,-17.5,-20.5,3.0,5.0,24.0
2026-08-15 08:01:49,-17.4,-20.5,3.0,5.0,24.0
2026-08-15 08:00:49,-17.3,-20.4,2.0,5.0,24.0
2026-08-15 07:59:49,-17.3,-20.3,2.0,5.0,24.0
2026-08-15 07:58:49,-17.4,-20.2,1.0,4.0,24.0
2026-08-15 07:57:49,-17.5,-20.2,0.0,4.0,24.0
2026-08-15 07:56:49,-17.7,-20.3,0.0,4.0,24.0
2026-08-15 07:55:49,-17.9,-20.5,0.0,4.0,24.0
2026-08-15 07:54:49,-18.0,-20.7,1.0,5.0,24.0
2026-08-15 07:53:49,-18.0,-20.9,2.0,5.0,24.0
2026-08-15 07:52:49,-17.9,-21.0,4.0,5.0,24.0
2026-08-15 07:51:49,-17.8,-20.9,4.0,5.0,24.0
2026-08-15 07:50:49,-17.7,-20.9,4.0,5.0,24.0
2026-08-15 07:49:49,-17.7,-20.8,4.0,5.0,24.0
2026-08-15 07:48:49,-17.6,-20.7,4.0,5.0,24.0
2026-08-15 07:47:49,-17.5,-20.6,3.0,5.0,24.0
2026-08-15 07:46:49,-17.5,-20.6,3.0,5.0,24.0
2026-08-15 07:45:49,-17.4,-20.5,3.0,5.0,24.0
2026-08-15 07:44:49,-17.3,-20.4,3.0,5.0,24.0
2026-08-15 07:43:49,-17.2,-20.3,3.0,5.0,24.0
2026-08-15 07:42:49,-17.1,-20.2,3.0,5.0,24.0
2026-08-15 07:41:49,-17.1,-20.1,2.0,5.0,24.0
2026-08-15 07:40:49,-17.0,-20.1,2.0,5.0,24.0
2026-08-15 07:39:49,-16.9,-19.9,2.0,5.0,24.0
2026-08-15 07:38:49,-16.9,-19.8,1.0,5.0,24.0
2026-08-15 07:37:49,-17.0,-19.8,1.0,5.0,24.0
2026-08-15 07:36:49,-17.2,-19.8,0.0,4.0,24.0
2026-08-15 07:35:49,-17.4,-19.9,0.0,4.0,24.0
2026-08-15 07:34:49,-17.5,-20.1,0.0,5.0,24.0
2026-08-15 07:33:49,-17.6,-20.3,1.0,5.0,24.0
2026-08-15 07:32:49,-17.5,-20.4,3.0,5.0,24.0
2026-08-15 07:31:49,-17.4,-20.5,4.0,5.0,24.0
2026-08-15 07:30:49,-17.3,-20.4,4.0,5.0,24.0
2026-08-15 07:29:49,-17.2,-20.3,4.0,5.0,24.0
2026-08-15 07:28:49,-17.1,-20.2,4.0,5.0,24.0
2026-08-15 07:27:49,-17.0,-20.2,3.0,5.0,24.0
2026-08-15 07:26:49,-16.9,-20.1,3.0,5.0,24.0
2026-08-15 07:25:49,-16.8,-20.0,3.0,5.0,24.0
2026-08-15 07:24:49,-16.7,-19.9,3.0,5.0,24.0
2026-08-15 07:23:49,-16.6,-19.8,3.0,5.0,24.0
2026-08-15 07:22:49,-16.5,-19.7,3.0,5.0,24.0
2026-08-15 07:21:49,-16.4,-19.6,3.0,5.0,24.0
2026-08-15 07:20:49,-16.3,-19.4,2.0,5.0,24.0
2026-08-15 07:19:49,-16.3,-19.4,2.0,5.0,24.0
2026-08-15 07:18:49,-16.2,-19.2,2.0,5.0,24.0
2026-08-15 07:17:49,-16.1,-19.1,1.0,5.0,24.0
2026-08-15 07:16:49,-16.2,-19.0,1.0,4.0,24.0
2026-08-15 07:15:49,-16.4,-19.0,0.0,4.0,24.0
2026-08-15 07:14:49,-16.5,-19.1,0.0,4.0,24.0
2026-08-15 07:13:49,-16.6,-19.2,0.0,5.0,24.0
2026-08-15 07:12:49,-16.6,-19.4,1.0,5.0,24.0
2026-08-15 07:11:49,-16.5,-19.5,2.0,5.0,24.0
2026-08-15 07:10:49,-16.3,-19.5,4.0,5.0,24.0
2026-08-15 07:09:49,-16.2,-19.4,4.0,5.0,24.0
2026-08-15 07:08:49,-16.1,-19.3,4.0,5.0,24.0
2026-08-15 07:07:49,-15.9,-19.2,4.0,5.0,24.0
2026-08-15 07:06:49,-15.8,-19.0,3.0,5.0,24.0
2026-08-15 07:05:49,-15.6,-18.9,3.0,5.0,24.0
2026-08-15 07:04:49,-15.5,-18.8,3.0,5.0,24.0
2026-08-15 07:03:49,-15.4,-18.6,3.0,5.0,24.0
2026-08-15 07:02:49,-15.2,-18.5,3.0,5.0,24.0
2026-08-15 07:01:49,-15.0,-18.3,3.0,5.0,24.0
2026-08-15 07:00:49,-14.9,-18.2,2.0,5.0,24.0
2026-08-15 06:59:49,-14.7,-18.0,2.0,5.0,24.0
2026-08-15 06:58:49,-14.5,-17.8,2.0,5.0,24.0
2026-08-15 06:57:49,-14.3,-17.6,1.0,5.0,24.0
2026-08-15 06:56:49,-14.2,-17.4,1.0,5.0,24.0
2026-08-15 06:55:49,-14.1,-17.2,0.0,5.0,24.0
2026-08-15 06:54:49,-14.1,-17.0,0.0,5.0,24.0
2026-08-15 06:53:49,-14.2,-16.9,0.0,4.0,24.0
2026-08-15 06:52:49,-14.2,-16.9,0.0,4.0,24.0
2026-08-15 06:51:49,-14.2,-16.9,0.0,5.0,24.0
2026-08-15 06:50:49,-14.2,-16.9,0.0,5.0,24.0
2026-08-15 06:49:49,-14.2,-16.8,0.0,5.0,24.0
2026-08-15 06:48:49,-14.1,-16.8,0.0,5.0,24.0
2026-08-15 06:47:49,-14.1,-16.8,1.0,5.0,24.0
2026-08-15 06:46:49,-14.0,-16.7,1.0,5.0,24.0
2026-08-15 06:45:49,-13.9,-16.7,2.0,5.0,24.0
2026-08-15 06:44:49,-13.9,-16.6,2.0,5.0,24.0
2026-08-15 06:43:49,-13.9,-16.5,3.0,5.0,24.0
2026-08-15 06:42:49,-13.9,-16.4,4.0,5.0,24.0
2026-08-15 06:41:49,-14.0,-16.4,5.0,6.0,24.0
2026-08-15 06:40:49,-14.3,-16.5,6.0,5.0,24.0
2026-08-15 06:39:49,-14.9,-16.9,7.0,5.0,24.0
2026-08-15 06:38:49,-15.2,-17.3,8.0,5.0,24.0
2026-08-15 06:37:49,-15.3,-17.4,8.0,5.0,24.0
2026-08-15 06:36:49,-15.4,-17.5,8.0,5.0,24.0
2026-08-15 06:35:49,-15.5,-17.5,8.0,5.0,24.0
2026-08-15 06:34:49,-15.6,-17.6,7.0,5.0,24.0
2026-08-15 06:33:49,-15.7,-17.7,7.0,5.0,24.0
2026-08-15 06:32:49,-15.8,-17.8,7.0,5.0,24.0
2026-08-15 06:31:49,-16.0,-17.8,7.0,5.0,24.0
2026-08-15 06:30:49,-16.1,-17.9,7.0,5.0,24.0
2026-08-15 06:29:49,-16.2,-18.0,7.0,5.0,24.0
2026-08-15 06:28:49,-16.3,-18.1,7.0,5.0,24.0
2026-08-15 06:27:49,-16.4,-18.2,7.0,5.0,24.0
2026-08-15 06:26:49,-16.5,-18.2,7.0,5.0,24.0
2026-08-15 06:25:49,-16.6,-18.3,7.0,5.0,24.0
2026-08-15 06:24:49,-16.7,-18.4,7.0,5.0,24.0
2026-08-15 06:23:49,-16.8,-18.5,7.0,5.0,24.0
2026-08-15 06:22:49,-17.0,-18.6,7.0,5.0,24.0
2026-08-15 06:21:49,-17.1,-18.7,7.0,5.0,24.0
2026-08-15 06:20:49,-17.2,-18.7,7.0,5.0,24.0
2026-08-15 06:19:49,-17.4,-18.8,6.0,5.0,24.0
2026-08-15 06:18:49,-17.5,-18.9,6.0,5.0,24.0
2026-08-15 06:17:49,-17.6,-19.0,6.0,5.0,24.0
2026-08-15 06:16:49,-17.7,-19.1,6.0,5.0,24.0
2026-08-15 06:15:49,-17.8,-19.2,6.0,5.0,24.0
2026-08-15 06:14:49,-18.0,-19.3,6.0,5.0,24.0
2026-08-15 06:13:49,-18.1,-19.4,6.0,5.0,24.0
2026-08-15 06:12:49,-18.2,-19.5,6.0,5.0,24.0
2026-08-15 06:11:49,-18.3,-19.6,6.0,5.0,24.0
2026-08-15 06:10:49,-18.5,-19.8,6.0,5.0,24.0
2026-08-15 06:09:49,-18.6,-19.9,5.0,5.0,24.0
2026-08-15 06:08:49,-18.7,-20.0,5.0,5.0,24.0
2026-08-15 06:07:49,-18.8,-20.1,5.0,5.0,24.0
2026-08-15 06:06:49,-18.9,-20.3,5.0,5.0,24.0
2026-08-15 06:05:49,-19.0,-20.4,5.0,5.0,24.0
2026-08-15 06:04:49,-19.0,-20.6,5.0,5.0,24.0
2026-08-15 06:03:49,-19.0,-20.8,5.0,5.0,24.0
2026-08-15 06:02:49,-19.1,-21.0,5.0,5.0,24.0
2026-08-15 06:01:49,-19.2,-21.2,4.0,5.0,24.0
2026-08-15 06:00:49,-19.3,-21.4,4.0,5.0,25.0
2026-08-15 05:59:49,-19.3,-21.7,4.0,5.0,24.0
2026-08-15 05:58:49,-19.3,-22.0,4.0,5.0,25.0
2026-08-15 05:57:49,-19.3,-22.3,4.0,5.0,25.0
2026-08-15 05:56:49,-19.2,-22.3,4.0,5.0,25.0
2026-08-15 05:55:49,-19.1,-22.3,4.0,5.0,24.0
2026-08-15 05:54:49,-19.1,-22.2,4.0,5.0,24.0
2026-08-15 05:53:49,-19.0,-22.2,4.0,5.0,24.0
2026-08-15 05:52:49,-18.9,-22.1,4.0,5.0,25.0
2026-08-15 05:51:49,-18.9,-22.1,4.0,5.0,25.0
2026-08-15 05:50:49,-18.8,-22.0,4.0,5.0,25.0
2026-08-15 05:49:49,-18.8,-22.0,4.0,5.0,25.0
2026-08-15 05:48:49,-18.8,-21.9,3.0,5.0,25.0
2026-08-15 05:47:49,-18.7,-21.9,3.0,5.0,25.0
2026-08-15 05:46:49,-18.6,-21.8,3.0,5.0,25.0
2026-08-15 05:45:49,-18.5,-21.7,3.0,5.0,25.0
2026-08-15 05:44:49,-18.5,-21.7,3.0,5.0,25.0
2026-08-15 05:43:49,-18.5,-21.6,3.0,5.0,25.0
2026-08-15 05:42:49,-18.4,-21.5,3.0,5.0,25.0
2026-08-15 05:41:49,-18.4,-21.4,2.0,5.0,25.0
2026-08-15 05:40:49,-18.4,-21.4,2.0,4.0,25.0
2026-08-15 05:39:49,-18.4,-21.3,1.0,4.0,25.0
2026-08-15 05:38:49,-18.6,-21.3,0.0,4.0,25.0
2026-08-15 05:37:49,-18.8,-21.4,0.0,4.0,25.0
2026-08-15 05:36:49,-19.0,-21.6,0.0,4.0,25.0
2026-08-15 05:35:49,-19.2,-21.8,1.0,5.0,25.0
2026-08-15 05:34:49,-19.2,-22.1,2.0,5.0,25.0
2026-08-15 05:33:49,-19.2,-22.2,4.0,5.0,25.0
2026-08-15 05:32:49,-19.1,-22.2,4.0,5.0,26.0
2026-08-15 05:31:49,-19.0,-22.2,4.0,5.0,25.0
2026-08-15 05:30:49,-19.0,-22.2,4.0,5.0,25.0
2026-08-15 05:29:49,-19.0,-22.1,4.0,5.0,25.0
2026-08-15 05:28:49,-18.9,-22.0,4.0,5.0,25.0
2026-08-15 05:27:49,-18.8,-22.0,4.0,5.0,25.0
2026-08-15 05:26:49,-18.8,-22.0,4.0,5.0,25.0
2026-08-15 05:25:49,-18.7,-21.9,4.0,5.0,25.0
2026-08-15 05:24:49,-18.7,-21.8,3.0,5.0,25.0
2026-08-15 05:23:49,-18.6,-21.8,3.0,5.0,26.0
2026-08-15 05:22:49,-18.5,-21.7,3.0,5.0,25.0
2026-08-15 05:21:49,-18.5,-21.6,3.0,5.0,26.0
2026-08-15 05:20:49,-18.4,-21.6,3.0,5.0,26.0
2026-08-15 05:19:49,-18.4,-21.5,3.0,5.0,26.0
2026-08-15 05:18:49,-18.3,-21.4,3.0,5.0,26.0
2026-08-15 05:17:49,-18.3,-21.4,2.0,5.0,26.0
2026-08-15 05:16:49,-18.2,-21.3,2.0,4.0,25.0
2026-08-15 05:15:49,-18.3,-21.2,1.0,5.0,26.0
2026-08-15 05:14:49,-18.4,-21.1,0.0,4.0,26.0
2026-08-15 05:13:49,-18.7,-21.2,0.0,4.0,26.0
2026-08-15 05:12:49,-18.9,-21.5,0.0,4.0,26.0
2026-08-15 05:11:49,-19.0,-21.7,0.0,5.0,25.0
2026-08-15 05:10:49,-19.1,-21.9,1.0,5.0,25.0
2026-08-15 05:09:49,-19.1,-22.1,3.0,5.0,25.0
2026-08-15 05:08:49,-19.0,-22.2,4.0,5.0,25.0
2026-08-15 05:07:49,-19.0,-22.1,4.0,5.0,25.0
2026-08-15 05:06:49,-18.9,-22.1,4.0,5.0,25.0
2026-08-15 05:05:49,-18.9,-22.0,4.0,5.0,25.0
2026-08-15 05:04:49,-18.8,-22.0,4.0,5.0,26.0
2026-08-15 05:03:49,-18.8,-22.0,4.0,5.0,25.0
2026-08-15 05:02:49,-18.7,-21.9,4.0,5.0,26.0
2026-08-15 05:01:49,-18.7,-21.8,4.0,5.0,26.0
2026-08-15 05:00:49,-18.6,-21.8,3.0,5.0,25.0
2026-08-15 04:59:49,-18.6,-21.7,3.0,5.0,25.0
2026-08-15 04:58:49,-18.5,-21.7,3.0,5.0,26.0
2026-08-15 04:57:49,-18.4,-21.6,3.0,5.0,26.0
2026-08-15 04:56:49,-18.4,-21.5,3.0,5.0,26.0
2026-08-15 04:55:49,-18.3,-21.4,3.0,5.0,25.0
2026-08-15 04:54:49,-18.3,-21.4,2.0,5.0,26.0
2026-08-15 04:53:49,-18.2,-21.3,2.0,5.0,25.0
2026-08-15 04:52:49,-18.2,-21.2,2.0,5.0,26.0
2026-08-15 04:51:49,-18.3,-21.1,1.0,5.0,26.0
2026-08-15 04:50:49,-18.4,-21.1,0.0,4.0,26.0
2026-08-15 04:49:49,-18.6,-21.2,0.0,4.0,26.0
2026-08-15 04:48:49,-18.8,-21.4,0.0,4.0,26.0
2026-08-15 04:47:49,-19.0,-21.6,0.0,4.0,26.0
2026-08-15 04:46:49,-19.0,-21.8,1.0,5.0,25.0
2026-08-15 04:45:49,-19.1,-22.0,3.0,5.0,26.0
2026-08-15 04:44:49,-19.0,-22.1,4.0,5.0,26.0
2026-08-15 04:43:49,-18.9,-22.0,4.0,5.0,26.0
2026-08-15 04:42:49,-18.9,-22.0,4.0,5.0,26.0
2026-08-15 04:41:49,-18.8,-21.9,4.0,5.0,26.0
2026-08-15 04:40:49,-18.8,-21.9,4.0,5.0,25.0
2026-08-15 04:39:49,-18.7,-21.8,4.0,5.0,25.0
2026-08-15 04:38:49,-18.6,-21.7,4.0,5.0,25.0
2026-08-15 04:37:49,-18.6,-21.7,4.0,5.0,25.0
2026-08-15 04:36:49,-18.6,-21.6,3.0,5.0,26.0
2026-08-15 04:35:49,-18.5,-21.6,3.0,5.0,26.0
2026-08-15 04:34:49,-18.4,-21.5,3.0,5.0,26.0
2026-08-15 04:33:49,-18.3,-21.5,3.0,5.0,25.0
2026-08-15 04:32:49,-18.3,-21.4,3.0,5.0,26.0
2026-08-15 04:31:49,-18.2,-21.4,3.0,5.0,26.0
2026-08-15 04:30:49,-18.2,-21.3,2.0,5.0,26.0
2026-08-15 04:29:49,-18.1,-21.2,2.0,5.0,25.0
2026-08-15 04:28:49,-18.1,-21.1,2.0,5.0,26.0
2026-08-15 04:27:49,-18.1,-21.0,1.0,4.0,26.0
2026-08-15 04:26:49,-18.1,-21.0,1.0,4.0,26.0
2026-08-15 04:25:49,-18.3,-21.0,0.0,4.0,26.0
2026-08-15 04:24:49,-18.6,-21.1,0.0,4.0,26.0
2026-08-15 04:23:49,-18.8,-21.3,0.0,4.0,26.0
2026-08-15 04:22:49,-18.9,-21.6,1.0,4.0,26.0
2026-08-15 04:21:49,-18.9,-21.8,2.0,5.0,26.0
2026-08-15 04:20:49,-18.9,-21.9,4.0,5.0,25.0
2026-08-15 04:19:49,-18.8,-22.0,4.0,5.0,25.0
2026-08-15 04:18:49,-18.8,-21.9,4.0,5.0,26.0
2026-08-15 04:17:49,-18.8,-21.9,4.0,5.0,26.0
2026-08-15 04:16:49,-18.7,-21.8,4.0,5.0,25.0
2026-08-15 04:15:49,-18.6,-21.8,4.0,5.0,26.0
2026-08-15 04:14:49,-18.6,-21.7,4.0,5.0,25.0
2026-08-15 04:13:49,-18.6,-21.7,4.0,5.0,25.0
2026-08-15 04:12:49,-18.5,-21.6,3.0,5.0,26.0
2026-08-15 04:11:49,-18.5,-21.6,3.0,5.0,26.0
2026-08-15 04:10:49,-18.3,-21.6,3.0,5.0,26.0
2026-08-15 04:09:49,-18.3,-21.5,3.0,5.0,26.0
2026-08-15 04:08:49,-18.2,-21.4,3.0,5.0,26.0
2026-08-15 04:07:49,-18.2,-21.3,3.0,5.0,26.0
2026-08-15 04:06:49,-18.1,-21.2,2.0,5.0,26.0
2026-08-15 04:05:49,-18.1,-21.1,2.0,5.0,26.0
2026-08-15 04:04:49,-18.0,-21.0,2.0,5.0,26.0
2026-08-15 04:03:49,-18.0,-21.0,1.0,4.0,26.0
2026-08-15 04:02:49,-18.1,-20.9,1.0,4.0,26.0
2026-08-15 04:01:49,-18.3,-20.9,0.0,4.0,26.0
2026-08-15 04:00:49,-18.5,-21.1,0.0,5.0,26.0
2026-08-15 03:59:49,-18.7,-21.3,0.0,4.0,26.0
2026-08-15 03:58:49,-18.8,-21.5,1.0,4.0,26.0
2026-08-15 03:57:49,-18.9,-21.7,2.0,5.0,26.0
2026-08-15 03:56:49,-18.8,-21.9,4.0,5.0,26.0
2026-08-15 03:55:49,-18.7,-21.9,4.0,5.0,25.0
2026-08-15 03:54:49,-18.7,-21.8,4.0,5.0,26.0
2026-08-15 03:53:49,-18.7,-21.8,4.0,5.0,26.0
2026-08-15 03:52:49,-18.6,-21.7,4.0,5.0,26.0
2026-08-15 03:51:49,-18.5,-21.7,4.0,5.0,26.0
2026-08-15 03:50:49,-18.5,-21.6,4.0,5.0,26.0
2026-08-15 03:49:49,-18.4,-21.6,4.0,5.0,26.0
2026-08-15 03:48:49,-18.4,-21.5,3.0,5.0,26.0
2026-08-15 03:47:49,-18.3,-21.5,3.0,5.0,26.0
2026-08-15 03:46:49,-18.2,-21.4,3.0,5.0,26.0
2026-08-15 03:45:49,-18.1,-21.3,3.0,5.0,26.0
2026-08-15 03:44:49,-18.1,-21.2,3.0,5.0,26.0
2026-08-15 03:43:49,-18.0,-21.1,3.0,5.0,26.0
2026-08-15 03:42:49,-17.9,-21.1,3.0,5.0,26.0
2026-08-15 03:41:49,-17.9,-21.0,2.0,5.0,26.0
2026-08-15 03:40:49,-17.9,-20.9,2.0,5.0,26.0
2026-08-15 03:39:49,-17.9,-20.8,1.0,5.0,26.0
2026-08-15 03:38:49,-18.1,-20.8,0.0,4.0,26.0
2026-08-15 03:37:49,-18.3,-20.9,0.0,4.0,25.0
2026-08-15 03:36:49,-18.5,-21.1,0.0,4.0,25.0
2026-08-15 03:35:49,-18.7,-21.3,1.0,4.0,26.0
2026-08-15 03:34:49,-18.8,-21.5,1.0,5.0,26.0
2026-08-15 03:33:49,-18.7,-21.7,3.0,5.0,26.0
2026-08-15 03:32:49,-18.6,-21.8,4.0,5.0,26.0
2026-08-15 03:31:49,-18.6,-21.7,4.0,5.0,26.0
2026-08-15 03:30:49,-18.5,-21.7,4.0,5.0,26.0
2026-08-15 03:29:49,-18.5,-21.6,4.0,5.0,26.0
2026-08-15 03:28:49,-18.4,-21.6,4.0,5.0,26.0
2026-08-15 03:27:49,-18.4,-21.5,4.0,5.0,26.0
2026-08-15 03:26:49,-18.3,-21.4,3.0,5.0,26.0
2026-08-15 03:25:49,-18.2,-21.4,3.0,5.0,26.0
2026-08-15 03:24:49,-18.2,-21.3,3.0,5.0,26.0
2026-08-15 03:23:49,-18.1,-21.3,3.0,5.0,26.0
2026-08-15 03:22:49,-18.0,-21.2,3.0,5.0,26.0
2026-08-15 03:21:49,-18.0,-21.1,3.0,5.0,26.0
2026-08-15 03:20:49,-17.9,-21.0,2.0,5.0,26.0
2026-08-15 03:19:49,-17.8,-20.9,2.0,5.0,26.0
2026-08-15 03:18:49,-17.8,-20.8,2.0,5.0,26.0
2026-08-15 03:17:49,-17.8,-20.8,1.0,4.0,26.0
2026-08-15 03:16:49,-17.9,-20.7,1.0,5.0,26.0
2026-08-15 03:15:49,-18.1,-20.7,0.0,4.0,26.0
2026-08-15 03:14:49,-18.3,-20.8,0.0,4.0,26.0
2026-08-15 03:13:49,-18.5,-21.0,0.0,4.0,26.0
2026-08-15 03:12:49,-18.6,-21.3,1.0,5.0,26.0
2026-08-15 03:11:49,-18.7,-21.5,2.0,5.0,26.0
2026-08-15 03:10:49,-18.6,-21.6,4.0,5.0,26.0
2026-08-15 03:09:49,-18.5,-21.7,4.0,5.0,26.0
2026-08-15 03:08:49,-18.5,-21.6,4.0,5.0,26.0
2026-08-15 03:07:49,-18.4,-21.6,4.0,5.0,26.0
2026-08-15 03:06:49,-18.3,-21.5,4.0,5.0,26.0
2026-08-15 03:05:49,-18.3,-21.4,4.0,5.0,26.0
2026-08-15 03:04:49,-18.2,-21.4,4.0,5.0,26.0
2026-08-15 03:03:49,-18.2,-21.3,3.0,5.0,26.0
2026-08-15 03:02:49,-18.1,-21.3,3.0,5.0,26.0
2026-08-15 03:01:49,-18.0,-21.2,3.0,5.0,26.0
2026-08-15 03:00:49,-17.9,-21.1,3.0,5.0,26.0
2026-08-15 02:59:49,-17.9,-21.0,3.0,5.0,26.0
2026-08-15 02:58:49,-17.8,-20.9,3.0,5.0,26.0
2026-08-15 02:57:49,-17.8,-20.9,3.0,5.0,26.0
2026-08-15 02:56:49,-17.7,-20.8,2.0,5.0,26.0
2026-08-15 02:55:49,-17.7,-20.7,2.0,5.0,26.0
2026-08-15 02:54:49,-17.8,-20.6,1.0,5.0,26.0
2026-08-15 02:53:49,-17.9,-20.6,0.0,4.0,26.0
2026-08-15 02:52:49,-18.2,-20.7,0.0,4.0,26.0
2026-08-15 02:51:49,-18.3,-20.9,0.0,4.0,26.0
2026-08-15 02:50:49,-18.5,-21.1,1.0,5.0,26.0
2026-08-15 02:49:49,-18.6,-21.4,2.0,5.0,26.0
2026-08-15 02:48:49,-18.5,-21.5,3.0,5.0,26.0
2026-08-15 02:47:49,-18.4,-21.6,4.0,5.0,26.0
2026-08-15 02:46:49,-18.4,-21.5,4.0,5.0,26.0
2026-08-15 02:45:49,-18.3,-21.5,4.0,5.0,26.0
2026-08-15 02:44:49,-18.2,-21.4,4.0,5.0,26.0
2026-08-15 02:43:49,-18.2,-21.3,4.0,5.0,26.0
2026-08-15 02:42:49,-18.1,-21.3,3.0,5.0,26.0
2026-08-15 02:41:49,-18.1,-21.2,3.0,5.0,26.0
2026-08-15 02:40:49,-18.0,-21.2,3.0,5.0,26.0
2026-08-15 02:39:49,-17.9,-21.1,3.0,5.0,26.0
2026-08-15 02:38:49,-17.8,-21.0,3.0,5.0,26.0
2026-08-15 02:37:49,-17.8,-20.9,3.0,5.0,26.0
2026-08-15 02:36:49,-17.8,-20.8,3.0,5.0,26.0
2026-08-15 02:35:49,-17.7,-20.8,3.0,5.0,26.0
2026-08-15 02:34:49,-17.7,-20.7,2.0,5.0,26.0
2026-08-15 02:33:49,-17.7,-20.6,1.0,5.0,26.0
2026-08-15 02:32:49,-17.8,-20.5,1.0,4.0,26.0
2026-08-15 02:31:49,-17.9,-20.6,0.0,4.0,26.0
2026-08-15 02:30:49,-18.2,-20.7,0.0,4.0,26.0
2026-08-15 02:29:49,-18.3,-21.0,0.0,5.0,26.0
2026-08-15 02:28:49,-18.4,-21.2,1.0,5.0,26.0
2026-08-15 02:27:49,-18.4,-21.3,3.0,5.0,26.0
2026-08-15 02:26:49,-18.3,-21.5,4.0,5.0,26.0
2026-08-15 02:25:49,-18.3,-21.4,4.0,5.0,26.0
2026-08-15 02:24:49,-18.2,-21.3,4.0,5.0,26.0
2026-08-15 02:23:49,-18.1,-21.3,4.0,5.0,26.0
2026-08-15 02:22:49,-18.1,-21.2,4.0,5.0,26.0
2026-08-15 02:21:49,-18.0,-21.1,3.0,5.0,26.0
2026-08-15 02:20:49,-17.9,-21.1,3.0,5.0,26.0
2026-08-15 02:19:49,-17.9,-21.1,3.0,5.0,26.0
2026-08-15 02:18:49,-17.8,-21.0,3.0,5.0,26.0
2026-08-15 02:17:49,-17.7,-20.9,3.0,5.0,26.0
2026-08-15 02:16:49,-17.7,-20.8,3.0,5.0,26.0
2026-08-15 02:15:49,-17.6,-20.7,2.0,5.0,26.0
2026-08-15 02:14:49,-17.5,-20.6,2.0,5.0,26.0
2026-08-15 02:13:49,-17.5,-20.6,2.0,5.0,26.0
2026-08-15 02:12:49,-17.5,-20.5,1.0,5.0,26.0
2026-08-15 02:11:49,-17.6,-20.4,1.0,5.0,26.0
2026-08-15 02:10:49,-17.8,-20.4,0.0,4.0,26.0
2026-08-15 02:09:49,-18.0,-20.5,0.0,4.0,26.0
2026-08-15 02:08:49,-18.2,-20.7,0.0,5.0,26.0
2026-08-15 02:07:49,-18.3,-21.0,1.0,5.0,26.0
2026-08-15 02:06:49,-18.4,-21.2,2.0,5.0,26.0
2026-08-15 02:05:49,-18.3,-21.3,4.0,5.0,26.0
2026-08-15 02:04:49,-18.2,-21.3,4.0,5.0,26.0
2026-08-15 02:03:49,-18.1,-21.2,4.0,5.0,26.0
2026-08-15 02:02:49,-18.1,-21.2,4.0,5.0,26.0
2026-08-15 02:01:49,-18.0,-21.1,4.0,5.0,26.0
2026-08-15 02:00:49,-17.9,-21.0,4.0,5.0,26.0
2026-08-15 01:59:49,-17.9,-21.0,3.0,5.0,26.0
2026-08-15 01:58:49,-17.8,-21.0,3.0,5.0,26.0
2026-08-15 01:57:49,-17.7,-20.9,3.0,5.0,26.0
2026-08-15 01:56:49,-17.6,-20.8,3.0,5.0,26.0
2026-08-15 01:55:49,-17.6,-20.7,3.0,5.0,26.0
2026-08-15 01:54:49,-17.5,-20.6,3.0,5.0,26.0
2026-08-15 01:53:49,-17.5,-20.5,3.0,5.0,26.0
2026-08-15 01:52:49,-17.4,-20.5,2.0,5.0,26.0
2026-08-15 01:51:49,-17.4,-20.4,1.0,5.0,26.0
2026-08-15 01:50:49,-17.5,-20.3,1.0,4.0,26.0
2026-08-15 01:49:49,-17.7,-20.3,0.0,4.0,26.0
2026-08-15 01:48:49,-18.0,-20.5,0.0,4.0,26.0
2026-08-15 01:47:49,-18.1,-20.7,0.0,5.0,26.0
2026-08-15 01:46:49,-18.2,-20.9,1.0,5.0,26.0
2026-08-15 01:45:49,-18.2,-21.1,3.0,5.0,26.0
2026-08-15 01:44:49,-18.1,-21.2,4.0,5.0,26.0
2026-08-15 01:43:49,-18.0,-21.2,4.0,5.0,26.0
2026-08-15 01:42:49,-18.0,-21.1,4.0,5.0,26.0
2026-08-15 01:41:49,-17.9,-21.0,4.0,5.0,26.0
2026-08-15 01:40:49,-17.8,-21.0,4.0,5.0,26.0
2026-08-15 01:39:49,-17.8,-20.9,3.0,5.0,26.0
2026-08-15 01:38:49,-17.7,-20.9,3.0,5.0,26.0
2026-08-15 01:37:49,-17.6,-20.8,3.0,5.0,26.0
2026-08-15 01:36:49,-17.6,-20.7,3.0,5.0,26.0
2026-08-15 01:35:49,-17.5,-20.6,3.0,5.0,26.0
2026-08-15 01:34:49,-17.5,-20.5,3.0,5.0,26.0
2026-08-15 01:33:49,-17.4,-20.5,3.0,5.0,26.0
2026-08-15 01:32:49,-17.3,-20.4,2.0,5.0,26.0
2026-08-15 01:31:49,-17.3,-20.3,2.0,5.0,26.0
2026-08-15 01:30:49,-17.3,-20.2,1.0,5.0,26.0
2026-08-15 01:29:49,-17.5,-20.2,0.0,4.0,26.0
2026-08-15 01:28:49,-17.7,-20.2,0.0,5.0,26.0
2026-08-15 01:27:49,-17.9,-20.4,0.0,5.0,26.0
2026-08-15 01:26:49,-18.0,-20.7,1.0,5.0,26.0
2026-08-15 01:25:49,-18.1,-20.9,2.0,5.0,26.0
2026-08-15 01:24:49,-18.1,-21.0,3.0,5.0,26.0
2026-08-15 01:23:49,-17.9,-21.1,4.0,5.0,26.0
2026-08-15 01:22:49,-17.9,-21.0,4.0,5.0,26.0
2026-08-15 01:21:49,-17.8,-20.9,4.0,5.0,26.0
2026-08-15 01:20:49,-17.7,-20.9,4.0,5.0,26.0
2026-08-15 01:19:49,-17.7,-20.8,3.0,5.0,26.0
2026-08-15 01:18:49,-17.6,-20.7,3.0,5.0,26.0
2026-08-15 01:17:49,-17.5,-20.7,3.0,5.0,26.0
2026-08-15 01:16:49,-17.4,-20.5,3.0,5.0,26.0
2026-08-15 01:15:49,-17.4,-20.5,3.0,5.0,26.0
2026-08-15 01:14:49,-17.3,-20.4,3.0,5.0,26.0
2026-08-15 01:13:49,-17.3,-20.3,3.0,5.0,26.0
2026-08-15 01:12:49,-17.2,-20.2,2.0,5.0,26.0
2026-08-15 01:11:49,-17.1,-20.1,2.0,5.0,26.0
2026-08-15 01:10:49,-17.2,-20.0,1.0,5.0,26.0
2026-08-15 01:09:49,-17.3,-20.0,1.0,5.0,26.0
2026-08-15 01:08:49,-17.4,-20.0,0.0,4.0,26.0
2026-08-15 01:07:49,-17.6,-20.2,0.0,4.0,26.0
2026-08-15 01:06:49,-17.8,-20.4,0.0,5.0,26.0
2026-08-15 01:05:49,-17.9,-20.6,1.0,5.0,26.0
2026-08-15 01:04:49,-17.9,-20.8,2.0,5.0,26.0
2026-08-15 01:03:49,-17.9,-20.9,4.0,5.0,26.0
2026-08-15 01:02:49,-17.7,-20.9,4.0,5.0,26.0
2026-08-15 01:01:49,-17.7,-20.8,4.0,5.0,26.0
2026-08-15 01:00:49,-17.6,-20.7,4.0,5.0,26.0
2026-08-15 00:59:49,-17.5,-20.7,4.0,5.0,26.0
2026-08-15 00:58:49,-17.5,-20.6,3.0,5.0,26.0
2026-08-15 00:57:49,-17.4,-20.6,3.0,5.0,26.0
2026-08-15 00:56:49,-17.3,-20.5,3.0,5.0,26.0
2026-08-15 00:55:49,-17.2,-20.4,3.0,5.0,26.0
2026-08-15 00:54:49,-17.2,-20.3,3.0,5.0,26.0
2026-08-15 00:53:49,-17.1,-20.2,3.0,5.0,26.0
2026-08-15 00:52:49,-17.1,-20.1,3.0,5.0,26.0
2026-08-15 00:51:49,-17.0,-20.0,2.0,5.0,26.0
2026-08-15 00:50:49,-17.0,-19.9,2.0,5.0,26.0
2026-08-15 00:49:49,-17.0,-19.8,1.0,5.0,26.0
2026-08-15 00:48:49,-17.1,-19.8,0.0,5.0,26.0
2026-08-15 00:47:49,-17.4,-19.9,0.0,5.0,26.0
2026-08-15 00:46:49,-17.5,-20.1,0.0,5.0,26.0
2026-08-15 00:45:49,-17.7,-20.3,0.0,5.0,26.0
2026-08-15 00:44:49,-17.7,-20.5,1.0,5.0,26.0
2026-08-15 00:43:49,-17.7,-20.7,3.0,5.0,26.0
2026-08-15 00:42:49,-17.5,-20.7,4.0,5.0,26.0
2026-08-15 00:41:49,-17.5,-20.6,4.0,5.0,26.0
2026-08-15 00:40:49,-17.4,-20.5,4.0,5.0,26.0
2026-08-15 00:39:49,-17.3,-20.5,4.0,5.0,26.0
2026-08-15 00:38:49,-17.3,-20.4,3.0,5.0,26.0
2026-08-15 00:37:49,-17.2,-20.3,3.0,6.0,26.0
2026-08-15 00:36:49,-17.1,-20.2,3.0,6.0,26.0
2026-08-15 00:35:49,-17.0,-20.2,3.0,5.0,26.0
2026-08-15 00:34:49,-17.0,-20.0,3.0,5.0,26.0
2026-08-15 00:33:49,-16.9,-20.0,3.0,5.0,26.0
2026-08-15 00:32:49,-16.8,-19.9,2.0,5.0,27.0
2026-08-15 00:31:49,-16.7,-19.8,2.0,5.0,27.0
2026-08-15 00:30:49,-16.7,-19.6,2.0,5.0,27.0
2026-08-15 00:29:49,-16.7,-19.6,1.0,5.0,27.0
2026-08-15 00:28:49,-16.9,-19.5,0.0,5.0,27.0
2026-08-15 00:27:49,-17.2,-19.6,0.0,4.0,27.0
2026-08-15 00:26:49,-17.3,-19.8,0.0,5.0,27.0
2026-08-15 00:25:49,-17.4,-20.0,0.0,5.0,27.0
2026-08-15 00:24:49,-17.5,-20.2,1.0,5.0,27.0
2026-08-15 00:23:49,-17.5,-20.4,2.0,5.0,27.0
2026-08-15 00:22:49,-17.4,-20.5,4.0,5.0,26.0
2026-08-15 00:21:49,-17.3,-20.4,4.0,5.0,26.0
2026-08-15 00:20:49,-17.2,-20.3,4.0,5.0,26.0
2026-08-15 00:19:49,-17.1,-20.3,4.0,5.0,26.0
2026-08-15 00:18:49,-17.1,-20.2,3.0,5.0,26.0
2026-08-15 00:17:49,-17.0,-20.1,3.0,5.0,26.0
2026-08-15 00:16:49,-16.9,-20.0,3.0,5.0,26.0
2026-08-15 00:15:49,-16.8,-19.9,3.0,6.0,26.0
2026-08-15 00:14:49,-16.7,-19.8,3.0,5.0,27.0
2026-08-15 00:13:49,-16.6,-19.7,3.0,5.0,26.0
2026-08-15 00:12:49,-16.6,-19.6,2.0,5.0,26.0
2026-08-15 00:11:49,-16.5,-19.5,2.0,5.0,27.0
2026-08-15 00:10:49,-16.4,-19.3,2.0,5.0,27.0
2026-08-15 00:09:49,-16.3,-19.2,1.0,5.0,27.0
2026-08-15 00:08:49,-16.4,-19.1,1.0,5.0,27.0
2026-08-15 00:07:49,-16.5,-19.0,0.0,4.0,27.0
2026-08-15 00:06:49,-16.7,-19.0,0.0,4.0,27.0
2026-08-15 00:05:49,-16.9,-19.2,0.0,4.0,27.0
2026-08-15 00:04:49,-17.1,-19.4,0.0,4.0,27.0
2026-08-15 00:03:49,-17.3,-19.6,0.0,5.0,27.0
2026-08-15 00:02:49,-17.6,-19.9,1.0,5.0,27.0
2026-08-15 00:01:49,-17.8,-20.3,1.0,5.0,28.0
2026-08-15 00:00:49,-17.9,-20.5,2.0,5.0,28.0
2026-08-14 23:59:49,-17.9,-20.7,4.0,6.0,28.0
2026-08-14 23:58:49,-17.8,-20.8,7.0,5.0,28.0
2026-08-14 23:57:49,-17.8,-20.8,4.0,5.0,27.0
2026-08-14 23:56:49,-17.7,-20.8,4.0,5.0,27.0
2026-08-14 23:55:49,-17.6,-20.7,3.0,5.0,27.0
2026-08-14 23:54:49,-17.5,-20.7,3.0,5.0,27.0
2026-08-14 23:53:49,-17.5,-20.6,3.0,5.0,27.0
2026-08-14 23:52:49,-17.4,-20.6,3.0,5.0,27.0
2026-08-14 23:51:49,-17.4,-20.5,3.0,5.0,27.0
2026-08-14 23:50:49,-17.3,-20.4,3.0,5.0,27.0
2026-08-14 23:49:49,-17.3,-20.3,3.0,5.0,26.0
2026-08-14 23:48:49,-17.2,-20.3,2.0,5.0,26.0
2026-08-14 23:47:49,-17.2,-20.2,2.0,5.0,26.0
2026-08-14 23:46:49,-17.3,-20.1,1.0,5.0,26.0
2026-08-14 23:45:49,-17.4,-20.1,0.0,5.0,26.0
2026-08-14 23:44:49,-17.7,-20.2,0.0,5.0,26.0
2026-08-14 23:43:49,-17.8,-20.4,0.0,5.0,26.0
2026-08-14 23:42:49,-18.0,-20.6,1.0,5.0,26.0
2026-08-14 23:41:49,-18.0,-20.8,2.0,5.0,26.0
2026-08-14 23:40:49,-17.9,-20.9,4.0,5.0,26.0
2026-08-14 23:39:49,-17.8,-20.9,4.0,5.0,26.0
2026-08-14 23:38:49,-17.7,-20.9,4.0,5.0,26.0
2026-08-14 23:37:49,-17.6,-20.8,4.0,5.0,26.0
2026-08-14 23:36:49,-17.6,-20.7,4.0,5.0,26.0
2026-08-14 23:35:49,-17.6,-20.7,3.0,5.0,26.0
2026-08-14 23:34:49,-17.5,-20.6,3.0,5.0,26.0
2026-08-14 23:33:49,-17.4,-20.6,3.0,5.0,26.0
2026-08-14 23:32:49,-17.3,-20.5,3.0,5.0,26.0
2026-08-14 23:31:49,-17.3,-20.4,3.0,5.0,26.0
2026-08-14 23:30:49,-17.2,-20.3,3.0,5.0,26.0
2026-08-14 23:29:49,-17.2,-20.2,3.0,5.0,26.0
2026-08-14 23:28:49,-17.1,-20.1,2.0,5.0,26.0
2026-08-14 23:27:49,-17.1,-20.0,2.0,5.0,26.0
2026-08-14 23:26:49,-17.2,-20.0,1.0,5.0,26.0
2026-08-14 23:25:49,-17.3,-19.9,0.0,4.0,26.0
2026-08-14 23:24:49,-17.5,-20.0,0.0,5.0,26.0
2026-08-14 23:23:49,-17.7,-20.3,0.0,5.0,26.0
2026-08-14 23:22:49,-17.8,-20.5,1.0,5.0,26.0
2026-08-14 23:21:49,-17.9,-20.7,2.0,5.0,26.0
2026-08-14 23:20:49,-17.7,-20.8,4.0,5.0,26.0
2026-08-14 23:19:49,-17.6,-20.8,4.0,5.0,26.0
2026-08-14 23:18:49,-17.6,-20.7,4.0,5.0,26.0
2026-08-14 23:17:49,-17.5,-20.7,4.0,5.0,26.0
2026-08-14 23:16:49,-17.4,-20.6,4.0,5.0,26.0
2026-08-14 23:15:49,-17.4,-20.5,3.0,5.0,26.0
2026-08-14 23:14:49,-17.3,-20.5,3.0,5.0,26.0
2026-08-14 23:13:49,-17.3,-20.4,3.0,5.0,26.0
2026-08-14 23:12:49,-17.2,-20.3,3.0,5.0,26.0
2026-08-14 23:11:49,-17.1,-20.2,3.0,5.0,26.0
2026-08-14 23:10:49,-17.1,-20.2,3.0,5.0,26.0
2026-08-14 23:09:49,-17.0,-20.0,3.0,5.0,26.0
2026-08-14 23:08:49,-17.0,-20.0,2.0,5.0,26.0
2026-08-14 23:07:49,-16.9,-19.9,2.0,5.0,26.0
2026-08-14 23:06:49,-16.9,-19.8,1.0,4.0,26.0
2026-08-14 23:05:49,-17.1,-19.8,0.0,4.0,26.0
2026-08-14 23:04:49,-17.4,-19.8,0.0,4.0,26.0
2026-08-14 23:03:49,-17.5,-20.1,0.0,4.0,26.0
2026-08-14 23:02:49,-17.6,-20.3,1.0,5.0,26.0
2026-08-14 23:01:49,-17.7,-20.5,2.0,5.0,26.0
2026-08-14 23:00:49,-17.6,-20.6,3.0,5.0,26.0
2026-08-14 22:59:49,-17.5,-20.6,4.0,5.0,26.0
2026-08-14 22:58:49,-17.4,-20.6,4.0,5.0,26.0
2026-08-14 22:57:49,-17.4,-20.5,4.0,5.0,26.0
2026-08-14 22:56:49,-17.3,-20.5,3.0,5.0,26.0
2026-08-14 22:55:49,-17.3,-20.4,3.0,5.0,26.0
2026-08-14 22:54:49,-17.2,-20.3,3.0,5.0,26.0
2026-08-14 22:53:49,-17.1,-20.2,3.0,5.0,26.0
2026-08-14 22:52:49,-17.0,-20.2,3.0,5.0,26.0
2026-08-14 22:51:49,-17.0,-20.1,3.0,5.0,26.0
2026-08-14 22:50:49,-16.9,-20.0,2.0,5.0,26.0
2026-08-14 22:49:49,-16.8,-19.9,2.0,5.0,26.0
2026-08-14 22:48:49,-16.8,-19.8,2.0,5.0,26.0
2026-08-14 22:47:49,-16.7,-19.7,2.0,5.0,26.0
2026-08-14 22:46:49,-16.8,-19.6,1.0,4.0,26.0
2026-08-14 22:45:49,-17.0,-19.6,0.0,4.0,26.0
2026-08-14 22:44:49,-17.2,-19.7,0.0,4.0,26.0
2026-08-14 22:43:49,-17.4,-19.9,0.0,5.0,26.0
2026-08-14 22:42:49,-17.5,-20.1,1.0,5.0,26.0
2026-08-14 22:41:49,-17.5,-20.3,2.0,5.0,26.0
2026-08-14 22:40:49,-17.4,-20.4,3.0,5.0,26.0
2026-08-14 22:39:49,-17.3,-20.4,4.0,5.0,26.0
2026-08-14 22:38:49,-17.2,-20.4,4.0,5.0,26.0
2026-08-14 22:37:49,-17.2,-20.3,4.0,5.0,26.0
2026-08-14 22:36:49,-17.1,-20.2,3.0,5.0,26.0
2026-08-14 22:35:49,-17.0,-20.2,3.0,5.0,26.0
2026-08-14 22:34:49,-16.9,-20.1,3.0,5.0,26.0
2026-08-14 22:33:49,-16.9,-20.0,3.0,5.0,26.0
2026-08-14 22:32:49,-16.8,-20.0,3.0,5.0,26.0
2026-08-14 22:31:49,-16.7,-19.9,3.0,5.0,26.0
2026-08-14 22:30:49,-16.7,-19.8,2.0,5.0,26.0
2026-08-14 22:29:49,-16.6,-19.7,2.0,5.0,26.0
2026-08-14 22:28:49,-16.6,-19.6,2.0,5.0,26.0
2026-08-14 22:27:49,-16.6,-19.5,1.0,5.0,26.0
2026-08-14 22:26:49,-16.7,-19.4,0.0,5.0,26.0
2026-08-14 22:25:49,-16.9,-19.4,0.0,4.0,26.0
2026-08-14 22:24:49,-17.1,-19.6,0.0,4.0,26.0
2026-08-14 22:23:49,-17.2,-19.8,0.0,4.0,26.0
2026-08-14 22:22:49,-17.4,-20.0,1.0,5.0,26.0
2026-08-14 22:21:49,-17.3,-20.2,2.0,5.0,26.0
2026-08-14 22:20:49,-17.2,-20.3,4.0,5.0,26.0
2026-08-14 22:19:49,-17.1,-20.2,4.0,5.0,26.0
2026-08-14 22:18:49,-17.1,-20.2,4.0,5.0,26.0
2026-08-14 22:17:49,-17.0,-20.1,3.0,5.0,26.0
2026-08-14 22:16:49,-16.9,-20.0,3.0,5.0,26.0
2026-08-14 22:15:49,-16.8,-20.0,3.0,5.0,26.0
2026-08-14 22:14:49,-16.7,-19.9,3.0,5.0,26.0
2026-08-14 22:13:49,-16.7,-19.8,3.0,5.0,26.0
2026-08-14 22:12:49,-16.6,-19.7,3.0,5.0,26.0
2026-08-14 22:11:49,-16.6,-19.6,2.0,5.0,26.0
2026-08-14 22:10:49,-16.5,-19.5,2.0,5.0,26.0
2026-08-14 22:09:49,-16.4,-19.4,2.0,5.0,26.0
2026-08-14 22:08:49,-16.4,-19.3,1.0,5.0,26.0
2026-08-14 22:07:49,-16.5,-19.2,1.0,4.0,26.0
2026-08-14 22:06:49,-16.7,-19.2,0.0,5.0,26.0
2026-08-14 22:05:49,-16.9,-19.3,0.0,4.0,26.0
2026-08-14 22:04:49,-17.0,-19.6,0.0,4.0,26.0
2026-08-14 22:03:49,-17.1,-19.7,1.0,5.0,26.0
2026-08-14 22:02:49,-17.2,-19.9,2.0,5.0,26.0
2026-08-14 22:01:49,-17.1,-20.1,3.0,5.0,26.0
2026-08-14 22:00:49,-17.0,-20.1,4.0,5.0,26.0
2026-08-14 21:59:49,-16.9,-20.0,4.0,5.0,26.0
2026-08-14 21:58:49,-16.8,-19.9,3.0,5.0,26.0
2026-08-14 21:57:49,-16.8,-19.9,3.0,5.0,26.0
2026-08-14 21:56:49,-16.7,-19.8,3.0,5.0,26.0
2026-08-14 21:55:49,-16.6,-19.7,3.0,5.0,26.0
2026-08-14 21:54:49,-16.5,-19.6,3.0,5.0,26.0
2026-08-14 21:53:49,-16.4,-19.5,3.0,5.0,26.0
2026-08-14 21:52:49,-16.4,-19.4,2.0,5.0,26.0
2026-08-14 21:51:49,-16.3,-19.4,2.0,5.0,26.0
2026-08-14 21:50:49,-16.3,-19.3,2.0,5.0,26.0
2026-08-14 21:49:49,-16.3,-19.2,1.0,5.0,26.0
2026-08-14 21:48:49,-16.3,-19.1,1.0,4.0,26.0
2026-08-14 21:47:49,-16.5,-19.1,0.0,4.0,26.0
2026-08-14 21:46:49,-16.7,-19.2,0.0,4.0,26.0
2026-08-14 21:45:49,-16.9,-19.4,0.0,5.0,26.0
2026-08-14 21:44:49,-16.9,-19.6,1.0,5.0,26.0
2026-08-14 21:43:49,-16.9,-19.8,2.0,5.0,26.0
2026-08-14 21:42:49,-16.8,-19.9,4.0,5.0,26.0
2026-08-14 21:41:49,-16.7,-19.8,3.0,5.0,26.0
2026-08-14 21:40:49,-16.6,-19.7,3.0,5.0,26.0
2026-08-14 21:39:49,-16.6,-19.6,3.0,5.0,26.0
2026-08-14 21:38:49,-16.4,-19.5,3.0,5.0,26.0
2026-08-14 21:37:49,-16.4,-19.4,3.0,5.0,26.0
2026-08-14 21:36:49,-16.3,-19.3,3.0,5.0,26.0
2026-08-14 21:35:49,-16.2,-19.2,2.0,5.0,26.0
2026-08-14 21:34:49,-16.2,-19.1,2.0,5.0,26.0
2026-08-14 21:33:49,-16.1,-19.0,2.0,5.0,26.0
2026-08-14 21:32:49,-16.0,-19.0,2.0,5.0,26.0
2026-08-14 21:31:49,-16.1,-18.9,1.0,5.0,26.0
2026-08-14 21:30:49,-16.2,-18.9,0.0,4.0,26.0
2026-08-14 21:29:49,-16.4,-18.9,0.0,4.0,26.0
2026-08-14 21:28:49,-16.6,-19.1,0.0,4.0,26.0
2026-08-14 21:27:49,-16.7,-19.3,0.0,5.0,26.0
2026-08-14 21:26:49,-16.8,-19.4,1.0,5.0,26.0
2026-08-14 21:25:49,-16.7,-19.6,2.0,5.0,26.0
2026-08-14 21:24:49,-16.5,-19.7,4.0,5.0,26.0
2026-08-14 21:23:49,-16.5,-19.6,3.0,5.0,26.0
2026-08-14 21:22:49,-16.4,-19.5,3.0,5.0,26.0
2026-08-14 21:21:49,-16.3,-19.4,3.0,5.0,26.0
2026-08-14 21:20:49,-16.2,-19.3,3.0,5.0,26.0
2026-08-14 21:19:49,-16.1,-19.2,3.0,5.0,26.0
2026-08-14 21:18:49,-16.0,-19.1,2.0,5.0,26.0
2026-08-14 21:17:49,-16.0,-19.0,2.0,5.0,26.0
2026-08-14 21:16:49,-15.9,-18.9,2.0,5.0,26.0
2026-08-14 21:15:49,-15.8,-18.8,2.0,5.0,26.0
2026-08-14 21:14:49,-15.8,-18.7,1.0,5.0,26.0
2026-08-14 21:13:49,-15.9,-18.6,0.0,4.0,26.0
2026-08-14 21:12:49,-16.0,-18.6,0.0,5.0,26.0
2026-08-14 21:11:49,-16.3,-18.7,0.0,4.0,26.0
2026-08-14 21:10:49,-16.4,-18.8,0.0,4.0,26.0
2026-08-14 21:09:49,-16.5,-19.0,0.0,5.0,26.0
2026-08-14 21:08:49,-16.6,-19.2,1.0,5.0,26.0
2026-08-14 21:07:49,-16.6,-19.3,2.0,5.0,26.0
2026-08-14 21:06:49,-16.4,-19.4,4.0,5.0,26.0
2026-08-14 21:05:49,-16.3,-19.4,3.0,5.0,26.0
2026-08-14 21:04:49,-16.2,-19.3,3.0,5.0,26.0
2026-08-14 21:03:49,-16.1,-19.2,3.0,5.0,26.0
2026-08-14 21:02:49,-16.0,-19.1,3.0,5.0,26.0
2026-08-14 21:01:49,-15.9,-19.0,3.0,5.0,26.0
2026-08-14 21:00:49,-15.9,-18.9,2.0,5.0,26.0
2026-08-14 20:59:49,-15.8,-18.8,2.0,5.0,26.0
2026-08-14 20:58:49,-15.7,-18.7,2.0,5.0,26.0
2026-08-14 20:57:49,-15.7,-18.6,1.0,5.0,26.0
2026-08-14 20:56:49,-15.7,-18.5,1.0,5.0,26.0
2026-08-14 20:55:49,-15.8,-18.5,0.0,5.0,26.0
2026-08-14 20:54:49,-16.1,-18.5,0.0,4.0,26.0
2026-08-14 20:53:49,-16.2,-18.7,0.0,5.0,26.0
2026-08-14 20:52:49,-16.3,-18.9,0.0,5.0,26.0
2026-08-14 20:51:49,-16.4,-19.0,1.0,5.0,26.0
2026-08-14 20:50:49,-16.3,-19.2,2.0,5.0,26.0
2026-08-14 20:49:49,-16.1,-19.2,4.0,5.0,26.0
2026-08-14 20:48:49,-16.0,-19.2,3.0,5.0,26.0
2026-08-14 20:47:49,-16.0,-19.0,3.0,5.0,26.0
2026-08-14 20:46:49,-15.9,-18.9,3.0,5.0,26.0
2026-08-14 20:45:49,-15.8,-18.9,3.0,5.0,26.0
2026-08-14 20:44:49,-15.7,-18.7,2.0,5.0,26.0
2026-08-14 20:43:49,-15.6,-18.7,2.0,5.0,26.0
2026-08-14 20:42:49,-15.6,-18.5,2.0,5.0,26.0
2026-08-14 20:41:49,-15.5,-18.5,2.0,5.0,26.0
2026-08-14 20:40:49,-15.5,-18.3,1.0,5.0,26.0
2026-08-14 20:39:49,-15.6,-18.3,0.0,5.0,26.0
2026-08-14 20:38:49,-15.7,-18.3,0.0,5.0,26.0
2026-08-14 20:37:49,-16.0,-18.4,0.0,5.0,26.0
2026-08-14 20:36:49,-16.1,-18.5,0.0,5.0,26.0
2026-08-14 20:35:49,-16.1,-18.7,0.0,5.0,26.0
2026-08-14 20:34:49,-16.1,-18.9,1.0,5.0,26.0
2026-08-14 20:33:49,-16.0,-19.0,3.0,5.0,26.0
2026-08-14 20:32:49,-15.8,-18.9,3.0,5.0,26.0
2026-08-14 20:31:49,-15.8,-18.8,3.0,5.0,26.0
2026-08-14 20:30:49,-15.7,-18.8,3.0,5.0,26.0
2026-08-14 20:29:49,-15.6,-18.6,3.0,5.0,26.0
2026-08-14 20:28:49,-15.5,-18.5,3.0,5.0,26.0
2026-08-14 20:27:49,-15.5,-18.4,2.0,5.0,26.0
2026-08-14 20:26:49,-15.3,-18.4,2.0,5.0,26.0
2026-08-14 20:25:49,-15.3,-18.2,2.0,5.0,26.0
2026-08-14 20:24:49,-15.3,-18.1,1.0,5.0,26.0
2026-08-14 20:23:49,-15.3,-18.0,1.0,5.0,26.0
2026-08-14 20:22:49,-15.4,-18.0,0.0,5.0,26.0
2026-08-14 20:21:49,-15.6,-18.0,0.0,5.0,26.0
2026-08-14 20:20:49,-15.8,-18.2,0.0,5.0,26.0
2026-08-14 20:19:49,-15.9,-18.4,0.0,5.0,26.0
2026-08-14 20:18:49,-15.9,-18.5,1.0,5.0,26.0
2026-08-14 20:17:49,-15.9,-18.7,2.0,5.0,26.0
2026-08-14 20:16:49,-15.6,-18.7,4.0,5.0,26.0
2026-08-14 20:15:49,-15.5,-18.6,3.0,5.0,26.0
2026-08-14 20:14:49,-15.5,-18.6,3.0,5.0,26.0
2026-08-14 20:13:49,-15.4,-18.5,3.0,5.0,26.0
2026-08-14 20:12:49,-15.3,-18.4,3.0,5.0,26.0
2026-08-14 20:11:49,-15.2,-18.2,2.0,5.0,26.0
2026-08-14 20:10:49,-15.2,-18.1,2.0,5.0,26.0
2026-08-14 20:09:49,-15.1,-18.0,2.0,5.0,26.0
2026-08-14 20:08:49,-15.0,-17.9,1.0,5.0,26.0
2026-08-14 20:07:49,-15.0,-17.8,1.0,5.0,26.0
2026-08-14 20:06:49,-15.1,-17.7,0.0,5.0,26.0
2026-08-14 20:05:49,-15.3,-17.7,0.0,5.0,26.0
2026-08-14 20:04:49,-15.5,-17.9,0.0,5.0,26.0
2026-08-14 20:03:49,-15.6,-18.0,0.0,5.0,26.0
2026-08-14 20:02:49,-15.6,-18.2,0.0,6.0,26.0
2026-08-14 20:01:49,-15.6,-18.4,1.0,5.0,26.0
2026-08-14 20:00:49,-15.5,-18.5,3.0,5.0,26.0
2026-08-14 19:59:49,-15.3,-18.4,3.0,5.0,26.0
2026-08-14 19:58:49,-15.3,-18.3,3.0,5.0,26.0
2026-08-14 19:57:49,-15.1,-18.2,3.0,5.0,26.0
2026-08-14 19:56:49,-15.0,-18.1,3.0,5.0,26.0
2026-08-14 19:55:49,-14.9,-18.0,2.0,5.0,26.0
2026-08-14 19:54:49,-14.9,-17.8,2.0,5.0,26.0
2026-08-14 19:53:49,-14.8,-17.7,2.0,5.0,26.0
2026-08-14 19:52:49,-14.7,-17.6,1.0,5.0,26.0
2026-08-14 19:51:49,-14.7,-17.5,1.0,5.0,26.0
2026-08-14 19:50:49,-14.8,-17.4,0.0,5.0,26.0
2026-08-14 19:49:49,-15.1,-17.4,0.0,5.0,26.0
2026-08-14 19:48:49,-15.2,-17.5,0.0,5.0,26.0
2026-08-14 19:47:49,-15.3,-17.7,0.0,5.0,26.0
2026-08-14 19:46:49,-15.4,-17.9,0.0,5.0,26.0
2026-08-14 19:45:49,-15.4,-18.0,1.0,5.0,26.0
2026-08-14 19:44:49,-15.3,-18.1,3.0,5.0,26.0
2026-08-14 19:43:49,-15.1,-18.1,4.0,5.0,26.0
2026-08-14 19:42:49,-15.0,-18.1,3.0,5.0,26.0
2026-08-14 19:41:49,-14.9,-17.9,3.0,5.0,26.0
2026-08-14 19:40:49,-14.8,-17.8,3.0,5.0,26.0
2026-08-14 19:39:49,-14.7,-17.7,3.0,5.0,26.0
2026-08-14 19:38:49,-14.5,-17.6,2.0,5.0,26.0
2026-08-14 19:37:49,-14.4,-17.5,2.0,5.0,26.0
2026-08-14 19:36:49,-14.4,-17.3,2.0,5.0,26.0
2026-08-14 19:35:49,-14.3,-17.2,1.0,5.0,26.0
2026-08-14 19:34:49,-14.4,-17.1,0.0,5.0,26.0
2026-08-14 19:33:49,-14.6,-17.0,0.0,5.0,26.0
2026-08-14 19:32:49,-14.8,-17.1,0.0,5.0,26.0
2026-08-14 19:31:49,-14.9,-17.2,0.0,5.0,26.0
2026-08-14 19:30:49,-15.0,-17.3,0.0,5.0,26.0
2026-08-14 19:29:49,-15.1,-17.5,0.0,5.0,26.0
2026-08-14 19:28:49,-15.2,-17.7,1.0,5.0,26.0
2026-08-14 19:27:49,-15.3,-17.8,1.0,5.0,26.0
2026-08-14 19:26:49,-15.2,-18.0,3.0,5.0,26.0
2026-08-14 19:25:49,-15.0,-18.1,4.0,6.0,26.0
2026-08-14 19:24:49,-14.9,-18.0,4.0,6.0,26.0
2026-08-14 19:23:49,-14.8,-17.9,4.0,6.0,26.0
2026-08-14 19:22:49,-14.7,-17.8,4.0,5.0,26.0
2026-08-14 19:21:49,-14.6,-17.6,4.0,6.0,26.0
2026-08-14 19:20:49,-14.5,-17.5,3.0,5.0,26.0
2026-08-14 19:19:49,-14.4,-17.4,3.0,5.0,26.0
2026-08-14 19:18:49,-14.3,-17.3,3.0,5.0,26.0
2026-08-14 19:17:49,-14.2,-17.2,3.0,5.0,26.0
2026-08-14 19:16:49,-14.0,-17.0,2.0,6.0,26.0
2026-08-14 19:15:49,-13.9,-16.9,2.0,5.0,26.0
2026-08-14 19:14:49,-13.9,-16.7,1.0,5.0,26.0
2026-08-14 19:13:49,-13.9,-16.6,1.0,6.0,26.0
2026-08-14 19:12:49,-14.0,-16.5,0.0,5.0,26.0
2026-08-14 19:11:49,-14.2,-16.5,0.0,5.0,26.0
2026-08-14 19:10:49,-14.3,-16.5,0.0,5.0,26.0
2026-08-14 19:09:49,-14.4,-16.7,0.0,5.0,26.0
2026-08-14 19:08:49,-14.5,-16.8,0.0,5.0,26.0
2026-08-14 19:07:49,-14.6,-16.9,0.0,5.0,26.0
2026-08-14 19:06:49,-14.8,-17.0,1.0,5.0,26.0
2026-08-14 19:05:49,-14.9,-17.2,1.0,5.0,26.0
2026-08-14 19:04:49,-15.1,-17.4,1.0,5.0,26.0
2026-08-14 19:03:49,-15.2,-17.6,2.0,5.0,26.0
2026-08-14 19:02:49,-15.2,-17.9,2.0,5.0,26.0
2026-08-14 19:01:49,-15.1,-18.0,4.0,5.0,26.0
2026-08-14 19:00:49,-14.9,-18.0,4.0,5.0,26.0
2026-08-14 18:59:49,-14.8,-17.9,4.0,5.0,26.0
2026-08-14 18:58:49,-14.7,-17.8,4.0,5.0,26.0
2026-08-14 18:57:49,-14.6,-17.7,4.0,5.0,26.0
2026-08-14 18:56:49,-14.5,-17.6,4.0,5.0,26.0
2026-08-14 18:55:49,-14.4,-17.5,3.0,5.0,26.0
2026-08-14 18:54:49,-14.3,-17.4,3.0,5.0,26.0
2026-08-14 18:53:49,-14.2,-17.3,3.0,5.0,26.0
2026-08-14 18:52:49,-14.1,-17.2,3.0,5.0,26.0
2026-08-14 18:51:49,-14.0,-17.0,3.0,5.0,26.0
2026-08-14 18:50:49,-13.8,-16.9,3.0,5.0,26.0
2026-08-14 18:49:49,-13.7,-16.8,3.0,5.0,26.0
2026-08-14 18:48:49,-13.6,-16.6,3.0,6.0,26.0
2026-08-14 18:47:49,-13.5,-16.5,3.0,5.0,27.0
2026-08-14 18:46:49,-13.4,-16.3,3.0,5.0,27.0
2026-08-14 18:45:49,-13.3,-16.2,3.0,6.0,27.0
2026-08-14 18:44:49,-13.3,-16.0,3.0,6.0,28.0
2026-08-14 18:43:49,-13.3,-15.8,3.0,6.0,28.0
2026-08-14 18:42:49,-13.4,-15.7,1.0,5.0,27.0
2026-08-14 18:41:49,-13.5,-15.7,0.0,5.0,26.0
2026-08-14 18:40:49,-13.6,-15.8,0.0,5.0,26.0
2026-08-14 18:39:49,-13.6,-15.9,0.0,5.0,26.0
2026-08-14 18:38:49,-13.8,-16.0,0.0,5.0,26.0
2026-08-14 18:37:49,-13.9,-16.2,0.0,5.0,26.0
2026-08-14 18:36:49,-14.0,-16.3,1.0,5.0,26.0
2026-08-14 18:35:49,-14.2,-16.5,1.0,5.0,26.0
2026-08-14 18:34:49,-14.4,-16.7,2.0,6.0,26.0
2026-08-14 18:33:49,-14.5,-17.0,3.0,6.0,26.0
2026-08-14 18:32:49,-14.7,-17.3,3.0,6.0,26.0
2026-08-14 18:31:49,-14.9,-17.5,4.0,6.0,27.0
2026-08-14 18:30:49,-15.0,-17.8,6.0,6.0,27.0
2026-08-14 18:29:49,-14.9,-17.8,7.0,6.0,27.0
2026-08-14 18:28:49,-14.9,-17.7,6.0,6.0,27.0
2026-08-14 18:27:49,-14.8,-17.6,6.0,6.0,27.0
2026-08-14 18:26:49,-14.8,-17.6,6.0,6.0,27.0
2026-08-14 18:25:49,-14.7,-17.5,6.0,6.0,27.0
2026-08-14 18:24:49,-14.6,-17.4,6.0,6.0,26.0
2026-08-14 18:23:49,-14.5,-17.4,6.0,6.0,26.0
2026-08-14 18:22:49,-14.5,-17.2,6.0,6.0,26.0
2026-08-14 18:21:49,-14.4,-17.2,6.0,6.0,26.0
2026-08-14 18:20:49,-14.3,-17.1,6.0,6.0,26.0
2026-08-14 18:19:49,-14.2,-17.0,5.0,7.0,26.0
2026-08-14 18:18:49,-14.1,-16.9,5.0,6.0,26.0
2026-08-14 18:17:49,-14.0,-16.8,5.0,6.0,26.0
2026-08-14 18:16:49,-13.9,-16.7,5.0,6.0,26.0
2026-08-14 18:15:49,-13.9,-16.7,5.0,6.0,27.0
2026-08-14 18:14:49,-13.8,-16.5,5.0,6.0,26.0
2026-08-14 18:13:49,-13.7,-16.4,5.0,6.0,27.0
2026-08-14 18:12:49,-13.6,-16.3,4.0,6.0,27.0
2026-08-14 18:11:49,-13.5,-16.2,4.0,6.0,26.0
2026-08-14 18:10:49,-13.4,-16.1,4.0,6.0,26.0
2026-08-14 18:09:49,-13.2,-15.9,4.0,6.0,26.0
2026-08-14 18:08:49,-13.2,-15.8,4.0,6.0,26.0
2026-08-14 18:07:49,-13.1,-15.6,4.0,6.0,26.0
2026-08-14 18:06:49,-13.0,-15.5,3.0,6.0,26.0
2026-08-14 18:05:49,-12.8,-15.3,3.0,6.0,26.0
2026-08-14 18:04:49,-12.7,-15.2,3.0,6.0,26.0
2026-08-14 18:03:49,-12.6,-15.0,3.0,6.0,27.0
2026-08-14 18:02:49,-12.5,-14.8,2.0,6.0,27.0
2026-08-14 18:01:49,-12.4,-14.6,2.0,6.0,27.0
2026-08-14 18:00:49,-12.2,-14.4,1.0,5.0,27.0
2026-08-14 17:59:49,-12.1,-14.2,0.0,5.0,28.0
2026-08-14 17:58:49,-12.1,-14.2,0.0,5.0,28.0
2026-08-14 17:57:49,-12.1,-14.2,0.0,5.0,27.0
2026-08-14 17:56:49,-12.2,-14.3,0.0,5.0,27.0
2026-08-14 17:55:49,-12.3,-14.4,1.0,6.0,27.0
2026-08-14 17:54:49,-12.5,-14.6,1.0,6.0,28.0
2026-08-14 17:53:49,-12.6,-14.7,2.0,6.0,28.0
2026-08-14 17:52:49,-12.8,-14.9,2.0,6.0,27.0
2026-08-14 17:51:49,-12.8,-15.0,2.0,6.0,27.0
2026-08-14 17:50:49,-13.0,-15.1,2.0,6.0,26.0
2026-08-14 17:49:49,-13.1,-15.3,3.0,6.0,26.0
2026-08-14 17:48:49,-13.3,-15.5,3.0,6.0,26.0
2026-08-14 17:47:49,-13.5,-15.7,4.0,6.0,26.0
2026-08-14 17:46:49,-13.7,-15.9,4.0,6.0,26.0
2026-08-14 17:45:49,-13.9,-16.3,5.0,6.0,27.0
2026-08-14 17:44:49,-14.2,-16.6,6.0,6.0,27.0
2026-08-14 17:43:49,-14.4,-17.0,7.0,6.0,27.0
2026-08-14 17:42:49,-14.4,-17.2,10.0,6.0,28.0
2026-08-14 17:41:49,-14.4,-17.1,9.0,6.0,27.0
2026-08-14 17:40:49,-14.4,-17.0,9.0,6.0,26.0
2026-08-14 17:39:49,-14.3,-17.0,9.0,6.0,26.0
2026-08-14 17:38:49,-14.2,-16.9,8.0,6.0,26.0
2026-08-14 17:37:49,-14.2,-16.8,8.0,6.0,26.0
2026-08-14 17:36:49,-14.1,-16.7,8.0,6.0,26.0
2026-08-14 17:35:49,-14.0,-16.6,8.0,6.0,26.0
2026-08-14 17:34:49,-13.9,-16.6,8.0,6.0,26.0
2026-08-14 17:33:49,-13.9,-16.5,8.0,6.0,26.0
2026-08-14 17:32:49,-13.8,-16.4,8.0,6.0,26.0
2026-08-14 17:31:49,-13.7,-16.4,8.0,6.0,26.0
2026-08-14 17:30:49,-13.6,-16.3,8.0,6.0,26.0
2026-08-14 17:29:49,-13.5,-16.2,8.0,6.0,26.0
2026-08-14 17:28:49,-13.5,-16.1,8.0,6.0,26.0
2026-08-14 17:27:49,-13.4,-16.0,8.0,6.0,26.0
2026-08-14 17:26:49,-13.3,-15.9,7.0,6.0,26.0
2026-08-14 17:25:49,-13.2,-15.9,7.0,6.0,26.0
2026-08-14 17:24:49,-13.1,-15.8,7.0,6.0,26.0
2026-08-14 17:23:49,-13.0,-15.7,7.0,6.0,26.0
2026-08-14 17:22:49,-13.0,-15.6,7.0,6.0,26.0
2026-08-14 17:21:49,-12.9,-15.5,7.0,6.0,26.0
2026-08-14 17:20:49,-12.8,-15.4,7.0,6.0,26.0
2026-08-14 17:19:49,-12.7,-15.3,7.0,6.0,26.0
2026-08-14 17:18:49,-12.6,-15.2,7.0,6.0,26.0
2026-08-14 17:17:49,-12.4,-15.1,7.0,6.0,26.0
2026-08-14 17:16:49,-12.4,-15.0,6.0,6.0,26.0
2026-08-14 17:15:49,-12.3,-14.9,6.0,6.0,26.0
2026-08-14 17:14:49,-12.2,-14.8,6.0,6.0,26.0
2026-08-14 17:13:49,-12.1,-14.7,6.0,6.0,26.0
2026-08-14 17:12:49,-11.9,-14.6,6.0,6.0,26.0
2026-08-14 17:11:49,-11.8,-14.4,6.0,6.0,26.0
2026-08-14 17:10:49,-11.7,-14.4,6.0,6.0,26.0
2026-08-14 17:09:49,-11.6,-14.3,6.0,6.0,26.0
2026-08-14 17:08:49,-11.5,-14.1,6.0,6.0,25.0
2026-08-14 17:07:49,-11.4,-14.0,5.0,6.0,25.0
2026-08-14 17:06:49,-11.3,-13.9,5.0,6.0,26.0
2026-08-14 17:05:49,-11.1,-13.8,5.0,6.0,25.0
2026-08-14 17:04:49,-11.0,-13.7,5.0,6.0,25.0
2026-08-14 17:03:49,-10.8,-13.5,5.0,6.0,25.0
2026-08-14 17:02:49,-10.7,-13.4,5.0,6.0,25.0
2026-08-14 17:01:49,-10.6,-13.3,5.0,6.0,25.0
2026-08-14 17:00:49,-10.5,-13.1,5.0,6.0,25.0
2026-08-14 16:59:49,-10.3,-13.0,4.0,6.0,25.0
2026-08-14 16:58:49,-10.1,-12.8,4.0,6.0,25.0
2026-08-14 16:57:49,-10.0,-12.7,4.0,6.0,25.0
2026-08-14 16:56:49,-9.8,-12.5,4.0,6.0,25.0
2026-08-14 16:55:49,-9.6,-12.3,4.0,6.0,25.0
2026-08-14 16:54:49,-9.5,-12.1,4.0,6.0,25.0
2026-08-14 16:53:49,-9.3,-11.9,4.0,6.0,25.0
2026-08-14 16:52:49,-9.1,-11.7,3.0,6.0,25.0
2026-08-14 16:51:49,-8.9,-11.5,3.0,6.0,26.0
2026-08-14 16:50:49,-8.7,-11.2,3.0,6.0,26.0
2026-08-14 16:49:49,-8.5,-11.0,3.0,6.0,25.0
2026-08-14 16:48:49,-8.3,-10.7,3.0,5.0,26.0
2026-08-14 16:47:49,-8.0,-10.5,2.0,5.0,26.0
2026-08-14 16:46:49,-7.8,-10.1,2.0,5.0,26.0
2026-08-14 16:45:49,-7.6,-9.9,1.0,5.0,26.0
2026-08-14 16:44:49,-7.5,-9.6,1.0,5.0,26.0
2026-08-14 16:43:49,-7.4,-9.5,1.0,5.0,26.0
2026-08-14 16:42:49,-7.3,-9.4,1.0,5.0,26.0
2026-08-14 16:41:49,-7.2,-9.3,1.0,5.0,26.0
2026-08-14 16:40:49,-7.1,-9.2,1.0,5.0,26.0
2026-08-14 16:39:49,-7.0,-9.1,2.0,5.0,26.0
2026-08-14 16:38:49,-6.9,-9.0,2.0,5.0,26.0
2026-08-14 16:37:49,-6.8,-8.9,2.0,5.0,26.0
2026-08-14 16:36:49,-6.6,-8.8,3.0,5.0,26.0
2026-08-14 16:35:49,-6.5,-8.7,3.0,5.0,26.0
2026-08-14 16:34:49,-6.3,-8.6,3.0,6.0,26.0
2026-08-14 16:33:49,-6.2,-8.4,3.0,5.0,26.0
2026-08-14 16:32:49,-6.1,-8.3,4.0,5.0,26.0
2026-08-14 16:31:49,-5.9,-8.2,4.0,5.0,26.0
2026-08-14 16:30:49,-5.7,-8.1,4.0,5.0,26.0
2026-08-14 16:29:49,-5.5,-8.0,4.0,5.0,26.0
2026-08-14 16:28:49,-5.3,-7.9,4.0,5.0,26.0
2026-08-14 16:27:49,-5.2,-7.8,5.0,5.0,26.0
2026-08-14 16:26:49,-5.0,-7.8,5.0,5.0,26.0
2026-08-14 16:25:49,-4.8,-7.9,4.0,5.0,26.0
2026-08-14 16:24:49,-4.8,-8.3,5.0,5.0,26.0
2026-08-14 16:23:49,-5.1,-9.3,5.0,5.0,26.0
2026-08-14 16:22:49,-6.0,-12.1,6.0,5.0,26.0
2026-08-14 16:21:49,-5.9,-12.4,6.0,5.0,26.0
2026-08-14 16:20:49,-5.8,-12.2,6.0,5.0,26.0
2026-08-14 16:19:49,-5.6,-12.0,6.0,5.0,26.0
2026-08-14 16:18:49,-5.4,-11.9,6.0,5.0,26.0
2026-08-14 16:17:49,-5.1,-11.7,6.0,5.0,26.0
2026-08-14 16:16:49,-4.9,-11.5,6.0,5.0,26.0
2026-08-14 16:15:49,-4.6,-11.3,6.0,5.0,26.0
2026-08-14 16:14:49,-4.3,-11.1,5.0,5.0,26.0
2026-08-14 16:13:49,-4.0,-10.9,5.0,5.0,25.0
2026-08-14 16:12:49,-3.7,-10.7,5.0,4.0,24.0
2026-08-14 16:11:49,-3.3,-10.6,5.0,4.0,24.0
2026-08-14 16:10:49,-3.0,-10.4,5.0,5.0,24.0
2026-08-14 16:09:49,-2.7,-10.2,5.0,4.0,24.0
2026-08-14 16:08:49,-2.5,-10.0,5.0,4.0,24.0
2026-08-14 16:07:49,-2.2,-9.8,5.0,4.0,24.0
2026-08-14 16:06:49,-2.0,-9.6,4.0,4.0,24.0
2026-08-14 16:05:49,-1.9,-9.4,4.0,4.0,24.0
2026-08-14 16:04:49,-1.8,-9.3,4.0,4.0,24.0
2026-08-14 16:03:49,-1.9,-9.1,4.0,4.0,24.0
2026-08-14 16:02:49,-2.1,-9.1,4.0,4.0,24.0
2026-08-14 16:01:49,-2.4,-9.1,4.0,4.0,24.0
2026-08-14 16:00:49,-2.8,-9.2,4.0,4.0,24.0
2026-08-14 15:59:49,-3.4,-9.3,4.0,4.0,24.0
2026-08-14 15:58:49,-4.3,-9.7,4.0,4.0,24.0
2026-08-14 15:57:49,-5.4,-10.3,4.0,4.0,24.0
2026-08-14 15:56:49,-6.5,-11.0,4.0,4.0,24.0
2026-08-14 15:55:49,-7.6,-11.8,4.0,4.0,24.0
2026-08-14 15:54:49,-8.4,-12.5,4.0,4.0,24.0
2026-08-14 15:53:49,-9.2,-13.1,4.0,4.0,24.0
2026-08-14 15:52:49,-9.9,-13.7,4.0,4.0,24.0
2026-08-14 15:51:49,-10.5,-14.3,4.0,4.0,24.0
2026-08-14 15:50:49,-11.2,-14.7,4.0,4.0,24.0
2026-08-14 15:49:49,-11.8,-15.2,4.0,4.0,24.0
2026-08-14 15:48:49,-12.4,-15.8,3.0,4.0,24.0
2026-08-14 15:47:49,-13.1,-16.3,3.0,4.0,25.0
2026-08-14 15:46:49,-13.8,-16.8,3.0,4.0,25.0
2026-08-14 15:45:49,-14.4,-17.4,4.0,4.0,25.0
2026-08-14 15:44:49,-15.2,-17.9,4.0,4.0,25.0
2026-08-14 15:43:49,-16.0,-18.5,4.0,4.0,25.0
2026-08-14 15:42:49,-16.7,-19.0,4.0,4.0,25.0
2026-08-14 15:41:49,-17.5,-19.6,4.0,4.0,25.0
2026-08-14 15:40:49,-18.2,-20.1,5.0,5.0,26.0
2026-08-14 15:39:49,-18.6,-20.6,5.0,5.0,25.0
2026-08-14 15:38:49,-18.9,-20.9,4.0,5.0,25.0
2026-08-14 15:37:49,-19.0,-21.2,4.0,5.0,25.0
2026-08-14 15:36:49,-19.0,-21.4,1.0,4.0,24.0
2026-08-14 15:35:49,-19.1,-21.6,1.0,4.0,24.0
2026-08-14 15:34:49,-19.2,-21.8,2.0,4.0,24.0
2026-08-14 15:33:49,-19.2,-22.0,3.0,5.0,24.0
2026-08-14 15:32:49,-19.1,-22.2,4.0,5.0,24.0
2026-08-14 15:31:49,-19.1,-22.1,4.0,5.0,24.0
2026-08-14 15:30:49,-19.0,-22.1,4.0,5.0,24.0
2026-08-14 15:29:49,-19.0,-22.0,4.0,5.0,24.0
2026-08-14 15:28:49,-19.0,-22.0,4.0,4.0,24.0
2026-08-14 15:27:49,-18.9,-21.9,4.0,5.0,24.0
2026-08-14 15:26:49,-18.8,-21.9,4.0,4.0,24.0
2026-08-14 15:25:49,-18.8,-21.8,3.0,5.0,24.0
2026-08-14 15:24:49,-18.8,-21.7,3.0,4.0,24.0
2026-08-14 15:23:49,-18.7,-21.7,3.0,5.0,25.0
2026-08-14 15:22:49,-18.6,-21.6,3.0,5.0,25.0
2026-08-14 15:21:49,-18.6,-21.6,3.0,5.0,26.0
2026-08-14 15:20:49,-18.5,-21.5,3.0,4.0,25.0
2026-08-14 15:19:49,-18.5,-21.4,3.0,5.0,25.0
2026-08-14 15:18:49,-18.3,-21.4,3.0,4.0,25.0
2026-08-14 15:17:49,-18.3,-21.3,3.0,4.0,25.0
2026-08-14 15:16:49,-18.2,-21.2,2.0,4.0,24.0
2026-08-14 15:15:49,-18.2,-21.1,2.0,4.0,24.0
2026-08-14 15:14:49,-18.1,-21.0,2.0,4.0,24.0
2026-08-14 15:13:49,-18.0,-20.9,2.0,4.0,25.0
2026-08-14 15:12:49,-18.0,-20.8,1.0,4.0,24.0
2026-08-14 15:11:49,-18.1,-20.7,0.0,4.0,24.0
2026-08-14 15:10:49,-18.2,-20.7,0.0,5.0,24.0
2026-08-14 15:09:49,-18.4,-20.7,0.0,4.0,24.0
2026-08-14 15:08:49,-18.6,-20.8,0.0,4.0,24.0
2026-08-14 15:07:49,-18.7,-21.0,0.0,4.0,24.0
2026-08-14 15:06:49,-18.9,-21.2,0.0,4.0,24.0
2026-08-14 15:05:49,-19.0,-21.5,0.0,3.0,24.0
2026-08-14 15:04:49,-19.2,-21.7,1.0,4.0,24.0
2026-08-14 15:03:49,-19.2,-21.9,2.0,4.0,24.0
2026-08-14 15:02:49,-19.2,-22.1,3.0,4.0,24.0
2026-08-14 15:01:49,-19.1,-22.1,4.0,4.0,24.0
2026-08-14 15:00:49,-19.1,-22.1,4.0,5.0,24.0
2026-08-14 14:59:49,-19.0,-22.0,5.0,5.0,24.0
2026-08-14 14:58:49,-19.0,-22.0,5.0,5.0,24.0
2026-08-14 14:57:49,-18.9,-22.0,3.0,5.0,24.0
2026-08-14 14:56:49,-18.9,-21.9,3.0,4.0,24.0
2026-08-14 14:55:49,-18.8,-21.9,3.0,4.0,24.0
2026-08-14 14:54:49,-18.8,-21.8,3.0,4.0,24.0
2026-08-14 14:53:49,-18.7,-21.7,3.0,4.0,24.0
2026-08-14 14:52:49,-18.6,-21.6,3.0,4.0,24.0
2026-08-14 14:51:49,-18.5,-21.6,3.0,4.0,24.0
2026-08-14 14:50:49,-18.5,-21.5,2.0,5.0,24.0
2026-08-14 14:49:49,-18.4,-21.4,2.0,4.0,24.0
2026-08-14 14:48:49,-18.4,-21.3,2.0,4.0,24.0
2026-08-14 14:47:49,-18.3,-21.2,2.0,4.0,24.0
2026-08-14 14:46:49,-18.3,-21.1,1.0,4.0,24.0
2026-08-14 14:45:49,-18.3,-21.1,1.0,4.0,24.0
2026-08-14 14:44:49,-18.4,-21.0,0.0,4.0,24.0
2026-08-14 14:43:49,-18.6,-21.0,0.0,4.0,24.0
2026-08-14 14:42:49,-18.8,-21.2,0.0,4.0,24.0
2026-08-14 14:41:49,-19.0,-21.4,0.0,4.0,24.0
2026-08-14 14:40:49,-19.2,-21.6,0.0,4.0,24.0
2026-08-14 14:39:49,-19.3,-21.8,1.0,4.0,24.0
2026-08-14 14:38:49,-19.4,-22.0,2.0,4.0,24.0
2026-08-14 14:37:49,-19.4,-22.2,3.0,5.0,24.0
2026-08-14 14:36:49,-19.3,-22.3,4.0,5.0,24.0
2026-08-14 14:35:49,-19.3,-22.3,4.0,5.0,24.0
2026-08-14 14:34:49,-19.2,-22.3,4.0,5.0,24.0
2026-08-14 14:33:49,-19.2,-22.2,4.0,5.0,24.0
2026-08-14 14:32:49,-19.1,-22.1,4.0,5.0,25.0
2026-08-14 14:31:49,-19.1,-22.1,4.0,5.0,25.0
2026-08-14 14:30:49,-19.0,-22.0,4.0,5.0,25.0
2026-08-14 14:29:49,-19.0,-22.0,3.0,5.0,26.0
2026-08-14 14:28:49,-18.9,-21.9,3.0,5.0,26.0
2026-08-14 14:27:49,-18.8,-21.9,3.0,5.0,25.0
2026-08-14 14:26:49,-18.8,-21.8,3.0,5.0,24.0
2026-08-14 14:25:49,-18.7,-21.7,3.0,5.0,24.0
2026-08-14 14:24:49,-18.7,-21.7,3.0,5.0,24.0
2026-08-14 14:23:49,-18.6,-21.6,3.0,5.0,24.0
2026-08-14 14:22:49,-18.5,-21.5,3.0,5.0,24.0
2026-08-14 14:21:49,-18.4,-21.4,3.0,4.0,24.0
2026-08-14 14:20:49,-18.4,-21.4,2.0,5.0,24.0
2026-08-14 14:19:49,-18.3,-21.2,2.0,4.0,24.0
2026-08-14 14:18:49,-18.2,-21.1,2.0,5.0,24.0
2026-08-14 14:17:49,-18.2,-21.0,1.0,5.0,24.0
2026-08-14 14:16:49,-18.1,-20.9,1.0,4.0,24.0
2026-08-14 14:15:49,-18.1,-20.8,1.0,4.0,24.0
2026-08-14 14:14:49,-18.2,-20.8,0.0,4.0,24.0
2026-08-14 14:13:49,-18.4,-20.7,0.0,4.0,24.0
2026-08-14 14:12:49,-18.6,-20.9,0.0,4.0,24.0
2026-08-14 14:11:49,-18.8,-21.0,0.0,4.0,24.0
2026-08-14 14:10:49,-19.0,-21.2,0.0,4.0,24.0
2026-08-14 14:09:49,-19.2,-21.5,1.0,4.0,24.0
2026-08-14 14:08:49,-19.4,-21.8,1.0,5.0,24.0
2026-08-14 14:07:49,-19.6,-22.0,3.0,5.0,24.0
2026-08-14 14:06:49,-19.7,-22.3,4.0,5.0,24.0
2026-08-14 14:05:49,-19.7,-22.5,2.0,4.0,24.0
2026-08-14 14:04:49,-19.7,-22.7,4.0,5.0,24.0
2026-08-14 14:03:49,-19.6,-22.7,4.0,5.0,24.0
2026-08-14 14:02:49,-19.6,-22.6,4.0,4.0,24.0
2026-08-14 14:01:49,-19.5,-22.6,4.0,5.0,24.0
2026-08-14 14:00:49,-19.5,-22.5,4.0,5.0,24.0
2026-08-14 13:59:49,-19.4,-22.5,4.0,5.0,24.0
2026-08-14 13:58:49,-19.4,-22.5,4.0,5.0,24.0
2026-08-14 13:57:49,-19.4,-22.4,3.0,4.0,24.0
2026-08-14 13:56:49,-19.3,-22.4,4.0,5.0,24.0
2026-08-14 13:55:49,-19.2,-22.3,3.0,5.0,24.0
2026-08-14 13:54:49,-19.2,-22.2,3.0,5.0,24.0
2026-08-14 13:53:49,-19.1,-22.2,3.0,4.0,24.0
2026-08-14 13:52:49,-19.1,-22.1,3.0,5.0,24.0
2026-08-14 13:51:49,-19.0,-22.1,3.0,4.0,24.0
2026-08-14 13:50:49,-19.0,-22.0,3.0,4.0,24.0
2026-08-14 13:49:49,-18.9,-21.9,3.0,4.0,24.0
2026-08-14 13:48:49,-18.8,-21.8,2.0,4.0,24.0
2026-08-14 13:47:49,-18.8,-21.7,2.0,5.0,24.0
2026-08-14 13:46:49,-18.7,-21.7,2.0,4.0,24.0
2026-08-14 13:45:49,-18.7,-21.6,1.0,4.0,24.0
2026-08-14 13:44:49,-18.7,-21.5,1.0,5.0,24.0
2026-08-14 13:43:49,-18.8,-21.5,0.0,4.0,24.0
2026-08-14 13:42:49,-19.0,-21.5,0.0,4.0,24.0
2026-08-14 13:41:49,-19.2,-21.6,0.0,4.0,24.0
2026-08-14 13:40:49,-19.4,-21.8,0.0,4.0,24.0
2026-08-14 13:39:49,-19.6,-22.0,0.0,4.0,24.0
2026-08-14 13:38:49,-19.7,-22.3,1.0,4.0,24.0
2026-08-14 13:37:49,-19.8,-22.5,2.0,4.0,24.0
2026-08-14 13:36:49,-19.7,-22.7,4.0,4.0,24.0
2026-08-14 13:35:49,-19.7,-22.7,4.0,5.0,24.0
2026-08-14 13:34:49,-19.6,-22.6,4.0,5.0,24.0
2026-08-14 13:33:49,-19.6,-22.6,5.0,5.0,24.0
2026-08-14 13:32:49,-19.6,-22.6,5.0,5.0,24.0
2026-08-14 13:31:49,-19.5,-22.6,3.0,4.0,24.0
2026-08-14 13:30:49,-19.5,-22.5,3.0,4.0,24.0
2026-08-14 13:29:49,-19.4,-22.5,3.0,4.0,24.0
2026-08-14 13:28:49,-19.4,-22.4,3.0,4.0,23.0
2026-08-14 13:27:49,-19.3,-22.4,3.0,4.0,23.0
2026-08-14 13:26:49,-19.3,-22.3,3.0,5.0,23.0
2026-08-14 13:25:49,-19.2,-22.2,3.0,4.0,23.0
2026-08-14 13:24:49,-19.2,-22.1,2.0,4.0,23.0
2026-08-14 13:23:49,-19.1,-22.1,2.0,4.0,23.0
2026-08-14 13:22:49,-19.1,-22.0,2.0,4.0,23.0
2026-08-14 13:21:49,-19.0,-21.9,2.0,4.0,23.0
2026-08-14 13:20:49,-19.1,-21.9,1.0,4.0,23.0
2026-08-14 13:19:49,-19.2,-21.8,0.0,4.0,23.0
2026-08-14 13:18:49,-19.3,-21.8,0.0,4.0,23.0
2026-08-14 13:17:49,-19.5,-22.0,0.0,4.0,23.0
2026-08-14 13:16:49,-19.7,-22.2,0.0,4.0,23.0
2026-08-14 13:15:49,-19.8,-22.4,0.0,4.0,23.0
2026-08-14 13:14:49,-20.0,-22.6,1.0,4.0,23.0
2026-08-14 13:13:49,-19.9,-22.8,3.0,5.0,23.0
2026-08-14 13:12:49,-19.9,-22.9,4.0,4.0,23.0
2026-08-14 13:11:49,-19.8,-22.9,4.0,5.0,23.0
2026-08-14 13:10:49,-19.7,-22.8,4.0,4.0,23.0
2026-08-14 13:09:49,-19.7,-22.8,4.0,4.0,23.0
2026-08-14 13:08:49,-19.7,-22.8,4.0,4.0,23.0
2026-08-14 13:07:49,-19.6,-22.7,4.0,4.0,23.0
2026-08-14 13:06:49,-19.6,-22.7,4.0,4.0,23.0
2026-08-14 13:05:49,-19.6,-22.7,4.0,4.0,23.0
2026-08-14 13:04:49,-19.5,-22.6,3.0,4.0,23.0
2026-08-14 13:03:49,-19.5,-22.5,3.0,4.0,24.0
2026-08-14 13:02:49,-19.4,-22.5,3.0,4.0,23.0
2026-08-14 13:01:49,-19.4,-22.4,3.0,4.0,24.0
2026-08-14 13:00:49,-19.3,-22.4,3.0,4.0,23.0
2026-08-14 12:59:49,-19.3,-22.3,3.0,4.0,23.0
2026-08-14 12:58:49,-19.2,-22.2,3.0,4.0,23.0
2026-08-14 12:57:49,-19.1,-22.2,2.0,4.0,23.0
2026-08-14 12:56:49,-19.1,-22.1,2.0,5.0,23.0
2026-08-14 12:55:49,-19.1,-22.0,2.0,4.0,23.0
2026-08-14 12:54:49,-19.0,-21.9,2.0,5.0,23.0
2026-08-14 12:53:49,-19.1,-21.9,1.0,4.0,23.0
2026-08-14 12:52:49,-19.1,-21.8,0.0,4.0,23.0
2026-08-14 12:51:49,-19.3,-21.9,0.0,4.0,23.0
2026-08-14 12:50:49,-19.5,-22.0,0.0,5.0,23.0
2026-08-14 12:49:49,-19.7,-22.2,0.0,4.0,23.0
2026-08-14 12:48:49,-19.8,-22.4,0.0,4.0,23.0
2026-08-14 12:47:49,-19.9,-22.6,1.0,4.0,23.0
2026-08-14 12:46:49,-19.9,-22.8,3.0,4.0,23.0
2026-08-14 12:45:49,-19.8,-22.9,4.0,4.0,23.0
2026-08-14 12:44:49,-19.8,-22.9,4.0,4.0,23.0
2026-08-14 12:43:49,-19.8,-22.8,4.0,4.0,23.0
2026-08-14 12:42:49,-19.7,-22.8,4.0,4.0,23.0
2026-08-14 12:41:49,-19.7,-22.7,4.0,4.0,23.0
2026-08-14 12:40:49,-19.7,-22.7,4.0,5.0,23.0
2026-08-14 12:39:49,-19.6,-22.7,4.0,5.0,23.0
2026-08-14 12:38:49,-19.6,-22.6,4.0,4.0,23.0
2026-08-14 12:37:49,-19.5,-22.6,4.0,4.0,23.0
2026-08-14 12:36:49,-19.5,-22.5,3.0,4.0,23.0
2026-08-14 12:35:49,-19.4,-22.5,3.0,4.0,23.0
2026-08-14 12:34:49,-19.4,-22.4,3.0,4.0,23.0
2026-08-14 12:33:49,-19.3,-22.4,3.0,4.0,23.0
2026-08-14 12:32:49,-19.2,-22.3,3.0,4.0,23.0
2026-08-14 12:31:49,-19.2,-22.2,3.0,4.0,23.0
2026-08-14 12:30:49,-19.1,-22.1,2.0,4.0,23.0
2026-08-14 12:29:49,-19.1,-22.1,2.0,4.0,23.0
2026-08-14 12:28:49,-19.0,-22.0,2.0,4.0,23.0
2026-08-14 12:27:49,-19.0,-21.9,2.0,4.0,23.0
2026-08-14 12:26:49,-19.0,-21.9,1.0,4.0,23.0
2026-08-14 12:25:49,-19.1,-21.8,1.0,4.0,23.0
2026-08-14 12:24:49,-19.3,-21.8,0.0,5.0,23.0
2026-08-14 12:23:49,-19.4,-21.9,0.0,4.0,23.0
2026-08-14 12:22:49,-19.6,-22.1,0.0,4.0,23.0
2026-08-14 12:21:49,-19.8,-22.3,0.0,4.0,23.0
2026-08-14 12:20:49,-19.9,-22.5,1.0,4.0,23.0
2026-08-14 12:19:49,-19.9,-22.7,3.0,5.0,23.0
2026-08-14 12:18:49,-19.8,-22.9,4.0,4.0,23.0
2026-08-14 12:17:49,-19.8,-22.9,4.0,4.0,23.0
2026-08-14 12:16:49,-19.7,-22.8,4.0,5.0,23.0
2026-08-14 12:15:49,-19.7,-22.8,4.0,4.0,23.0
2026-08-14 12:14:49,-19.6,-22.7,4.0,4.0,23.0
2026-08-14 12:13:49,-19.6,-22.7,4.0,5.0,23.0
2026-08-14 12:12:49,-19.6,-22.6,4.0,4.0,23.0
2026-08-14 12:11:49,-19.5,-22.6,4.0,5.0,23.0
2026-08-14 12:10:49,-19.5,-22.6,4.0,4.0,23.0
2026-08-14 12:09:49,-19.4,-22.5,3.0,4.0,23.0
2026-08-14 12:08:49,-19.4,-22.4,3.0,4.0,23.0
2026-08-14 12:07:49,-19.4,-22.4,3.0,4.0,23.0
2026-08-14 12:06:49,-19.3,-22.3,3.0,4.0,23.0
2026-08-14 12:05:49,-19.2,-22.3,3.0,5.0,23.0
2026-08-14 12:04:49,-19.2,-22.2,3.0,4.0,23.0
2026-08-14 12:03:49,-19.1,-22.1,2.0,4.0,23.0
2026-08-14 12:02:49,-19.1,-22.0,2.0,4.0,23.0
2026-08-14 12:01:49,-19.1,-22.0,2.0,4.0,23.0
2026-08-14 12:00:49,-19.0,-21.9,2.0,4.0,23.0
2026-08-14 11:59:49,-19.0,-21.8,1.0,4.0,23.0
2026-08-14 11:58:49,-19.1,-21.8,1.0,4.0,23.0
2026-08-14 11:57:49,-19.2,-21.8,0.0,4.0,23.0
2026-08-14 11:56:49,-19.5,-21.9,0.0,4.0,23.0
2026-08-14 11:55:49,-19.6,-22.1,0.0,4.0,23.0
2026-08-14 11:54:49,-19.8,-22.3,0.0,4.0,23.0
2026-08-14 11:53:49,-19.9,-22.5,1.0,4.0,23.0
2026-08-14 11:52:49,-19.9,-22.7,3.0,4.0,23.0
2026-08-14 11:51:49,-19.8,-22.8,4.0,4.0,23.0
2026-08-14 11:50:49,-19.8,-22.8,4.0,4.0,23.0
2026-08-14 11:49:49,-19.7,-22.8,4.0,4.0,23.0
2026-08-14 11:48:49,-19.7,-22.7,4.0,4.0,23.0
2026-08-14 11:47:49,-19.6,-22.7,4.0,4.0,23.0
2026-08-14 11:46:49,-19.6,-22.6,4.0,5.0,23.0
2026-08-14 11:45:49,-19.6,-22.6,4.0,5.0,23.0
2026-08-14 11:44:49,-19.5,-22.5,4.0,4.0,23.0
2026-08-14 11:43:49,-19.5,-22.5,4.0,4.0,23.0
2026-08-14 11:42:49,-19.4,-22.5,3.0,4.0,23.0
2026-08-14 11:41:49,-19.4,-22.4,3.0,4.0,23.0
2026-08-14 11:40:49,-19.3,-22.4,3.0,4.0,23.0
2026-08-14 11:39:49,-19.3,-22.3,3.0,4.0,23.0
2026-08-14 11:38:49,-19.2,-22.2,3.0,4.0,23.0
2026-08-14 11:37:49,-19.1,-22.2,3.0,4.0,23.0
2026-08-14 11:36:49,-19.1,-22.1,3.0,4.0,23.0
2026-08-14 11:35:49,-19.0,-22.0,2.0,4.0,23.0
2026-08-14 11:34:49,-19.0,-21.9,2.0,5.0,23.0
2026-08-14 11:33:49,-19.0,-21.9,2.0,4.0,23.0
2026-08-14 11:32:49,-18.9,-21.8,1.0,4.0,23.0
2026-08-14 11:31:49,-19.0,-21.7,1.0,4.0,23.0
2026-08-14 11:30:49,-19.1,-21.7,0.0,4.0,23.0
2026-08-14 11:29:49,-19.3,-21.8,0.0,4.0,23.0
2026-08-14 11:28:49,-19.5,-22.0,0.0,4.0,23.0
2026-08-14 11:27:49,-19.7,-22.2,0.0,4.0,23.0
2026-08-14 11:26:49,-19.8,-22.4,1.0,4.0,23.0
2026-08-14 11:25:49,-19.9,-22.6,2.0,5.0,23.0
2026-08-14 11:24:49,-19.8,-22.8,4.0,5.0,23.0
2026-08-14 11:23:49,-19.7,-22.8,4.0,5.0,23.0
2026-08-14 11:22:49,-19.7,-22.7,4.0,5.0,23.0
2026-08-14 11:21:49,-19.6,-22.7,4.0,4.0,23.0
2026-08-14 11:20:49,-19.6,-22.6,4.0,5.0,23.0
2026-08-14 11:19:49,-19.6,-22.6,4.0,4.0,23.0
2026-08-14 11:18:49,-19.5,-22.6,4.0,5.0,23.0
2026-08-14 11:17:49,-19.5,-22.6,4.0,5.0,23.0
2026-08-14 11:16:49,-19.4,-22.5,4.0,4.0,23.0
2026-08-14 11:15:49,-19.4,-22.4,3.0,5.0,23.0
2026-08-14 11:14:49,-19.4,-22.4,3.0,5.0,23.0
2026-08-14 11:13:49,-19.3,-22.3,3.0,4.0,23.0
2026-08-14 11:12:49,-19.2,-22.3,3.0,5.0,23.0
2026-08-14 11:11:49,-19.1,-22.2,3.0,4.0,23.0
2026-08-14 11:10:49,-19.1,-22.1,3.0,4.0,23.0
2026-08-14 11:09:49,-19.0,-22.1,2.0,4.0,23.0
2026-08-14 11:08:49,-19.0,-22.0,2.0,4.0,23.0
2026-08-14 11:07:49,-18.9,-21.9,2.0,4.0,23.0
2026-08-14 11:06:49,-18.9,-21.8,2.0,4.0,23.0
2026-08-14 11:05:49,-18.9,-21.8,1.0,4.0,23.0
2026-08-14 11:04:49,-19.0,-21.7,1.0,4.0,23.0
2026-08-14 11:03:49,-19.1,-21.7,0.0,4.0,23.0
2026-08-14 11:02:49,-19.3,-21.7,0.0,4.0,23.0
2026-08-14 11:01:49,-19.5,-22.0,0.0,4.0,23.0
2026-08-14 11:00:49,-19.7,-22.2,0.0,4.0,23.0
2026-08-14 10:59:49,-19.8,-22.4,1.0,4.0,23.0
2026-08-14 10:58:49,-19.8,-22.6,3.0,5.0,23.0
2026-08-14 10:57:49,-19.7,-22.7,4.0,5.0,23.0
2026-08-14 10:56:49,-19.7,-22.7,4.0,5.0,23.0
2026-08-14 10:55:49,-19.6,-22.7,4.0,5.0,23.0
2026-08-14 10:54:49,-19.6,-22.6,4.0,5.0,23.0
2026-08-14 10:53:49,-19.5,-22.6,4.0,4.0,23.0
2026-08-14 10:52:49,-19.5,-22.5,4.0,4.0,23.0
2026-08-14 10:51:49,-19.4,-22.5,4.0,5.0,23.0
2026-08-14 10:50:49,-19.4,-22.5,4.0,4.0,23.0
2026-08-14 10:49:49,-19.4,-22.4,3.0,5.0,23.0
2026-08-14 10:48:49,-19.3,-22.4,3.0,4.0,23.0
2026-08-14 10:47:49,-19.3,-22.3,3.0,4.0,23.0
2026-08-14 10:46:49,-19.2,-22.2,3.0,4.0,23.0
2026-08-14 10:45:49,-19.2,-22.2,3.0,4.0,23.0
2026-08-14 10:44:49,-19.1,-22.1,3.0,4.0,23.0
2026-08-14 10:43:49,-19.0,-22.0,3.0,4.0,23.0
2026-08-14 10:42:49,-19.0,-22.0,2.0,5.0,23.0
2026-08-14 10:41:49,-18.9,-21.9,2.0,4.0,23.0
2026-08-14 10:40:49,-18.9,-21.8,2.0,4.0,23.0
2026-08-14 10:39:49,-18.9,-21.8,1.0,4.0,23.0
2026-08-14 10:38:49,-18.9,-21.7,1.0,4.0,23.0
2026-08-14 10:37:49,-19.0,-21.6,0.0,4.0,23.0
2026-08-14 10:36:49,-19.2,-21.7,0.0,4.0,23.0
2026-08-14 10:35:49,-19.4,-21.8,0.0,4.0,23.0
2026-08-14 10:34:49,-19.5,-22.0,0.0,5.0,23.0
2026-08-14 10:33:49,-19.7,-22.3,1.0,4.0,23.0
2026-08-14 10:32:49,-19.7,-22.5,2.0,4.0,23.0
2026-08-14 10:31:49,-19.7,-22.7,4.0,5.0,23.0
2026-08-14 10:30:49,-19.6,-22.7,4.0,5.0,23.0
2026-08-14 10:29:49,-19.6,-22.6,4.0,5.0,23.0
2026-08-14 10:28:49,-19.5,-22.6,4.0,4.0,23.0
2026-08-14 10:27:49,-19.5,-22.5,4.0,5.0,23.0
2026-08-14 10:26:49,-19.5,-22.5,4.0,4.0,23.0
2026-08-14 10:25:49,-19.4,-22.5,4.0,4.0,23.0
2026-08-14 10:24:49,-19.4,-22.4,4.0,4.0,23.0
2026-08-14 10:23:49,-19.3,-22.4,3.0,5.0,23.0
2026-08-14 10:22:49,-19.3,-22.3,3.0,5.0,23.0
2026-08-14 10:21:49,-19.2,-22.3,3.0,4.0,23.0
2026-08-14 10:20:49,-19.2,-22.2,3.0,4.0,23.0
2026-08-14 10:19:49,-19.1,-22.1,3.0,4.0,23.0
2026-08-14 10:18:49,-19.1,-22.1,3.0,4.0,23.0
2026-08-14 10:17:49,-19.0,-22.0,3.0,4.0,23.0
2026-08-14 10:16:49,-19.0,-21.9,2.0,4.0,24.0
2026-08-14 10:15:49,-18.9,-21.8,2.0,5.0,23.0
2026-08-14 10:14:49,-18.9,-21.8,2.0,4.0,23.0
2026-08-14 10:13:49,-18.9,-21.7,1.0,5.0,23.0
2026-08-14 10:12:49,-18.9,-21.6,1.0,4.0,23.0
2026-08-14 10:11:49,-19.1,-21.7,0.0,4.0,23.0
2026-08-14 10:10:49,-19.3,-21.7,0.0,4.0,23.0
2026-08-14 10:09:49,-19.4,-21.9,0.0,4.0,23.0
2026-08-14 10:08:49,-19.6,-22.1,0.0,4.0,23.0
2026-08-14 10:07:49,-19.7,-22.4,1.0,5.0,23.0
2026-08-14 10:06:49,-19.7,-22.5,3.0,5.0,23.0
2026-08-14 10:05:49,-19.6,-22.7,4.0,5.0,23.0
2026-08-14 10:04:49,-19.5,-22.6,4.0,5.0,23.0
2026-08-14 10:03:49,-19.5,-22.6,4.0,5.0,23.0
2026-08-14 10:02:49,-19.5,-22.5,4.0,5.0,23.0
2026-08-14 10:01:49,-19.4,-22.5,4.0,5.0,23.0
2026-08-14 10:00:49,-19.4,-22.4,4.0,5.0,23.0
2026-08-14 09:59:49,-19.4,-22.4,4.0,4.0,23.0
2026-08-14 09:58:49,-19.3,-22.3,3.0,4.0,23.0
2026-08-14 09:57:49,-19.2,-22.3,3.0,4.0,23.0
2026-08-14 09:56:49,-19.2,-22.2,3.0,4.0,23.0
2026-08-14 09:55:49,-19.2,-22.2,3.0,4.0,23.0
2026-08-14 09:54:49,-19.1,-22.1,3.0,4.0,23.0
2026-08-14 09:53:49,-19.0,-22.1,3.0,5.0,23.0
2026-08-14 09:52:49,-19.0,-22.0,3.0,4.0,23.0
2026-08-14 09:51:49,-18.9,-21.9,2.0,4.0,23.0
2026-08-14 09:50:49,-18.9,-21.8,2.0,4.0,23.0
2026-08-14 09:49:49,-18.8,-21.8,2.0,4.0,23.0
2026-08-14 09:48:49,-18.8,-21.7,2.0,4.0,23.0
2026-08-14 09:47:49,-18.8,-21.6,1.0,4.0,23.0
2026-08-14 09:46:49,-18.9,-21.6,0.0,4.0,23.0
2026-08-14 09:45:49,-19.1,-21.6,0.0,4.0,23.0
2026-08-14 09:44:49,-19.3,-21.7,0.0,4.0,23.0
2026-08-14 09:43:49,-19.4,-21.9,0.0,4.0,23.0
2026-08-14 09:42:49,-19.6,-22.1,0.0,4.0,23.0
2026-08-14 09:41:49,-19.6,-22.3,1.0,4.0,23.0
2026-08-14 09:40:49,-19.6,-22.5,3.0,5.0,24.0
2026-08-14 09:39:49,-19.5,-22.6,4.0,5.0,24.0
2026-08-14 09:38:49,-19.5,-22.5,4.0,5.0,24.0
2026-08-14 09:37:49,-19.4,-22.5,4.0,5.0,23.0
2026-08-14 09:36:49,-19.4,-22.5,4.0,4.0,23.0
2026-08-14 09:35:49,-19.4,-22.4,4.0,4.0,23.0
2026-08-14 09:34:49,-19.3,-22.4,4.0,5.0,23.0
2026-08-14 09:33:49,-19.3,-22.4,4.0,4.0,23.0
2026-08-14 09:32:49,-19.2,-22.3,3.0,4.0,23.0
2026-08-14 09:31:49,-19.2,-22.2,3.0,4.0,23.0
2026-08-14 09:30:49,-19.1,-22.2,3.0,5.0,23.0
2026-08-14 09:29:49,-19.1,-22.1,3.0,4.0,23.0
2026-08-14 09:28:49,-19.0,-22.1,3.0,4.0,23.0
2026-08-14 09:27:49,-19.0,-22.0,3.0,4.0,23.0
2026-08-14 09:26:49,-18.9,-21.9,3.0,5.0,24.0
2026-08-14 09:25:49,-18.9,-21.8,2.0,4.0,24.0
2026-08-14 09:24:49,-18.8,-21.8,2.0,4.0,24.0
2026-08-14 09:23:49,-18.8,-21.7,2.0,5.0,24.0
2026-08-14 09:22:49,-18.8,-21.6,1.0,4.0,24.0
2026-08-14 09:21:49,-18.8,-21.6,1.0,4.0,24.0
2026-08-14 09:20:49,-19.0,-21.6,0.0,4.0,24.0
2026-08-14 09:19:49,-19.2,-21.6,0.0,4.0,24.0
2026-08-14 09:18:49,-19.4,-21.8,0.0,4.0,24.0
2026-08-14 09:17:49,-19.5,-22.0,0.0,4.0,23.0
2026-08-14 09:16:49,-19.6,-22.2,1.0,4.0,23.0
2026-08-14 09:15:49,-19.6,-22.4,3.0,5.0,24.0
2026-08-14 09:14:49,-19.5,-22.6,4.0,5.0,24.0
2026-08-14 09:13:49,-19.4,-22.5,4.0,5.0,24.0
2026-08-14 09:12:49,-19.4,-22.5,4.0,5.0,24.0
2026-08-14 09:11:49,-19.4,-22.4,4.0,5.0,24.0
2026-08-14 09:10:49,-19.4,-22.4,4.0,5.0,24.0
2026-08-14 09:09:49,-19.3,-22.3,4.0,5.0,24.0
2026-08-14 09:08:49,-19.2,-22.3,4.0,4.0,24.0
2026-08-14 09:07:49,-19.2,-22.2,3.0,5.0,24.0
2026-08-14 09:06:49,-19.1,-22.2,3.0,5.0,24.0
2026-08-14 09:05:49,-19.1,-22.1,3.0,5.0,24.0
2026-08-14 09:04:49,-19.0,-22.1,3.0,5.0,24.0
2026-08-14 09:03:49,-19.0,-22.0,3.0,4.0,24.0
2026-08-14 09:02:49,-18.9,-21.9,3.0,4.0,24.0
2026-08-14 09:01:49,-18.8,-21.9,3.0,4.0,24.0
2026-08-14 09:00:49,-18.8,-21.8,2.0,4.0,24.0
2026-08-14 08:59:49,-18.8,-21.7,2.0,4.0,24.0
2026-08-14 08:58:49,-18.7,-21.6,2.0,4.0,24.0
2026-08-14 08:57:49,-18.7,-21.6,1.0,4.0,24.0
2026-08-14 08:56:49,-18.8,-21.5,1.0,4.0,24.0
2026-08-14 08:55:49,-18.9,-21.5,0.0,4.0,24.0
2026-08-14 08:54:49,-19.1,-21.5,0.0,4.0,24.0
2026-08-14 08:53:49,-19.3,-21.7,0.0,4.0,24.0
2026-08-14 08:52:49,-19.4,-21.9,0.0,4.0,24.0
2026-08-14 08:51:49,-19.6,-22.2,1.0,4.0,24.0
2026-08-14 08:50:49,-19.6,-22.4,3.0,5.0,24.0
2026-08-14 08:49:49,-19.5,-22.5,4.0,5.0,24.0
2026-08-14 08:48:49,-19.4,-22.5,4.0,5.0,24.0
2026-08-14 08:47:49,-19.4,-22.5,4.0,5.0,24.0
2026-08-14 08:46:49,-19.4,-22.4,4.0,5.0,24.0
2026-08-14 08:45:49,-19.3,-22.3,4.0,5.0,24.0
2026-08-14 08:44:49,-19.3,-22.3,4.0,4.0,24.0
2026-08-14 08:43:49,-19.2,-22.3,4.0,5.0,24.0
2026-08-14 08:42:49,-19.2,-22.2,4.0,4.0,24.0
2026-08-14 08:41:49,-19.1,-22.2,3.0,5.0,24.0
2026-08-14 08:40:49,-19.1,-22.1,3.0,5.0,24.0
2026-08-14 08:39:49,-19.0,-22.0,3.0,5.0,24.0
2026-08-14 08:38:49,-19.0,-22.0,3.0,4.0,24.0
2026-08-14 08:37:49,-18.9,-21.9,3.0,5.0,24.0
2026-08-14 08:36:49,-18.8,-21.8,3.0,4.0,24.0
2026-08-14 08:35:49,-18.8,-21.8,2.0,4.0,24.0
2026-08-14 08:34:49,-18.7,-21.7,2.0,4.0,24.0
2026-08-14 08:33:49,-18.7,-21.6,2.0,4.0,24.0
2026-08-14 08:32:49,-18.6,-21.5,2.0,4.0,24.0
2026-08-14 08:31:49,-18.7,-21.5,1.0,4.0,24.0
2026-08-14 08:30:49,-18.8,-21.5,0.0,4.0,24.0
2026-08-14 08:29:49,-18.9,-21.5,0.0,4.0,24.0
2026-08-14 08:28:49,-19.2,-21.5,0.0,4.0,24.0
2026-08-14 08:27:49,-19.3,-21.8,0.0,4.0,24.0
2026-08-14 08:26:49,-19.4,-22.0,1.0,4.0,24.0
2026-08-14 08:25:49,-19.5,-22.2,2.0,4.0,24.0
2026-08-14 08:24:49,-19.5,-22.4,3.0,5.0,24.0
2026-08-14 08:23:49,-19.4,-22.5,4.0,5.0,24.0
2026-08-14 08:22:49,-19.4,-22.4,4.0,4.0,24.0
2026-08-14 08:21:49,-19.3,-22.4,4.0,5.0,24.0
2026-08-14 08:20:49,-19.3,-22.3,4.0,5.0,24.0
2026-08-14 08:19:49,-19.2,-22.3,4.0,5.0,24.0
2026-08-14 08:18:49,-19.2,-22.2,4.0,5.0,24.0
2026-08-14 08:17:49,-19.1,-22.2,4.0,5.0,24.0
2026-08-14 08:16:49,-19.1,-22.1,3.0,5.0,24.0
2026-08-14 08:15:49,-19.0,-22.1,3.0,5.0,24.0
2026-08-14 08:14:49,-19.0,-22.0,3.0,5.0,24.0
2026-08-14 08:13:49,-18.9,-22.0,3.0,4.0,24.0
2026-08-14 08:12:49,-18.9,-21.9,3.0,4.0,24.0
2026-08-14 08:11:49,-18.8,-21.8,3.0,5.0,24.0
2026-08-14 08:10:49,-18.8,-21.7,2.0,5.0,24.0
2026-08-14 08:09:49,-18.7,-21.7,2.0,5.0,24.0
2026-08-14 08:08:49,-18.6,-21.6,2.0,4.0,24.0
2026-08-14 08:07:49,-18.6,-21.5,2.0,4.0,24.0
2026-08-14 08:06:49,-18.6,-21.4,1.0,4.0,24.0
2026-08-14 08:05:49,-18.7,-21.4,1.0,5.0,24.0
2026-08-14 08:04:49,-18.8,-21.4,0.0,4.0,24.0
2026-08-14 08:03:49,-19.1,-21.5,0.0,5.0,24.0
2026-08-14 08:02:49,-19.2,-21.7,0.0,4.0,24.0
2026-08-14 08:01:49,-19.4,-21.9,0.0,4.0,24.0
2026-08-14 08:00:49,-19.5,-22.1,2.0,4.0,24.0
2026-08-14 07:59:49,-19.4,-22.3,3.0,5.0,24.0
2026-08-14 07:58:49,-19.4,-22.4,4.0,5.0,24.0
2026-08-14 07:57:49,-19.3,-22.3,4.0,5.0,24.0
2026-08-14 07:56:49,-19.3,-22.3,4.0,5.0,24.0
2026-08-14 07:55:49,-19.3,-22.3,4.0,5.0,24.0
2026-08-14 07:54:49,-19.2,-22.2,4.0,5.0,24.0
2026-08-14 07:53:49,-19.2,-22.2,4.0,4.0,24.0
2026-08-14 07:52:49,-19.1,-22.1,4.0,5.0,24.0
2026-08-14 07:51:49,-19.1,-22.1,3.0,5.0,24.0
2026-08-14 07:50:49,-19.0,-22.0,3.0,4.0,24.0
2026-08-14 07:49:49,-19.0,-22.0,3.0,5.0,24.0
2026-08-14 07:48:49,-18.9,-21.9,3.0,5.0,24.0
2026-08-14 07:47:49,-18.8,-21.8,3.0,4.0,24.0
2026-08-14 07:46:49,-18.7,-21.8,3.0,4.0,24.0
2026-08-14 07:45:49,-18.7,-21.7,2.0,5.0,24.0
2026-08-14 07:44:49,-18.7,-21.6,2.0,4.0,24.0
2026-08-14 07:43:49,-18.6,-21.6,2.0,4.0,24.0
2026-08-14 07:42:49,-18.6,-21.4,2.0,4.0,24.0
2026-08-14 07:41:49,-18.6,-21.4,1.0,4.0,24.0
2026-08-14 07:40:49,-18.6,-21.4,1.0,4.0,24.0
2026-08-14 07:39:49,-18.8,-21.4,0.0,4.0,24.0
2026-08-14 07:38:49,-19.0,-21.5,0.0,4.0,24.0
2026-08-14 07:37:49,-19.2,-21.7,0.0,4.0,24.0
2026-08-14 07:36:49,-19.3,-21.9,0.0,4.0,24.0
2026-08-14 07:35:49,-19.4,-22.1,1.0,4.0,24.0
2026-08-14 07:34:49,-19.4,-22.3,3.0,5.0,24.0
2026-08-14 07:33:49,-19.3,-22.4,4.0,5.0,24.0
2026-08-14 07:32:49,-19.3,-22.3,4.0,5.0,24.0
2026-08-14 07:31:49,-19.2,-22.3,4.0,5.0,24.0
2026-08-14 07:30:49,-19.2,-22.2,4.0,5.0,24.0
2026-08-14 07:29:49,-19.2,-22.2,4.0,5.0,24.0
2026-08-14 07:28:49,-19.1,-22.1,4.0,5.0,24.0
2026-08-14 07:27:49,-19.1,-22.1,4.0,5.0,24.0
2026-08-14 07:26:49,-19.0,-22.0,3.0,5.0,24.0
2026-08-14 07:25:49,-18.9,-21.9,3.0,4.0,24.0
2026-08-14 07:24:49,-18.9,-21.9,3.0,4.0,24.0
2026-08-14 07:23:49,-18.8,-21.9,3.0,4.0,24.0
2026-08-14 07:22:49,-18.7,-21.8,3.0,5.0,24.0
2026-08-14 07:21:49,-18.7,-21.7,3.0,5.0,24.0
2026-08-14 07:20:49,-18.6,-21.6,2.0,4.0,24.0
2026-08-14 07:19:49,-18.6,-21.5,2.0,5.0,24.0
2026-08-14 07:18:49,-18.5,-21.5,2.0,5.0,24.0
2026-08-14 07:17:49,-18.5,-21.4,2.0,4.0,24.0
2026-08-14 07:16:49,-18.5,-21.3,1.0,4.0,24.0
2026-08-14 07:15:49,-18.6,-21.3,1.0,5.0,24.0
2026-08-14 07:14:49,-18.7,-21.3,0.0,4.0,24.0
2026-08-14 07:13:49,-18.9,-21.3,0.0,4.0,24.0
2026-08-14 07:12:49,-19.1,-21.5,0.0,4.0,24.0
2026-08-14 07:11:49,-19.3,-21.8,0.0,4.0,24.0
2026-08-14 07:10:49,-19.3,-22.0,1.0,4.0,24.0
2026-08-14 07:09:49,-19.4,-22.2,3.0,5.0,24.0
2026-08-14 07:08:49,-19.3,-22.3,4.0,5.0,24.0
2026-08-14 07:07:49,-19.2,-22.3,4.0,5.0,24.0
2026-08-14 07:06:49,-19.2,-22.2,4.0,5.0,24.0
2026-08-14 07:05:49,-19.2,-22.2,4.0,5.0,24.0
2026-08-14 07:04:49,-19.1,-22.1,4.0,5.0,24.0
2026-08-14 07:03:49,-19.1,-22.1,4.0,5.0,24.0
2026-08-14 07:02:49,-19.0,-22.1,4.0,5.0,24.0
2026-08-14 07:01:49,-19.0,-22.0,3.0,5.0,24.0
2026-08-14 07:00:49,-18.9,-21.9,3.0,5.0,24.0
2026-08-14 06:59:49,-18.9,-21.9,3.0,5.0,24.0
2026-08-14 06:58:49,-18.8,-21.8,3.0,5.0,24.0
2026-08-14 06:57:49,-18.7,-21.7,3.0,5.0,24.0
2026-08-14 06:56:49,-18.7,-21.7,3.0,5.0,24.0
2026-08-14 06:55:49,-18.6,-21.6,2.0,5.0,24.0
2026-08-14 06:54:49,-18.6,-21.5,2.0,5.0,24.0
2026-08-14 06:53:49,-18.5,-21.5,2.0,5.0,24.0
2026-08-14 06:52:49,-18.5,-21.4,2.0,4.0,24.0
2026-08-14 06:51:49,-18.5,-21.3,1.0,4.0,24.0
2026-08-14 06:50:49,-18.5,-21.3,1.0,4.0,24.0
2026-08-14 06:49:49,-18.7,-21.3,0.0,4.0,24.0
2026-08-14 06:48:49,-18.9,-21.3,0.0,4.0,24.0
2026-08-14 06:47:49,-19.1,-21.5,0.0,4.0,24.0
2026-08-14 06:46:49,-19.2,-21.7,0.0,4.0,24.0
2026-08-14 06:45:49,-19.3,-22.0,1.0,4.0,24.0
2026-08-14 06:44:49,-19.3,-22.1,3.0,5.0,24.0
2026-08-14 06:43:49,-19.2,-22.3,4.0,5.0,24.0
2026-08-14 06:42:49,-19.2,-22.2,4.0,5.0,24.0
2026-08-14 06:41:49,-19.1,-22.2,4.0,5.0,24.0
2026-08-14 06:40:49,-19.1,-22.1,4.0,5.0,24.0
2026-08-14 06:39:49,-19.1,-22.1,4.0,5.0,24.0
2026-08-14 06:38:49,-19.0,-22.0,4.0,5.0,24.0
2026-08-14 06:37:49,-18.9,-22.0,4.0,5.0,24.0
2026-08-14 06:36:49,-18.9,-21.9,3.0,5.0,24.0
2026-08-14 06:35:49,-18.8,-21.8,3.0,5.0,24.0
2026-08-14 06:34:49,-18.8,-21.8,3.0,5.0,24.0
2026-08-14 06:33:49,-18.7,-21.8,3.0,5.0,24.0
2026-08-14 06:32:49,-18.7,-21.7,3.0,5.0,24.0
2026-08-14 06:31:49,-18.6,-21.6,3.0,4.0,24.0
2026-08-14 06:30:49,-18.5,-21.5,2.0,5.0,24.0
2026-08-14 06:29:49,-18.5,-21.5,2.0,5.0,24.0
2026-08-14 06:28:49,-18.4,-21.4,2.0,4.0,24.0
2026-08-14 06:27:49,-18.4,-21.3,2.0,5.0,24.0
2026-08-14 06:26:49,-18.4,-21.2,1.0,4.0,24.0
2026-08-14 06:25:49,-18.5,-21.2,1.0,4.0,24.0
2026-08-14 06:24:49,-18.6,-21.2,0.0,4.0,24.0
2026-08-14 06:23:49,-18.9,-21.2,0.0,4.0,24.0
2026-08-14 06:22:49,-19.0,-21.5,0.0,4.0,24.0
2026-08-14 06:21:49,-19.1,-21.6,0.0,5.0,24.0
2026-08-14 06:20:49,-19.2,-21.9,1.0,5.0,24.0
2026-08-14 06:19:49,-19.3,-22.1,3.0,5.0,24.0
2026-08-14 06:18:49,-19.2,-22.2,4.0,5.0,24.0
2026-08-14 06:17:49,-19.1,-22.2,4.0,5.0,24.0
2026-08-14 06:16:49,-19.1,-22.1,4.0,5.0,24.0
2026-08-14 06:15:49,-19.1,-22.1,4.0,5.0,24.0
2026-08-14 06:14:49,-19.0,-22.0,4.0,5.0,24.0
2026-08-14 06:13:49,-18.9,-22.0,4.0,5.0,24.0
2026-08-14 06:12:49,-18.9,-22.0,4.0,5.0,24.0
2026-08-14 06:11:49,-18.9,-21.9,3.0,5.0,24.0
2026-08-14 06:10:49,-18.8,-21.8,3.0,5.0,24.0
2026-08-14 06:09:49,-18.7,-21.8,3.0,5.0,24.0
2026-08-14 06:08:49,-18.7,-21.7,3.0,5.0,24.0
2026-08-14 06:07:49,-18.6,-21.6,3.0,5.0,24.0
2026-08-14 06:06:49,-18.5,-21.6,3.0,4.0,24.0
2026-08-14 06:05:49,-18.5,-21.5,2.0,4.0,24.0
2026-08-14 06:04:49,-18.5,-21.4,2.0,5.0,24.0
2026-08-14 06:03:49,-18.4,-21.4,2.0,5.0,24.0
2026-08-14 06:02:49,-18.4,-21.3,2.0,4.0,24.0
2026-08-14 06:01:49,-18.4,-21.2,1.0,4.0,24.0
2026-08-14 06:00:49,-18.4,-21.1,0.0,4.0,24.0
2026-08-14 05:59:49,-18.6,-21.1,0.0,4.0,24.0
2026-08-14 05:58:49,-18.8,-21.2,0.0,4.0,24.0
2026-08-14 05:57:49,-19.0,-21.5,0.0,4.0,24.0
2026-08-14 05:56:49,-19.1,-21.7,1.0,4.0,24.0
2026-08-14 05:55:49,-19.2,-21.9,2.0,4.0,24.0
2026-08-14 05:54:49,-19.2,-22.1,3.0,5.0,24.0
2026-08-14 05:53:49,-19.1,-22.1,4.0,5.0,24.0
2026-08-14 05:52:49,-19.1,-22.1,4.0,5.0,24.0
2026-08-14 05:51:49,-19.0,-22.0,4.0,5.0,24.0
2026-08-14 05:50:49,-19.0,-22.0,4.0,5.0,24.0
2026-08-14 05:49:49,-18.9,-21.9,4.0,5.0,24.0
2026-08-14 05:48:49,-18.9,-21.9,4.0,5.0,24.0
2026-08-14 05:47:49,-18.8,-21.8,3.0,5.0,24.0
2026-08-14 05:46:49,-18.8,-21.8,3.0,5.0,24.0
2026-08-14 05:45:49,-18.7,-21.7,3.0,5.0,24.0
2026-08-14 05:44:49,-18.7,-21.7,3.0,5.0,24.0
2026-08-14 05:43:49,-18.6,-21.6,3.0,4.0,24.0
2026-08-14 05:42:49,-18.5,-21.5,3.0,5.0,24.0
2026-08-14 05:41:49,-18.5,-21.5,3.0,5.0,24.0
2026-08-14 05:40:49,-18.4,-21.4,2.0,5.0,24.0
2026-08-14 05:39:49,-18.3,-21.3,2.0,5.0,24.0
2026-08-14 05:38:49,-18.3,-21.2,2.0,5.0,24.0
2026-08-14 05:37:49,-18.3,-21.1,1.0,4.0,24.0
2026-08-14 05:36:49,-18.3,-21.1,1.0,4.0,24.0
2026-08-14 05:35:49,-18.4,-21.1,0.0,4.0,24.0
2026-08-14 05:34:49,-18.6,-21.1,0.0,4.0,24.0
2026-08-14 05:33:49,-18.8,-21.3,0.0,4.0,24.0
2026-08-14 05:32:49,-19.0,-21.5,0.0,4.0,24.0
2026-08-14 05:31:49,-19.1,-21.7,1.0,4.0,24.0
2026-08-14 05:30:49,-19.2,-21.9,2.0,5.0,24.0
2026-08-14 05:29:49,-19.2,-22.0,4.0,5.0,24.0
2026-08-14 05:28:49,-19.1,-22.1,4.0,5.0,24.0
2026-08-14 05:27:49,-19.0,-22.0,4.0,5.0,24.0
2026-08-14 05:26:49,-19.0,-22.0,4.0,5.0,24.0
2026-08-14 05:25:49,-18.9,-22.0,4.0,5.0,24.0
2026-08-14 05:24:49,-18.9,-21.9,4.0,5.0,24.0
2026-08-14 05:23:49,-18.8,-21.9,4.0,5.0,24.0
2026-08-14 05:22:49,-18.8,-21.8,3.0,5.0,24.0
2026-08-14 05:21:49,-18.7,-21.7,3.0,5.0,24.0
2026-08-14 05:20:49,-18.7,-21.7,3.0,5.0,24.0
2026-08-14 05:19:49,-18.6,-21.6,3.0,5.0,24.0
2026-08-14 05:18:49,-18.5,-21.6,3.0,5.0,24.0
2026-08-14 05:17:49,-18.5,-21.5,3.0,5.0,24.0
2026-08-14 05:16:49,-18.4,-21.4,3.0,5.0,24.0
2026-08-14 05:15:49,-18.4,-21.3,2.0,5.0,24.0
2026-08-14 05:14:49,-18.3,-21.2,2.0,4.0,24.0
2026-08-14 05:13:49,-18.3,-21.2,2.0,4.0,24.0
2026-08-14 05:12:49,-18.3,-21.1,1.0,4.0,24.0
2026-08-14 05:11:49,-18.3,-21.0,1.0,4.0,24.0
2026-08-14 05:10:49,-18.5,-21.0,0.0,4.0,24.0
2026-08-14 05:09:49,-18.7,-21.1,0.0,4.0,24.0
2026-08-14 05:08:49,-18.9,-21.3,0.0,4.0,24.0
2026-08-14 05:07:49,-19.0,-21.5,0.0,4.0,24.0
2026-08-14 05:06:49,-19.1,-21.7,1.0,4.0,24.0
2026-08-14 05:05:49,-19.1,-21.9,3.0,5.0,24.0
2026-08-14 05:04:49,-19.0,-22.0,4.0,5.0,24.0
2026-08-14 05:03:49,-19.0,-22.0,4.0,5.0,24.0
2026-08-14 05:02:49,-18.9,-22.0,4.0,5.0,24.0
2026-08-14 05:01:49,-18.9,-21.9,4.0,5.0,24.0
2026-08-14 05:00:49,-18.9,-21.9,4.0,5.0,24.0
2026-08-14 04:59:49,-18.8,-21.8,4.0,5.0,24.0
2026-08-14 04:58:49,-18.7,-21.8,4.0,5.0,24.0
2026-08-14 04:57:49,-18.7,-21.7,3.0,5.0,24.0
2026-08-14 04:56:49,-18.6,-21.6,3.0,5.0,24.0
2026-08-14 04:55:49,-18.6,-21.6,3.0,5.0,24.0
2026-08-14 04:54:49,-18.5,-21.5,3.0,4.0,24.0
2026-08-14 04:53:49,-18.4,-21.4,3.0,5.0,24.0
2026-08-14 04:52:49,-18.4,-21.4,3.0,5.0,24.0
2026-08-14 04:51:49,-18.3,-21.3,2.0,5.0,24.0
2026-08-14 04:50:49,-18.3,-21.2,2.0,5.0,24.0
2026-08-14 04:49:49,-18.2,-21.2,2.0,5.0,24.0
2026-08-14 04:48:49,-18.2,-21.1,1.0,4.0,24.0
2026-08-14 04:47:49,-18.3,-21.0,1.0,4.0,24.0
2026-08-14 04:46:49,-18.4,-21.0,0.0,4.0,24.0
2026-08-14 04:45:49,-18.6,-21.0,0.0,5.0,24.0
2026-08-14 04:44:49,-18.8,-21.2,0.0,4.0,24.0
2026-08-14 04:43:49,-18.9,-21.4,0.0,4.0,24.0
2026-08-14 04:42:49,-19.0,-21.6,1.0,4.0,24.0
2026-08-14 04:41:49,-19.0,-21.8,2.0,5.0,24.0
2026-08-14 04:40:49,-19.0,-21.9,4.0,5.0,24.0
2026-08-14 04:39:49,-18.9,-22.0,4.0,5.0,24.0
2026-08-14 04:38:49,-18.9,-21.9,4.0,5.0,24.0
2026-08-14 04:37:49,-18.9,-21.9,4.0,5.0,24.0
2026-08-14 04:36:49,-18.8,-21.8,4.0,5.0,24.0
2026-08-14 04:35:49,-18.8,-21.8,4.0,5.0,24.0
2026-08-14 04:34:49,-18.7,-21.7,4.0,5.0,24.0
2026-08-14 04:33:49,-18.7,-21.7,3.0,5.0,24.0
2026-08-14 04:32:49,-18.6,-21.6,3.0,5.0,24.0
2026-08-14 04:31:49,-18.6,-21.5,3.0,5.0,24.0
2026-08-14 04:30:49,-18.5,-21.5,3.0,5.0,24.0
2026-08-14 04:29:49,-18.4,-21.5,3.0,5.0,24.0
2026-08-14 04:28:49,-18.4,-21.4,3.0,5.0,24.0
2026-08-14 04:27:49,-18.3,-21.3,2.0,5.0,24.0
2026-08-14 04:26:49,-18.2,-21.2,2.0,5.0,24.0
2026-08-14 04:25:49,-18.2,-21.1,2.0,5.0,24.0
2026-08-14 04:24:49,-18.1,-21.0,2.0,5.0,24.0
2026-08-14 04:23:49,-18.2,-21.0,1.0,4.0,24.0
2026-08-14 04:22:49,-18.2,-20.9,0.0,4.0,24.0
2026-08-14 04:21:49,-18.4,-20.9,0.0,4.0,24.0
2026-08-14 04:20:49,-18.6,-21.0,0.0,4.0,24.0
2026-08-14 04:19:49,-18.8,-21.2,0.0,4.0,24.0
2026-08-14 04:18:49,-18.9,-21.4,0.0,4.0,24.0
2026-08-14 04:17:49,-19.0,-21.6,1.0,5.0,24.0
2026-08-14 04:16:49,-19.0,-21.8,3.0,5.0,24.0
2026-08-14 04:15:49,-19.0,-21.9,4.0,5.0,24.0
2026-08-14 04:14:49,-18.9,-21.9,4.0,5.0,24.0
2026-08-14 04:13:49,-18.8,-21.9,4.0,5.0,24.0
2026-08-14 04:12:49,-18.8,-21.8,4.0,5.0,24.0
2026-08-14 04:11:49,-18.7,-21.8,4.0,5.0,24.0
2026-08-14 04:10:49,-18.7,-21.7,4.0,5.0,24.0
2026-08-14 04:09:49,-18.6,-21.7,3.0,5.0,24.0
2026-08-14 04:08:49,-18.6,-21.6,3.0,4.0,24.0
2026-08-14 04:07:49,-18.5,-21.5,3.0,5.0,24.0
2026-08-14 04:06:49,-18.5,-21.5,3.0,5.0,24.0
2026-08-14 04:05:49,-18.4,-21.4,3.0,4.0,25.0
2026-08-14 04:04:49,-18.3,-21.3,3.0,5.0,25.0
2026-08-14 04:03:49,-18.3,-21.3,3.0,4.0,25.0
2026-08-14 04:02:49,-18.2,-21.2,2.0,5.0,25.0
2026-08-14 04:01:49,-18.2,-21.1,2.0,5.0,25.0
2026-08-14 04:00:49,-18.2,-21.0,2.0,5.0,25.0
2026-08-14 03:59:49,-18.2,-21.0,1.0,4.0,24.0
2026-08-14 03:58:49,-18.2,-20.9,1.0,4.0,24.0
2026-08-14 03:57:49,-18.3,-20.9,0.0,4.0,24.0
2026-08-14 03:56:49,-18.5,-20.9,0.0,4.0,24.0
2026-08-14 03:55:49,-18.6,-21.1,0.0,4.0,24.0
2026-08-14 03:54:49,-18.8,-21.3,0.0,4.0,24.0
2026-08-14 03:53:49,-18.9,-21.5,1.0,4.0,24.0
2026-08-14 03:52:49,-19.0,-21.7,2.0,5.0,24.0
2026-08-14 03:51:49,-18.9,-21.9,4.0,5.0,24.0
2026-08-14 03:50:49,-18.8,-21.9,4.0,5.0,24.0
2026-08-14 03:49:49,-18.8,-21.8,4.0,5.0,24.0
2026-08-14 03:48:49,-18.8,-21.8,4.0,5.0,24.0
2026-08-14 03:47:49,-18.7,-21.7,4.0,5.0,24.0
2026-08-14 03:46:49,-18.7,-21.7,4.0,5.0,24.0
2026-08-14 03:45:49,-18.6,-21.6,4.0,5.0,24.0
2026-08-14 03:44:49,-18.6,-21.6,3.0,5.0,24.0
2026-08-14 03:43:49,-18.5,-21.5,3.0,5.0,24.0
2026-08-14 03:42:49,-18.5,-21.5,3.0,5.0,24.0
2026-08-14 03:41:49,-18.4,-21.4,3.0,5.0,25.0
2026-08-14 03:40:49,-18.3,-21.3,3.0,5.0,25.0
2026-08-14 03:39:49,-18.3,-21.2,3.0,5.0,25.0
2026-08-14 03:38:49,-18.2,-21.2,2.0,5.0,25.0
2026-08-14 03:37:49,-18.2,-21.1,2.0,4.0,25.0
2026-08-14 03:36:49,-18.1,-21.0,2.0,5.0,25.0
2026-08-14 03:35:49,-18.1,-20.9,1.0,4.0,25.0
2026-08-14 03:34:49,-18.1,-20.9,1.0,4.0,25.0
2026-08-14 03:33:49,-18.2,-20.8,0.0,4.0,25.0
2026-08-14 03:32:49,-18.4,-20.9,0.0,4.0,25.0
2026-08-14 03:31:49,-18.6,-21.0,0.0,4.0,25.0
2026-08-14 03:30:49,-18.7,-21.2,0.0,4.0,25.0
2026-08-14 03:29:49,-18.9,-21.4,1.0,4.0,25.0
2026-08-14 03:28:49,-18.9,-21.6,2.0,5.0,25.0
2026-08-14 03:27:49,-18.9,-21.8,4.0,5.0,25.0
2026-08-14 03:26:49,-18.8,-21.9,4.0,5.0,25.0
2026-08-14 03:25:49,-18.8,-21.8,4.0,5.0,25.0
2026-08-14 03:24:49,-18.7,-21.8,4.0,5.0,25.0
2026-08-14 03:23:49,-18.7,-21.7,4.0,5.0,25.0
2026-08-14 03:22:49,-18.6,-21.6,4.0,5.0,25.0
2026-08-14 03:21:49,-18.6,-21.6,3.0,5.0,25.0
2026-08-14 03:20:49,-18.5,-21.5,3.0,5.0,25.0
2026-08-14 03:19:49,-18.5,-21.5,3.0,4.0,25.0
2026-08-14 03:18:49,-18.4,-21.5,3.0,5.0,25.0
2026-08-14 03:17:49,-18.3,-21.4,3.0,5.0,25.0
2026-08-14 03:16:49,-18.3,-21.3,3.0,5.0,25.0
2026-08-14 03:15:49,-18.2,-21.2,3.0,5.0,25.0
2026-08-14 03:14:49,-18.2,-21.1,2.0,5.0,25.0
2026-08-14 03:13:49,-18.1,-21.0,2.0,5.0,25.0
2026-08-14 03:12:49,-18.1,-20.9,2.0,4.0,25.0
2026-08-14 03:11:49,-18.1,-20.9,1.0,4.0,25.0
2026-08-14 03:10:49,-18.1,-20.8,0.0,4.0,25.0
2026-08-14 03:09:49,-18.3,-20.8,0.0,4.0,25.0
2026-08-14 03:08:49,-18.5,-20.9,0.0,4.0,25.0
2026-08-14 03:07:49,-18.7,-21.1,0.0,4.0,25.0
2026-08-14 03:06:49,-18.8,-21.3,0.0,4.0,25.0
2026-08-14 03:05:49,-18.9,-21.6,1.0,5.0,25.0
2026-08-14 03:04:49,-18.9,-21.7,3.0,5.0,25.0
2026-08-14 03:03:49,-18.9,-21.9,4.0,5.0,25.0
2026-08-14 03:02:49,-18.8,-21.8,4.0,5.0,25.0
2026-08-14 03:01:49,-18.8,-21.8,4.0,5.0,25.0
2026-08-14 03:00:49,-18.7,-21.7,4.0,5.0,25.0
2026-08-14 02:59:49,-18.7,-21.7,4.0,5.0,25.0
2026-08-14 02:58:49,-18.6,-21.6,4.0,5.0,25.0
2026-08-14 02:57:49,-18.6,-21.6,4.0,5.0,25.0
2026-08-14 02:56:49,-18.5,-21.5,3.0,5.0,25.0
2026-08-14 02:55:49,-18.5,-21.5,3.0,5.0,25.0
2026-08-14 02:54:49,-18.4,-21.4,3.0,5.0,25.0
2026-08-14 02:53:49,-18.3,-21.4,3.0,5.0,25.0
2026-08-14 02:52:49,-18.2,-21.3,3.0,5.0,25.0
2026-08-14 02:51:49,-18.2,-21.2,3.0,5.0,25.0
2026-08-14 02:50:49,-18.2,-21.1,2.0,5.0,25.0
2026-08-14 02:49:49,-18.1,-21.0,2.0,5.0,25.0
2026-08-14 02:48:49,-18.0,-21.0,2.0,4.0,25.0
2026-08-14 02:47:49,-18.0,-20.9,2.0,4.0,25.0
2026-08-14 02:46:49,-18.0,-20.8,1.0,4.0,25.0
2026-08-14 02:45:49,-18.1,-20.7,0.0,4.0,25.0
2026-08-14 02:44:49,-18.3,-20.7,0.0,4.0,25.0
2026-08-14 02:43:49,-18.5,-20.9,0.0,4.0,25.0
2026-08-14 02:42:49,-18.7,-21.1,0.0,4.0,25.0
2026-08-14 02:41:49,-18.8,-21.3,0.0,4.0,25.0
2026-08-14 02:40:49,-18.9,-21.5,1.0,5.0,25.0
2026-08-14 02:39:49,-19.0,-21.7,3.0,5.0,25.0
2026-08-14 02:38:49,-18.9,-21.9,4.0,5.0,25.0
2026-08-14 02:37:49,-18.8,-21.8,4.0,5.0,25.0
2026-08-14 02:36:49,-18.8,-21.8,4.0,5.0,25.0
2026-08-14 02:35:49,-18.7,-21.7,4.0,5.0,25.0
2026-08-14 02:34:49,-18.7,-21.7,4.0,5.0,25.0
2026-08-14 02:33:49,-18.6,-21.6,4.0,5.0,25.0
2026-08-14 02:32:49,-18.6,-21.6,4.0,5.0,25.0
2026-08-14 02:31:49,-18.5,-21.5,4.0,5.0,25.0
2026-08-14 02:30:49,-18.4,-21.5,3.0,5.0,25.0
2026-08-14 02:29:49,-18.4,-21.4,3.0,5.0,25.0
2026-08-14 02:28:49,-18.3,-21.3,3.0,5.0,25.0
2026-08-14 02:27:49,-18.3,-21.3,3.0,5.0,25.0
2026-08-14 02:26:49,-18.2,-21.2,3.0,5.0,25.0
2026-08-14 02:25:49,-18.1,-21.1,3.0,5.0,25.0
2026-08-14 02:24:49,-18.1,-21.1,2.0,5.0,25.0
2026-08-14 02:23:49,-18.0,-21.0,2.0,5.0,25.0
2026-08-14 02:22:49,-18.0,-20.9,2.0,5.0,25.0
2026-08-14 02:21:49,-17.9,-20.8,2.0,4.0,25.0
2026-08-14 02:20:49,-17.9,-20.7,1.0,4.0,25.0
2026-08-14 02:19:49,-18.0,-20.7,0.0,4.0,25.0
2026-08-14 02:18:49,-18.1,-20.6,0.0,4.0,25.0
2026-08-14 02:17:49,-18.3,-20.7,0.0,4.0,25.0
2026-08-14 02:16:49,-18.5,-20.8,0.0,4.0,25.0
2026-08-14 02:15:49,-18.6,-21.1,0.0,4.0,25.0
2026-08-14 02:14:49,-18.8,-21.3,0.0,4.0,25.0
2026-08-14 02:13:49,-18.9,-21.5,1.0,5.0,25.0
2026-08-14 02:12:49,-18.9,-21.7,3.0,5.0,25.0
2026-08-14 02:11:49,-18.9,-21.8,4.0,5.0,25.0
2026-08-14 02:10:49,-18.8,-21.9,5.0,5.0,25.0
2026-08-14 02:09:49,-18.8,-21.8,4.0,5.0,25.0
2026-08-14 02:08:49,-18.7,-21.7,4.0,5.0,25.0
2026-08-14 02:07:49,-18.7,-21.7,4.0,5.0,25.0
2026-08-14 02:06:49,-18.7,-21.7,4.0,5.0,25.0
2026-08-14 02:05:49,-18.6,-21.6,4.0,5.0,25.0
2026-08-14 02:04:49,-18.6,-21.6,4.0,5.0,25.0
2026-08-14 02:03:49,-18.5,-21.5,4.0,5.0,25.0
2026-08-14 02:02:49,-18.4,-21.5,3.0,5.0,25.0
2026-08-14 02:01:49,-18.4,-21.4,3.0,5.0,25.0
2026-08-14 02:00:49,-18.3,-21.4,3.0,5.0,25.0
2026-08-14 01:59:49,-18.2,-21.3,3.0,5.0,25.0
2026-08-14 01:58:49,-18.2,-21.2,3.0,5.0,25.0
2026-08-14 01:57:49,-18.1,-21.1,3.0,5.0,25.0
2026-08-14 01:56:49,-18.1,-21.0,2.0,4.0,25.0
2026-08-14 01:55:49,-18.0,-20.9,2.0,5.0,25.0
2026-08-14 01:54:49,-17.9,-20.8,2.0,5.0,25.0
2026-08-14 01:53:49,-17.9,-20.8,2.0,5.0,25.0
2026-08-14 01:52:49,-17.9,-20.7,1.0,4.0,25.0
2026-08-14 01:51:49,-17.9,-20.6,1.0,4.0,25.0
2026-08-14 01:50:49,-18.0,-20.6,0.0,4.0,25.0
2026-08-14 01:49:49,-18.2,-20.6,0.0,4.0,25.0
2026-08-14 01:48:49,-18.4,-20.8,0.0,4.0,25.0
2026-08-14 01:47:49,-18.6,-21.0,0.0,4.0,25.0
2026-08-14 01:46:49,-18.7,-21.2,0.0,4.0,25.0
2026-08-14 01:45:49,-18.8,-21.4,1.0,5.0,25.0
2026-08-14 01:44:49,-19.0,-21.6,2.0,5.0,25.0
2026-08-14 01:43:49,-18.9,-21.8,4.0,5.0,25.0
2026-08-14 01:42:49,-18.8,-21.9,5.0,5.0,25.0
2026-08-14 01:41:49,-18.8,-21.8,5.0,5.0,25.0
2026-08-14 01:40:49,-18.7,-21.8,4.0,5.0,25.0
2026-08-14 01:39:49,-18.7,-21.7,4.0,5.0,25.0
2026-08-14 01:38:49,-18.7,-21.7,4.0,5.0,25.0
2026-08-14 01:37:49,-18.6,-21.6,4.0,5.0,25.0
2026-08-14 01:36:49,-18.6,-21.6,4.0,5.0,25.0
2026-08-14 01:35:49,-18.5,-21.5,4.0,5.0,25.0
2026-08-14 01:34:49,-18.5,-21.5,4.0,5.0,25.0
2026-08-14 01:33:49,-18.4,-21.4,3.0,5.0,25.0
2026-08-14 01:32:49,-18.4,-21.4,3.0,5.0,25.0
2026-08-14 01:31:49,-18.3,-21.3,3.0,5.0,25.0
2026-08-14 01:30:49,-18.2,-21.2,3.0,5.0,25.0
2026-08-14 01:29:49,-18.2,-21.2,3.0,5.0,25.0
2026-08-14 01:28:49,-18.1,-21.1,3.0,5.0,25.0
2026-08-14 01:27:49,-18.0,-21.0,3.0,5.0,25.0
2026-08-14 01:26:49,-18.0,-20.9,2.0,5.0,25.0
2026-08-14 01:25:49,-17.9,-20.8,2.0,5.0,25.0
2026-08-14 01:24:49,-17.8,-20.7,2.0,5.0,25.0
2026-08-14 01:23:49,-17.9,-20.7,1.0,4.0,25.0
2026-08-14 01:22:49,-17.9,-20.6,1.0,4.0,25.0
2026-08-14 01:21:49,-17.9,-20.5,0.0,4.0,25.0
2026-08-14 01:20:49,-18.1,-20.5,0.0,4.0,25.0
2026-08-14 01:19:49,-18.3,-20.7,0.0,4.0,25.0
2026-08-14 01:18:49,-18.5,-20.9,0.0,4.0,25.0
2026-08-14 01:17:49,-18.6,-21.1,0.0,4.0,25.0
2026-08-14 01:16:49,-18.8,-21.3,1.0,4.0,25.0
2026-08-14 01:15:49,-18.9,-21.5,1.0,5.0,25.0
2026-08-14 01:14:49,-18.9,-21.7,3.0,5.0,25.0
2026-08-14 01:13:49,-18.9,-21.9,5.0,5.0,25.0
2026-08-14 01:12:49,-18.8,-21.9,5.0,5.0,25.0
2026-08-14 01:11:49,-18.8,-21.8,5.0,5.0,25.0
2026-08-14 01:10:49,-18.7,-21.8,4.0,5.0,25.0
2026-08-14 01:09:49,-18.7,-21.7,4.0,5.0,25.0
2026-08-14 01:08:49,-18.6,-21.6,4.0,5.0,25.0
2026-08-14 01:07:49,-18.6,-21.6,4.0,5.0,25.0
2026-08-14 01:06:49,-18.5,-21.5,4.0,5.0,25.0
2026-08-14 01:05:49,-18.4,-21.5,4.0,5.0,25.0
2026-08-14 01:04:49,-18.4,-21.4,3.0,5.0,25.0
2026-08-14 01:03:49,-18.3,-21.3,3.0,5.0,25.0
2026-08-14 01:02:49,-18.3,-21.3,3.0,5.0,25.0
2026-08-14 01:01:49,-18.2,-21.2,3.0,5.0,25.0
2026-08-14 01:00:49,-18.2,-21.2,3.0,5.0,25.0
2026-08-14 00:59:49,-18.1,-21.1,3.0,5.0,25.0
2026-08-14 00:58:49,-18.0,-21.0,3.0,5.0,25.0
2026-08-14 00:57:49,-17.9,-20.9,2.0,5.0,25.0
2026-08-14 00:56:49,-17.9,-20.8,2.0,5.0,25.0
2026-08-14 00:55:49,-17.8,-20.7,2.0,5.0,25.0
2026-08-14 00:54:49,-17.8,-20.6,1.0,5.0,25.0
2026-08-14 00:53:49,-17.8,-20.6,1.0,4.0,25.0
2026-08-14 00:52:49,-18.0,-20.5,0.0,4.0,25.0
2026-08-14 00:51:49,-18.2,-20.5,0.0,4.0,25.0
2026-08-14 00:50:49,-18.4,-20.7,0.0,4.0,25.0
2026-08-14 00:49:49,-18.5,-20.9,0.0,4.0,25.0
2026-08-14 00:48:49,-18.7,-21.2,0.0,4.0,25.0
2026-08-14 00:47:49,-18.8,-21.4,1.0,5.0,25.0
2026-08-14 00:46:49,-18.9,-21.6,2.0,5.0,25.0
2026-08-14 00:45:49,-18.9,-21.8,4.0,5.0,25.0
2026-08-14 00:44:49,-18.8,-21.9,5.0,5.0,25.0
2026-08-14 00:43:49,-18.8,-21.8,5.0,5.0,25.0
2026-08-14 00:42:49,-18.7,-21.8,5.0,5.0,25.0
2026-08-14 00:41:49,-18.7,-21.7,4.0,5.0,25.0
2026-08-14 00:40:49,-18.6,-21.7,4.0,5.0,25.0
2026-08-14 00:39:49,-18.6,-21.6,4.0,5.0,25.0
2026-08-14 00:38:49,-18.6,-21.6,4.0,5.0,25.0
2026-08-14 00:37:49,-18.5,-21.5,4.0,5.0,25.0
2026-08-14 00:36:49,-18.5,-21.5,4.0,5.0,25.0
2026-08-14 00:35:49,-18.4,-21.4,4.0,5.0,25.0
2026-08-14 00:34:49,-18.3,-21.4,3.0,5.0,25.0
2026-08-14 00:33:49,-18.3,-21.3,3.0,5.0,25.0
2026-08-14 00:32:49,-18.3,-21.3,3.0,5.0,25.0
2026-08-14 00:31:49,-18.2,-21.2,3.0,5.0,25.0
2026-08-14 00:30:49,-18.1,-21.1,3.0,5.0,25.0
2026-08-14 00:29:49,-18.1,-21.1,3.0,5.0,25.0
2026-08-14 00:28:49,-18.0,-21.0,3.0,5.0,25.0
2026-08-14 00:27:49,-17.9,-20.9,2.0,5.0,25.0
2026-08-14 00:26:49,-17.9,-20.8,2.0,5.0,25.0
2026-08-14 00:25:49,-17.8,-20.7,2.0,5.0,25.0
2026-08-14 00:24:49,-17.8,-20.6,1.0,4.0,25.0
2026-08-14 00:23:49,-17.8,-20.5,1.0,4.0,25.0
2026-08-14 00:22:49,-17.9,-20.5,0.0,5.0,25.0
2026-08-14 00:21:49,-18.1,-20.5,0.0,4.0,25.0
2026-08-14 00:20:49,-18.3,-20.6,0.0,4.0,25.0
2026-08-14 00:19:49,-18.5,-20.8,0.0,4.0,25.0
2026-08-14 00:18:49,-18.6,-21.0,0.0,5.0,25.0
2026-08-14 00:17:49,-18.7,-21.3,1.0,5.0,25.0
2026-08-14 00:16:49,-18.9,-21.5,1.0,5.0,25.0
2026-08-14 00:15:49,-18.9,-21.7,3.0,5.0,25.0
2026-08-14 00:14:49,-18.9,-21.8,4.0,5.0,25.0
2026-08-14 00:13:49,-18.8,-21.9,5.0,5.0,25.0
2026-08-14 00:12:49,-18.8,-21.8,5.0,5.0,25.0
2026-08-14 00:11:49,-18.7,-21.8,5.0,5.0,25.0
2026-08-14 00:10:49,-18.7,-21.7,4.0,5.0,25.0
2026-08-14 00:09:49,-18.6,-21.7,4.0,5.0,25.0
2026-08-14 00:08:49,-18.6,-21.6,4.0,5.0,25.0
2026-08-14 00:07:49,-18.6,-21.6,4.0,5.0,25.0
2026-08-14 00:06:49,-18.5,-21.5,4.0,5.0,25.0
2026-08-14 00:05:49,-18.5,-21.5,4.0,5.0,25.0
2026-08-14 00:04:49,-18.4,-21.4,4.0,5.0,25.0
2026-08-14 00:03:49,-18.4,-21.4,4.0,5.0,25.0
2026-08-14 00:02:49,-18.3,-21.3,3.0,5.0,25.0
2026-08-14 00:01:49,-18.2,-21.3,3.0,5.0,25.0
2026-08-14 00:00:49,-18.2,-21.1,3.0,5.0,25.0
2026-08-13 23:59:49,-18.1,-21.1,3.0,5.0,25.0
2026-08-13 23:58:49,-18.0,-21.0,3.0,5.0,25.0
2026-08-13 23:57:49,-18.0,-20.9,3.0,5.0,25.0
2026-08-13 23:56:49,-17.9,-20.8,2.0,5.0,25.0
2026-08-13 23:55:49,-17.8,-20.8,2.0,5.0,25.0
2026-08-13 23:54:49,-17.8,-20.7,2.0,5.0,25.0
2026-08-13 23:53:49,-17.8,-20.6,1.0,5.0,25.0
2026-08-13 23:52:49,-17.8,-20.5,1.0,4.0,25.0
2026-08-13 23:51:49,-17.9,-20.5,0.0,4.0,25.0
2026-08-13 23:50:49,-18.1,-20.5,0.0,4.0,25.0
2026-08-13 23:49:49,-18.3,-20.6,0.0,4.0,25.0
2026-08-13 23:48:49,-18.4,-20.8,0.0,4.0,25.0
2026-08-13 23:47:49,-18.6,-21.1,0.0,4.0,25.0
2026-08-13 23:46:49,-18.8,-21.3,1.0,5.0,25.0
2026-08-13 23:45:49,-18.9,-21.5,2.0,5.0,25.0
2026-08-13 23:44:49,-19.0,-21.6,3.0,5.0,25.0
2026-08-13 23:43:49,-18.9,-21.8,5.0,5.0,25.0
2026-08-13 23:42:49,-18.8,-21.8,5.0,5.0,25.0
2026-08-13 23:41:49,-18.8,-21.8,5.0,5.0,25.0
2026-08-13 23:40:49,-18.7,-21.7,5.0,5.0,25.0
2026-08-13 23:39:49,-18.7,-21.7,4.0,5.0,25.0
2026-08-13 23:38:49,-18.6,-21.6,4.0,5.0,25.0
2026-08-13 23:37:49,-18.6,-21.6,4.0,5.0,25.0
2026-08-13 23:36:49,-18.5,-21.5,4.0,5.0,25.0
2026-08-13 23:35:49,-18.4,-21.4,4.0,5.0,25.0
2026-08-13 23:34:49,-18.4,-21.4,4.0,5.0,25.0
2026-08-13 23:33:49,-18.3,-21.3,3.0,5.0,25.0
2026-08-13 23:32:49,-18.3,-21.3,3.0,5.0,25.0
2026-08-13 23:31:49,-18.2,-21.2,3.0,5.0,25.0
2026-08-13 23:30:49,-18.1,-21.2,3.0,5.0,25.0
2026-08-13 23:29:49,-18.1,-21.1,3.0,5.0,25.0
2026-08-13 23:28:49,-18.0,-21.0,3.0,5.0,25.0
2026-08-13 23:27:49,-17.9,-20.9,2.0,5.0,25.0
2026-08-13 23:26:49,-17.9,-20.8,2.0,5.0,25.0
2026-08-13 23:25:49,-17.8,-20.7,2.0,5.0,25.0
2026-08-13 23:24:49,-17.8,-20.6,2.0,5.0,25.0
2026-08-13 23:23:49,-17.8,-20.6,1.0,4.0,25.0
2026-08-13 23:22:49,-17.8,-20.5,0.0,4.0,25.0
2026-08-13 23:21:49,-18.0,-20.5,0.0,4.0,25.0
2026-08-13 23:20:49,-18.2,-20.5,0.0,4.0,25.0
2026-08-13 23:19:49,-18.4,-20.7,0.0,4.0,25.0
2026-08-13 23:18:49,-18.6,-21.0,0.0,5.0,25.0
2026-08-13 23:17:49,-18.7,-21.2,1.0,5.0,25.0
2026-08-13 23:16:49,-18.8,-21.4,2.0,5.0,25.0
2026-08-13 23:15:49,-18.9,-21.6,3.0,5.0,25.0
2026-08-13 23:14:49,-18.8,-21.8,4.0,5.0,25.0
2026-08-13 23:13:49,-18.8,-21.8,5.0,5.0,25.0
2026-08-13 23:12:49,-18.7,-21.8,5.0,5.0,25.0
2026-08-13 23:11:49,-18.7,-21.7,5.0,5.0,25.0
2026-08-13 23:10:49,-18.6,-21.7,4.0,5.0,25.0
2026-08-13 23:09:49,-18.6,-21.6,4.0,5.0,25.0
2026-08-13 23:08:49,-18.5,-21.5,4.0,5.0,25.0
2026-08-13 23:07:49,-18.5,-21.5,4.0,5.0,25.0
2026-08-13 23:06:49,-18.5,-21.5,4.0,5.0,25.0
2026-08-13 23:05:49,-18.4,-21.4,4.0,5.0,25.0
2026-08-13 23:04:49,-18.4,-21.4,4.0,5.0,25.0
2026-08-13 23:03:49,-18.3,-21.3,3.0,5.0,25.0
2026-08-13 23:02:49,-18.3,-21.2,3.0,5.0,25.0
2026-08-13 23:01:49,-18.2,-21.2,3.0,5.0,25.0
2026-08-13 23:00:49,-18.1,-21.1,3.0,5.0,25.0
2026-08-13 22:59:49,-18.1,-21.0,3.0,5.0,25.0
2026-08-13 22:58:49,-18.0,-21.0,3.0,5.0,25.0
2026-08-13 22:57:49,-17.9,-20.9,3.0,5.0,25.0
2026-08-13 22:56:49,-17.9,-20.8,2.0,5.0,25.0
2026-08-13 22:55:49,-17.8,-20.7,2.0,5.0,25.0
2026-08-13 22:54:49,-17.7,-20.6,2.0,5.0,25.0
2026-08-13 22:53:49,-17.8,-20.5,1.0,4.0,25.0
2026-08-13 22:52:49,-17.8,-20.5,0.0,4.0,25.0
2026-08-13 22:51:49,-17.9,-20.5,0.0,4.0,25.0
2026-08-13 22:50:49,-18.1,-20.5,0.0,4.0,25.0
2026-08-13 22:49:49,-18.3,-20.7,0.0,4.0,26.0
2026-08-13 22:48:49,-18.5,-20.9,0.0,4.0,25.0
2026-08-13 22:47:49,-18.6,-21.1,1.0,4.0,25.0
2026-08-13 22:46:49,-18.8,-21.3,1.0,5.0,25.0
2026-08-13 22:45:49,-18.9,-21.6,2.0,5.0,25.0
2026-08-13 22:44:49,-18.8,-21.7,4.0,5.0,25.0
2026-08-13 22:43:49,-18.7,-21.8,5.0,5.0,25.0
2026-08-13 22:42:49,-18.7,-21.8,5.0,5.0,25.0
2026-08-13 22:41:49,-18.7,-21.7,5.0,5.0,25.0
2026-08-13 22:40:49,-18.6,-21.7,4.0,5.0,25.0
2026-08-13 22:39:49,-18.6,-21.6,4.0,5.0,25.0
2026-08-13 22:38:49,-18.5,-21.6,4.0,5.0,25.0
2026-08-13 22:37:49,-18.5,-21.5,4.0,5.0,25.0
2026-08-13 22:36:49,-18.5,-21.5,4.0,5.0,25.0
2026-08-13 22:35:49,-18.4,-21.4,4.0,5.0,25.0
2026-08-13 22:34:49,-18.3,-21.4,4.0,5.0,25.0
2026-08-13 22:33:49,-18.3,-21.3,3.0,5.0,25.0
2026-08-13 22:32:49,-18.2,-21.3,3.0,5.0,25.0
2026-08-13 22:31:49,-18.2,-21.2,3.0,5.0,25.0
2026-08-13 22:30:49,-18.1,-21.1,3.0,5.0,25.0
2026-08-13 22:29:49,-18.1,-21.0,3.0,5.0,25.0
2026-08-13 22:28:49,-18.0,-21.0,3.0,5.0,26.0
2026-08-13 22:27:49,-17.9,-20.9,3.0,5.0,26.0
2026-08-13 22:26:49,-17.9,-20.8,2.0,5.0,26.0
2026-08-13 22:25:49,-17.8,-20.7,2.0,5.0,26.0
2026-08-13 22:24:49,-17.8,-20.6,2.0,5.0,26.0
2026-08-13 22:23:49,-17.8,-20.6,1.0,4.0,26.0
2026-08-13 22:22:49,-17.9,-20.5,0.0,4.0,26.0
2026-08-13 22:21:49,-18.1,-20.5,0.0,4.0,26.0
2026-08-13 22:20:49,-18.2,-20.6,0.0,4.0,26.0
2026-08-13 22:19:49,-18.4,-20.8,0.0,4.0,26.0
2026-08-13 22:18:49,-18.6,-21.0,0.0,4.0,26.0
2026-08-13 22:17:49,-18.7,-21.2,1.0,5.0,26.0
2026-08-13 22:16:49,-18.8,-21.4,2.0,5.0,26.0
2026-08-13 22:15:49,-18.9,-21.6,3.0,5.0,26.0
2026-08-13 22:14:49,-18.8,-21.8,5.0,5.0,26.0
2026-08-13 22:13:49,-18.7,-21.7,5.0,5.0,26.0
2026-08-13 22:12:49,-18.7,-21.7,5.0,5.0,26.0
2026-08-13 22:11:49,-18.6,-21.7,4.0,5.0,26.0
2026-08-13 22:10:49,-18.6,-21.6,4.0,5.0,26.0
2026-08-13 22:09:49,-18.5,-21.6,4.0,5.0,26.0
2026-08-13 22:08:49,-18.5,-21.5,4.0,5.0,26.0
2026-08-13 22:07:49,-18.4,-21.4,4.0,5.0,26.0
2026-08-13 22:06:49,-18.4,-21.4,4.0,5.0,26.0
2026-08-13 22:05:49,-18.3,-21.4,4.0,5.0,26.0
2026-08-13 22:04:49,-18.3,-21.3,3.0,5.0,26.0
2026-08-13 22:03:49,-18.2,-21.2,3.0,5.0,26.0
2026-08-13 22:02:49,-18.2,-21.2,3.0,5.0,26.0
2026-08-13 22:01:49,-18.1,-21.1,3.0,5.0,26.0
2026-08-13 22:00:49,-18.0,-21.0,3.0,5.0,26.0
2026-08-13 21:59:49,-18.0,-20.9,3.0,5.0,26.0
2026-08-13 21:58:49,-17.9,-20.8,2.0,5.0,26.0
2026-08-13 21:57:49,-17.9,-20.8,2.0,5.0,26.0
2026-08-13 21:56:49,-17.8,-20.7,2.0,5.0,26.0
2026-08-13 21:55:49,-17.8,-20.6,1.0,5.0,26.0
2026-08-13 21:54:49,-17.8,-20.5,1.0,4.0,26.0
2026-08-13 21:53:49,-17.9,-20.5,0.0,4.0,26.0
2026-08-13 21:52:49,-18.1,-20.5,0.0,4.0,26.0
2026-08-13 21:51:49,-18.3,-20.7,0.0,4.0,26.0
2026-08-13 21:50:49,-18.5,-20.9,0.0,4.0,26.0
2026-08-13 21:49:49,-18.6,-21.1,1.0,4.0,26.0
2026-08-13 21:48:49,-18.8,-21.4,1.0,5.0,26.0
2026-08-13 21:47:49,-18.8,-21.6,3.0,5.0,26.0
2026-08-13 21:46:49,-18.8,-21.7,5.0,5.0,26.0
2026-08-13 21:45:49,-18.7,-21.7,5.0,5.0,26.0
2026-08-13 21:44:49,-18.7,-21.7,5.0,5.0,26.0
2026-08-13 21:43:49,-18.6,-21.6,4.0,5.0,26.0
2026-08-13 21:42:49,-18.6,-21.6,4.0,5.0,26.0
2026-08-13 21:41:49,-18.5,-21.5,4.0,5.0,26.0
2026-08-13 21:40:49,-18.5,-21.5,4.0,5.0,26.0
2026-08-13 21:39:49,-18.4,-21.4,4.0,5.0,26.0
2026-08-13 21:38:49,-18.4,-21.4,4.0,5.0,26.0
2026-08-13 21:37:49,-18.3,-21.3,4.0,5.0,26.0
2026-08-13 21:36:49,-18.3,-21.3,3.0,5.0,26.0
2026-08-13 21:35:49,-18.2,-21.2,3.0,5.0,26.0
2026-08-13 21:34:49,-18.2,-21.1,3.0,5.0,26.0
2026-08-13 21:33:49,-18.1,-21.1,3.0,5.0,26.0
2026-08-13 21:32:49,-18.0,-21.0,3.0,5.0,26.0
2026-08-13 21:31:49,-18.0,-21.0,3.0,5.0,26.0
2026-08-13 21:30:49,-17.9,-20.8,3.0,5.0,26.0
2026-08-13 21:29:49,-17.8,-20.8,2.0,5.0,26.0
2026-08-13 21:28:49,-17.8,-20.7,2.0,5.0,26.0
2026-08-13 21:27:49,-17.8,-20.6,2.0,5.0,26.0
2026-08-13 21:26:49,-17.8,-20.5,1.0,4.0,26.0
2026-08-13 21:25:49,-17.9,-20.5,0.0,5.0,26.0
2026-08-13 21:24:49,-18.1,-20.5,0.0,4.0,26.0
2026-08-13 21:23:49,-18.3,-20.7,0.0,5.0,26.0
2026-08-13 21:22:49,-18.4,-20.8,0.0,4.0,26.0
2026-08-13 21:21:49,-18.6,-21.1,0.0,5.0,26.0
2026-08-13 21:20:49,-18.7,-21.3,1.0,5.0,26.0
2026-08-13 21:19:49,-18.8,-21.5,3.0,5.0,26.0
2026-08-13 21:18:49,-18.8,-21.7,4.0,5.0,26.0
2026-08-13 21:17:49,-18.7,-21.7,5.0,5.0,26.0
2026-08-13 21:16:49,-18.6,-21.6,5.0,5.0,26.0
2026-08-13 21:15:49,-18.6,-21.6,4.0,5.0,26.0
2026-08-13 21:14:49,-18.5,-21.5,4.0,5.0,26.0
2026-08-13 21:13:49,-18.5,-21.5,4.0,5.0,26.0
2026-08-13 21:12:49,-18.4,-21.4,4.0,5.0,26.0
2026-08-13 21:11:49,-18.3,-21.4,4.0,5.0,26.0
2026-08-13 21:10:49,-18.3,-21.3,4.0,5.0,26.0
2026-08-13 21:09:49,-18.2,-21.2,3.0,5.0,26.0
2026-08-13 21:08:49,-18.2,-21.2,3.0,5.0,26.0
2026-08-13 21:07:49,-18.1,-21.1,3.0,5.0,26.0
2026-08-13 21:06:49,-18.1,-21.0,3.0,5.0,26.0
2026-08-13 21:05:49,-18.0,-21.0,3.0,5.0,26.0
2026-08-13 21:04:49,-17.9,-20.9,3.0,5.0,26.0
2026-08-13 21:03:49,-17.9,-20.8,2.0,5.0,26.0
2026-08-13 21:02:49,-17.8,-20.8,2.0,5.0,26.0
2026-08-13 21:01:49,-17.8,-20.7,2.0,5.0,26.0
2026-08-13 21:00:49,-17.8,-20.6,1.0,5.0,26.0
2026-08-13 20:59:49,-17.9,-20.5,1.0,4.0,26.0
2026-08-13 20:58:49,-18.1,-20.6,0.0,4.0,26.0
2026-08-13 20:57:49,-18.3,-20.7,0.0,4.0,26.0
2026-08-13 20:56:49,-18.5,-20.9,0.0,4.0,26.0
2026-08-13 20:55:49,-18.6,-21.1,1.0,4.0,26.0
2026-08-13 20:54:49,-18.7,-21.3,2.0,5.0,26.0
2026-08-13 20:53:49,-18.7,-21.5,3.0,5.0,26.0
2026-08-13 20:52:49,-18.6,-21.6,4.0,5.0,26.0
2026-08-13 20:51:49,-18.5,-21.6,4.0,5.0,26.0
2026-08-13 20:50:49,-18.5,-21.5,4.0,5.0,26.0
2026-08-13 20:49:49,-18.4,-21.4,4.0,5.0,26.0
2026-08-13 20:48:49,-18.4,-21.4,4.0,5.0,26.0
2026-08-13 20:47:49,-18.3,-21.3,4.0,5.0,26.0
2026-08-13 20:46:49,-18.3,-21.3,3.0,5.0,26.0
2026-08-13 20:45:49,-18.3,-21.2,3.0,5.0,26.0
2026-08-13 20:44:49,-18.2,-21.2,3.0,5.0,26.0
2026-08-13 20:43:49,-18.1,-21.1,3.0,5.0,26.0
2026-08-13 20:42:49,-18.0,-21.0,3.0,5.0,26.0
2026-08-13 20:41:49,-17.9,-20.9,3.0,5.0,26.0
2026-08-13 20:40:49,-17.9,-20.9,3.0,5.0,26.0
2026-08-13 20:39:49,-17.9,-20.8,3.0,5.0,26.0
2026-08-13 20:38:49,-17.8,-20.7,2.0,5.0,26.0
2026-08-13 20:37:49,-17.9,-20.6,1.0,5.0,26.0
2026-08-13 20:36:49,-17.9,-20.6,1.0,4.0,26.0
2026-08-13 20:35:49,-18.1,-20.6,0.0,4.0,26.0
2026-08-13 20:34:49,-18.3,-20.7,0.0,4.0,26.0
2026-08-13 20:33:49,-18.4,-20.9,0.0,4.0,26.0
2026-08-13 20:32:49,-18.5,-21.1,1.0,4.0,26.0
2026-08-13 20:31:49,-18.6,-21.3,2.0,5.0,26.0
2026-08-13 20:30:49,-18.6,-21.5,3.0,5.0,26.0
2026-08-13 20:29:49,-18.5,-21.6,4.0,5.0,26.0
2026-08-13 20:28:49,-18.5,-21.5,4.0,5.0,26.0
2026-08-13 20:27:49,-18.4,-21.5,4.0,5.0,26.0
2026-08-13 20:26:49,-18.4,-21.4,4.0,5.0,26.0
2026-08-13 20:25:49,-18.3,-21.4,4.0,5.0,26.0
2026-08-13 20:24:49,-18.3,-21.3,4.0,5.0,26.0
2026-08-13 20:23:49,-18.2,-21.2,3.0,5.0,26.0
2026-08-13 20:22:49,-18.2,-21.1,3.0,5.0,26.0
2026-08-13 20:21:49,-18.1,-21.1,3.0,5.0,26.0
2026-08-13 20:20:49,-18.1,-21.0,3.0,5.0,26.0
2026-08-13 20:19:49,-18.0,-21.0,3.0,5.0,26.0
2026-08-13 20:18:49,-17.9,-20.9,3.0,5.0,26.0
2026-08-13 20:17:49,-17.9,-20.8,2.0,5.0,26.0
2026-08-13 20:16:49,-17.8,-20.7,2.0,4.0,26.0
2026-08-13 20:15:49,-17.8,-20.7,2.0,5.0,26.0
2026-08-13 20:14:49,-17.8,-20.6,1.0,5.0,26.0
2026-08-13 20:13:49,-17.9,-20.5,1.0,4.0,26.0
2026-08-13 20:12:49,-18.1,-20.5,0.0,4.0,26.0
2026-08-13 20:11:49,-18.3,-20.7,0.0,4.0,26.0
2026-08-13 20:10:49,-18.4,-20.9,0.0,4.0,26.0
2026-08-13 20:09:49,-18.5,-21.1,1.0,4.0,26.0
2026-08-13 20:08:49,-18.6,-21.3,2.0,5.0,26.0
2026-08-13 20:07:49,-18.6,-21.4,4.0,5.0,26.0
2026-08-13 20:06:49,-18.5,-21.5,4.0,5.0,26.0
2026-08-13 20:05:49,-18.4,-21.5,4.0,5.0,26.0
2026-08-13 20:04:49,-18.4,-21.4,4.0,5.0,26.0
2026-08-13 20:03:49,-18.4,-21.4,4.0,5.0,26.0
2026-08-13 20:02:49,-18.3,-21.3,4.0,5.0,26.0
2026-08-13 20:01:49,-18.2,-21.2,4.0,5.0,26.0
2026-08-13 20:00:49,-18.2,-21.2,3.0,5.0,26.0
2026-08-13 19:59:49,-18.2,-21.2,3.0,5.0,26.0
2026-08-13 19:58:49,-18.1,-21.1,3.0,5.0,26.0
2026-08-13 19:57:49,-18.0,-21.0,3.0,5.0,26.0
2026-08-13 19:56:49,-18.0,-21.0,3.0,5.0,26.0
2026-08-13 19:55:49,-17.9,-20.9,3.0,5.0,26.0
2026-08-13 19:54:49,-17.8,-20.8,3.0,4.0,26.0
2026-08-13 19:53:49,-17.8,-20.7,2.0,5.0,26.0
2026-08-13 19:52:49,-17.8,-20.6,2.0,4.0,26.0
2026-08-13 19:51:49,-17.7,-20.5,2.0,4.0,26.0
2026-08-13 19:50:49,-17.7,-20.5,1.0,4.0,26.0
2026-08-13 19:49:49,-17.9,-20.5,0.0,4.0,26.0
2026-08-13 19:48:49,-18.1,-20.5,0.0,4.0,26.0
2026-08-13 19:47:49,-18.3,-20.7,0.0,4.0,26.0
2026-08-13 19:46:49,-18.4,-20.9,1.0,4.0,26.0
2026-08-13 19:45:49,-18.5,-21.1,1.0,4.0,26.0
2026-08-13 19:44:49,-18.6,-21.3,2.0,4.0,26.0
2026-08-13 19:43:49,-18.5,-21.5,4.0,4.0,26.0
2026-08-13 19:42:49,-18.4,-21.5,4.0,4.0,26.0
2026-08-13 19:41:49,-18.4,-21.4,4.0,4.0,26.0
2026-08-13 19:40:49,-18.3,-21.3,4.0,4.0,26.0
2026-08-13 19:39:49,-18.3,-21.3,3.0,4.0,26.0
2026-08-13 19:38:49,-18.2,-21.2,3.0,4.0,26.0
2026-08-13 19:37:49,-18.2,-21.2,3.0,4.0,26.0
2026-08-13 19:36:49,-18.1,-21.1,3.0,5.0,26.0
2026-08-13 19:35:49,-18.1,-21.1,3.0,4.0,26.0
2026-08-13 19:34:49,-18.0,-21.0,3.0,4.0,26.0
2026-08-13 19:33:49,-18.0,-20.9,3.0,4.0,26.0
2026-08-13 19:32:49,-17.9,-20.8,2.0,4.0,26.0
2026-08-13 19:31:49,-17.8,-20.8,2.0,4.0,26.0
2026-08-13 19:30:49,-17.7,-20.7,2.0,4.0,26.0
2026-08-13 19:29:49,-17.7,-20.6,2.0,4.0,26.0
2026-08-13 19:28:49,-17.6,-20.5,2.0,4.0,26.0
2026-08-13 19:27:49,-17.5,-20.4,1.0,4.0,26.0
2026-08-13 19:26:49,-17.5,-20.3,1.0,4.0,26.0
2026-08-13 19:25:49,-17.4,-20.3,1.0,4.0,26.0
2026-08-13 19:24:49,-17.3,-20.2,1.0,4.0,26.0
2026-08-13 19:23:49,-17.4,-20.1,1.0,4.0,26.0
2026-08-13 19:22:49,-17.4,-20.0,0.0,4.0,26.0
2026-08-13 19:21:49,-17.6,-20.0,0.0,4.0,26.0
2026-08-13 19:20:49,-17.8,-20.1,1.0,4.0,26.0
2026-08-13 19:19:49,-18.0,-20.4,0.0,3.0,26.0
2026-08-13 19:18:49,-18.2,-20.5,1.0,4.0,26.0
2026-08-13 19:17:49,-18.4,-20.7,1.0,4.0,26.0
2026-08-13 19:16:49,-18.5,-20.9,1.0,5.0,26.0
2026-08-13 19:15:49,-18.7,-21.2,2.0,4.0,26.0
2026-08-13 19:14:49,-18.8,-21.4,3.0,4.0,26.0
2026-08-13 19:13:49,-18.8,-21.6,4.0,4.0,26.0
2026-08-13 19:12:49,-18.7,-21.7,4.0,5.0,26.0
2026-08-13 19:11:49,-18.6,-21.7,4.0,4.0,26.0
2026-08-13 19:10:49,-18.6,-21.6,4.0,5.0,26.0
2026-08-13 19:09:49,-18.5,-21.6,4.0,4.0,26.0
2026-08-13 19:08:49,-18.5,-21.5,4.0,4.0,26.0
2026-08-13 19:07:49,-18.5,-21.5,4.0,4.0,26.0
2026-08-13 19:06:49,-18.4,-21.5,4.0,4.0,26.0
2026-08-13 19:05:49,-18.4,-21.4,3.0,4.0,26.0
2026-08-13 19:04:49,-18.3,-21.3,3.0,4.0,26.0
2026-08-13 19:03:49,-18.3,-21.3,3.0,4.0,26.0
2026-08-13 19:02:49,-18.3,-21.2,3.0,4.0,26.0
2026-08-13 19:01:49,-18.2,-21.2,3.0,4.0,26.0
2026-08-13 19:00:49,-18.1,-21.1,3.0,5.0,26.0
2026-08-13 18:59:49,-18.1,-21.1,3.0,4.0,26.0
2026-08-13 18:58:49,-18.0,-21.0,2.0,4.0,26.0
2026-08-13 18:57:49,-17.9,-20.9,2.0,5.0,26.0
2026-08-13 18:56:49,-17.8,-20.8,2.0,4.0,26.0
2026-08-13 18:55:49,-17.7,-20.8,2.0,4.0,26.0
2026-08-13 18:54:49,-17.7,-20.7,2.0,4.0,26.0
2026-08-13 18:53:49,-17.6,-20.6,1.0,4.0,26.0
2026-08-13 18:52:49,-17.5,-20.5,1.0,4.0,26.0
2026-08-13 18:51:49,-17.5,-20.4,1.0,4.0,26.0
2026-08-13 18:50:49,-17.4,-20.3,1.0,4.0,26.0
2026-08-13 18:49:49,-17.5,-20.2,0.0,4.0,26.0
2026-08-13 18:48:49,-17.6,-20.1,0.0,4.0,26.0
2026-08-13 18:47:49,-17.8,-20.2,0.0,3.0,26.0
2026-08-13 18:46:49,-17.9,-20.3,0.0,4.0,26.0
2026-08-13 18:45:49,-18.1,-20.5,0.0,4.0,26.0
2026-08-13 18:44:49,-18.3,-20.7,1.0,4.0,26.0
2026-08-13 18:43:49,-18.5,-20.9,1.0,4.0,26.0
2026-08-13 18:42:49,-18.6,-21.1,2.0,4.0,26.0
2026-08-13 18:41:49,-18.7,-21.3,3.0,4.0,26.0
2026-08-13 18:40:49,-18.7,-21.5,3.0,4.0,26.0
2026-08-13 18:39:49,-18.7,-21.7,4.0,5.0,26.0
2026-08-13 18:38:49,-18.6,-21.6,4.0,4.0,26.0
2026-08-13 18:37:49,-18.5,-21.6,4.0,4.0,26.0
2026-08-13 18:36:49,-18.5,-21.5,4.0,4.0,26.0
2026-08-13 18:35:49,-18.5,-21.5,4.0,4.0,26.0
2026-08-13 18:34:49,-18.5,-21.4,3.0,4.0,26.0
2026-08-13 18:33:49,-18.4,-21.4,4.0,4.0,26.0
2026-08-13 18:32:49,-18.3,-21.4,3.0,5.0,26.0
2026-08-13 18:31:49,-18.3,-21.3,3.0,5.0,26.0
2026-08-13 18:30:49,-18.2,-21.2,3.0,4.0,26.0
2026-08-13 18:29:49,-18.2,-21.2,3.0,4.0,26.0
2026-08-13 18:28:49,-18.1,-21.2,3.0,4.0,26.0
2026-08-13 18:27:49,-18.1,-21.1,3.0,4.0,26.0
2026-08-13 18:26:49,-18.0,-21.0,3.0,4.0,26.0
2026-08-13 18:25:49,-17.9,-20.9,3.0,4.0,26.0
2026-08-13 18:24:49,-17.8,-20.8,2.0,4.0,26.0
2026-08-13 18:23:49,-17.8,-20.8,2.0,4.0,26.0
2026-08-13 18:22:49,-17.7,-20.7,2.0,4.0,26.0
2026-08-13 18:21:49,-17.6,-20.6,2.0,4.0,26.0
2026-08-13 18:20:49,-17.5,-20.5,2.0,4.0,26.0
2026-08-13 18:19:49,-17.4,-20.4,1.0,4.0,26.0
2026-08-13 18:18:49,-17.3,-20.3,1.0,4.0,26.0
2026-08-13 18:17:49,-17.3,-20.1,1.0,4.0,26.0
2026-08-13 18:16:49,-17.3,-20.0,1.0,4.0,26.0
2026-08-13 18:15:49,-17.3,-19.9,0.0,4.0,26.0
2026-08-13 18:14:49,-17.4,-19.8,0.0,4.0,26.0
2026-08-13 18:13:49,-17.5,-19.8,0.0,3.0,26.0
2026-08-13 18:12:49,-17.7,-20.0,0.0,4.0,26.0
2026-08-13 18:11:49,-17.8,-20.1,0.0,4.0,26.0
2026-08-13 18:10:49,-18.0,-20.3,1.0,4.0,26.0
2026-08-13 18:09:49,-18.2,-20.5,1.0,4.0,26.0
2026-08-13 18:08:49,-18.4,-20.7,1.0,4.0,26.0
2026-08-13 18:07:49,-18.6,-20.9,2.0,4.0,26.0
2026-08-13 18:06:49,-18.8,-21.2,2.0,4.0,26.0
2026-08-13 18:05:49,-19.0,-21.5,3.0,5.0,26.0
2026-08-13 18:04:49,-19.1,-21.7,4.0,5.0,26.0
2026-08-13 18:03:49,-19.0,-22.0,6.0,5.0,26.0
2026-08-13 18:02:49,-19.0,-22.0,4.0,4.0,26.0
2026-08-13 18:01:49,-18.9,-22.0,4.0,4.0,26.0
2026-08-13 18:00:49,-18.9,-21.9,4.0,5.0,26.0
2026-08-13 17:59:49,-18.8,-21.9,4.0,4.0,26.0
2026-08-13 17:58:49,-18.8,-21.8,4.0,4.0,26.0
2026-08-13 17:57:49,-18.8,-21.8,4.0,5.0,26.0
2026-08-13 17:56:49,-18.7,-21.8,4.0,4.0,26.0
2026-08-13 17:55:49,-18.7,-21.7,3.0,4.0,26.0
2026-08-13 17:54:49,-18.6,-21.7,3.0,4.0,26.0
2026-08-13 17:53:49,-18.6,-21.6,3.0,4.0,26.0
2026-08-13 17:52:49,-18.5,-21.6,3.0,4.0,26.0
2026-08-13 17:51:49,-18.5,-21.5,3.0,4.0,26.0
2026-08-13 17:50:49,-18.4,-21.4,3.0,4.0,26.0
2026-08-13 17:49:49,-18.4,-21.4,3.0,4.0,26.0
2026-08-13 17:48:49,-18.3,-21.3,2.0,4.0,26.0
2026-08-13 17:47:49,-18.2,-21.3,3.0,4.0,26.0
2026-08-13 17:46:49,-18.1,-21.2,2.0,4.0,26.0
2026-08-13 17:45:49,-18.1,-21.1,2.0,4.0,26.0
2026-08-13 17:44:49,-18.0,-21.0,2.0,4.0,26.0
2026-08-13 17:43:49,-18.0,-20.9,1.0,4.0,26.0
2026-08-13 17:42:49,-17.9,-20.8,1.0,4.0,26.0
2026-08-13 17:41:49,-17.9,-20.7,1.0,4.0,26.0
2026-08-13 17:40:49,-17.9,-20.6,1.0,4.0,26.0
2026-08-13 17:39:49,-18.0,-20.5,0.0,4.0,26.0
2026-08-13 17:38:49,-18.1,-20.5,0.0,3.0,26.0
2026-08-13 17:37:49,-18.3,-20.6,0.0,3.0,26.0
2026-08-13 17:36:49,-18.5,-20.8,0.0,3.0,26.0
2026-08-13 17:35:49,-18.6,-21.0,1.0,4.0,26.0
2026-08-13 17:34:49,-18.8,-21.3,1.0,4.0,26.0
2026-08-13 17:33:49,-19.0,-21.5,2.0,4.0,26.0
2026-08-13 17:32:49,-19.1,-21.7,2.0,4.0,26.0
2026-08-13 17:31:49,-19.1,-21.9,3.0,4.0,26.0
2026-08-13 17:30:49,-19.1,-22.1,4.0,4.0,26.0
2026-08-13 17:29:49,-19.0,-22.1,4.0,4.0,26.0
2026-08-13 17:28:49,-19.0,-22.0,4.0,4.0,26.0
2026-08-13 17:27:49,-19.0,-22.0,4.0,4.0,25.0
2026-08-13 17:26:49,-18.9,-21.9,4.0,4.0,25.0
2026-08-13 17:25:49,-18.9,-21.9,4.0,5.0,25.0
2026-08-13 17:24:49,-18.8,-21.9,3.0,4.0,25.0
2026-08-13 17:23:49,-18.8,-21.8,4.0,4.0,25.0
2026-08-13 17:22:49,-18.7,-21.8,3.0,4.0,26.0
2026-08-13 17:21:49,-18.7,-21.7,3.0,4.0,26.0
2026-08-13 17:20:49,-18.7,-21.7,3.0,5.0,26.0
2026-08-13 17:19:49,-18.6,-21.6,3.0,4.0,26.0
2026-08-13 17:18:49,-18.6,-21.6,3.0,5.0,26.0
2026-08-13 17:17:49,-18.5,-21.5,3.0,4.0,26.0
2026-08-13 17:16:49,-18.4,-21.4,3.0,4.0,26.0
2026-08-13 17:15:49,-18.4,-21.4,2.0,4.0,26.0
2026-08-13 17:14:49,-18.3,-21.3,2.0,4.0,26.0
2026-08-13 17:13:49,-18.2,-21.3,2.0,4.0,26.0
2026-08-13 17:12:49,-18.2,-21.2,2.0,4.0,26.0
2026-08-13 17:11:49,-18.1,-21.1,2.0,4.0,26.0
2026-08-13 17:10:49,-18.0,-21.0,2.0,4.0,26.0
2026-08-13 17:09:49,-17.9,-20.9,1.0,4.0,26.0
2026-08-13 17:08:49,-17.9,-20.8,1.0,4.0,26.0
2026-08-13 17:07:49,-17.8,-20.7,1.0,4.0,26.0
2026-08-13 17:06:49,-17.9,-20.6,0.0,5.0,26.0
2026-08-13 17:05:49,-18.0,-20.6,0.0,4.0,26.0
2026-08-13 17:04:49,-18.2,-20.6,0.0,3.0,26.0
2026-08-13 17:03:49,-18.3,-20.7,0.0,3.0,26.0
2026-08-13 17:02:49,-18.5,-20.8,0.0,3.0,26.0
2026-08-13 17:01:49,-18.7,-21.1,1.0,4.0,26.0
2026-08-13 17:00:49,-18.9,-21.3,1.0,4.0,26.0
2026-08-13 16:59:49,-19.0,-21.5,2.0,4.0,26.0
2026-08-13 16:58:49,-19.2,-21.7,3.0,4.0,26.0
2026-08-13 16:57:49,-19.2,-22.0,3.0,4.0,26.0
2026-08-13 16:56:49,-19.1,-22.1,4.0,4.0,25.0
2026-08-13 16:55:49,-19.1,-22.1,4.0,4.0,26.0
2026-08-13 16:54:49,-19.0,-22.1,4.0,4.0,26.0
2026-08-13 16:53:49,-19.0,-22.0,4.0,4.0,26.0
2026-08-13 16:52:49,-19.0,-22.0,4.0,4.0,26.0
2026-08-13 16:51:49,-18.9,-21.9,4.0,4.0,26.0
2026-08-13 16:50:49,-18.9,-21.9,3.0,4.0,26.0
2026-08-13 16:49:49,-18.8,-21.9,4.0,5.0,26.0
2026-08-13 16:48:49,-18.8,-21.8,3.0,4.0,26.0
2026-08-13 16:47:49,-18.7,-21.8,3.0,4.0,26.0
2026-08-13 16:46:49,-18.7,-21.7,3.0,4.0,26.0
2026-08-13 16:45:49,-18.7,-21.7,3.0,4.0,26.0
2026-08-13 16:44:49,-18.6,-21.6,3.0,4.0,26.0
2026-08-13 16:43:49,-18.5,-21.6,3.0,4.0,25.0
2026-08-13 16:42:49,-18.5,-21.5,3.0,4.0,25.0
2026-08-13 16:41:49,-18.4,-21.4,2.0,4.0,25.0
2026-08-13 16:40:49,-18.3,-21.4,2.0,5.0,25.0
2026-08-13 16:39:49,-18.3,-21.3,2.0,4.0,25.0
2026-08-13 16:38:49,-18.2,-21.2,2.0,4.0,25.0
2026-08-13 16:37:49,-18.1,-21.1,2.0,4.0,25.0
2026-08-13 16:36:49,-18.1,-21.0,1.0,5.0,25.0
2026-08-13 16:35:49,-18.0,-20.9,1.0,4.0,25.0
2026-08-13 16:34:49,-17.9,-20.8,1.0,4.0,25.0
2026-08-13 16:33:49,-17.9,-20.7,1.0,4.0,25.0
2026-08-13 16:32:49,-17.9,-20.6,1.0,4.0,25.0
2026-08-13 16:31:49,-17.9,-20.6,0.0,4.0,25.0
2026-08-13 16:30:49,-18.1,-20.6,0.0,4.0,25.0
2026-08-13 16:29:49,-18.3,-20.6,0.0,3.0,25.0
2026-08-13 16:28:49,-18.5,-20.8,0.0,3.0,26.0
2026-08-13 16:27:49,-18.6,-21.0,1.0,4.0,26.0
2026-08-13 16:26:49,-18.8,-21.3,1.0,4.0,26.0
2026-08-13 16:25:49,-18.9,-21.5,1.0,3.0,26.0
2026-08-13 16:24:49,-19.1,-21.7,2.0,4.0,26.0
2026-08-13 16:23:49,-19.2,-21.9,2.0,4.0,26.0
2026-08-13 16:22:49,-19.1,-22.1,3.0,4.0,26.0
2026-08-13 16:21:49,-19.0,-22.1,3.0,4.0,25.0
2026-08-13 16:20:49,-19.0,-22.0,3.0,3.0,25.0
2026-08-13 16:19:49,-18.9,-22.0,3.0,4.0,25.0
2026-08-13 16:18:49,-18.9,-21.9,3.0,4.0,25.0
2026-08-13 16:17:49,-18.9,-21.9,3.0,3.0,25.0
2026-08-13 16:16:49,-18.8,-21.8,2.0,3.0,25.0
2026-08-13 16:15:49,-18.8,-21.8,3.0,4.0,25.0
2026-08-13 16:14:49,-18.7,-21.8,2.0,4.0,26.0
2026-08-13 16:13:49,-18.7,-21.7,2.0,3.0,25.0
2026-08-13 16:12:49,-18.6,-21.6,2.0,3.0,25.0
2026-08-13 16:11:49,-18.6,-21.6,2.0,4.0,25.0
2026-08-13 16:10:49,-18.5,-21.5,2.0,4.0,25.0
2026-08-13 16:09:49,-18.4,-21.5,2.0,4.0,25.0
2026-08-13 16:08:49,-18.4,-21.4,2.0,5.0,26.0
2026-08-13 16:07:49,-18.3,-21.3,2.0,4.0,26.0
2026-08-13 16:06:49,-18.3,-21.2,2.0,4.0,26.0
2026-08-13 16:05:49,-18.2,-21.1,3.0,4.0,27.0
2026-08-13 16:04:49,-18.1,-21.0,3.0,4.0,30.0
2026-08-13 16:03:49,-18.1,-21.0,1.0,4.0,30.0
2026-08-13 16:02:49,-18.1,-20.9,0.0,4.0,30.0
2026-08-13 16:01:49,-18.2,-20.8,0.0,4.0,30.0
2026-08-13 16:00:49,-18.4,-20.8,0.0,3.0,30.0
2026-08-13 15:59:49,-18.6,-21.0,0.0,3.0,30.0
2026-08-13 15:58:49,-18.8,-21.2,0.0,3.0,30.0
2026-08-13 15:57:49,-19.0,-21.4,1.0,4.0,30.0
2026-08-13 15:56:49,-19.2,-21.6,1.0,4.0,30.0
2026-08-13 15:55:49,-19.3,-21.8,2.0,4.0,30.0
2026-08-13 15:54:49,-19.4,-22.1,3.0,4.0,30.0
2026-08-13 15:53:49,-19.4,-22.3,4.0,4.0,30.0
2026-08-13 15:52:49,-19.3,-22.4,4.0,4.0,30.0
2026-08-13 15:51:49,-19.3,-22.4,4.0,4.0,30.0
2026-08-13 15:50:49,-19.2,-22.3,4.0,4.0,30.0
2026-08-13 15:49:49,-19.2,-22.3,4.0,4.0,30.0
2026-08-13 15:48:49,-19.2,-22.2,4.0,4.0,30.0
2026-08-13 15:47:49,-19.1,-22.2,4.0,4.0,30.0
2026-08-13 15:46:49,-19.1,-22.1,3.0,4.0,30.0
2026-08-13 15:45:49,-19.1,-22.1,3.0,4.0,30.0
2026-08-13 15:44:49,-19.0,-22.1,4.0,4.0,30.0
2026-08-13 15:43:49,-19.0,-22.0,3.0,4.0,30.0
2026-08-13 15:42:49,-18.9,-22.0,3.0,4.0,30.0
2026-08-13 15:41:49,-18.9,-21.9,3.0,4.0,30.0
2026-08-13 15:40:49,-18.8,-21.9,3.0,4.0,30.0
2026-08-13 15:39:49,-18.8,-21.8,3.0,4.0,30.0
2026-08-13 15:38:49,-18.7,-21.8,3.0,4.0,30.0
2026-08-13 15:37:49,-18.6,-21.7,3.0,4.0,30.0
2026-08-13 15:36:49,-18.6,-21.6,2.0,4.0,30.0
2026-08-13 15:35:49,-18.5,-21.6,2.0,4.0,30.0
2026-08-13 15:34:49,-18.4,-21.5,2.0,4.0,30.0
2026-08-13 15:33:49,-18.4,-21.4,2.0,4.0,30.0
2026-08-13 15:32:49,-18.3,-21.3,2.0,4.0,30.0
2026-08-13 15:31:49,-18.2,-21.2,1.0,4.0,30.0
2026-08-13 15:30:49,-18.2,-21.1,1.0,4.0,30.0
2026-08-13 15:29:49,-18.1,-21.0,1.0,4.0,30.0
2026-08-13 15:28:49,-18.1,-21.0,1.0,4.0,30.0
2026-08-13 15:27:49,-18.1,-20.9,0.0,4.0,30.0
2026-08-13 15:26:49,-18.2,-20.8,0.0,4.0,30.0
2026-08-13 15:25:49,-18.4,-20.8,0.0,3.0,30.0
2026-08-13 15:24:49,-18.6,-21.0,0.0,3.0,30.0
2026-08-13 15:23:49,-18.8,-21.2,0.0,3.0,30.0
2026-08-13 15:22:49,-18.9,-21.4,1.0,4.0,30.0
2026-08-13 15:21:49,-19.1,-21.6,1.0,4.0,30.0
2026-08-13 15:20:49,-19.3,-21.8,2.0,4.0,30.0
2026-08-13 15:19:49,-19.4,-22.1,3.0,4.0,30.0
2026-08-13 15:18:49,-19.4,-22.3,4.0,4.0,30.0
2026-08-13 15:17:49,-19.3,-22.4,4.0,4.0,30.0
2026-08-13 15:16:49,-19.2,-22.3,4.0,4.0,30.0
2026-08-13 15:15:49,-19.2,-22.3,4.0,4.0,30.0
2026-08-13 15:14:49,-19.1,-22.2,4.0,4.0,30.0
2026-08-13 15:13:49,-19.1,-22.2,4.0,4.0,30.0
2026-08-13 15:12:49,-19.1,-22.1,4.0,4.0,30.0
2026-08-13 15:11:49,-19.1,-22.1,3.0,4.0,30.0
2026-08-13 15:10:49,-19.0,-22.1,3.0,4.0,30.0
2026-08-13 15:09:49,-19.0,-22.0,3.0,4.0,30.0
2026-08-13 15:08:49,-18.9,-22.0,3.0,4.0,30.0
2026-08-13 15:07:49,-18.9,-21.9,3.0,4.0,30.0
2026-08-13 15:06:49,-18.8,-21.9,3.0,4.0,30.0
2026-08-13 15:05:49,-18.8,-21.8,3.0,4.0,30.0
2026-08-13 15:04:49,-18.7,-21.8,3.0,4.0,30.0
2026-08-13 15:03:49,-18.6,-21.7,3.0,4.0,30.0
2026-08-13 15:02:49,-18.6,-21.6,3.0,4.0,30.0
2026-08-13 15:01:49,-18.6,-21.6,2.0,4.0,30.0
2026-08-13 15:00:49,-18.5,-21.5,2.0,5.0,30.0
2026-08-13 14:59:49,-18.4,-21.4,2.0,4.0,30.0
2026-08-13 14:58:49,-18.3,-21.4,2.0,4.0,30.0
2026-08-13 14:57:49,-18.2,-21.2,2.0,4.0,30.0
2026-08-13 14:56:49,-18.2,-21.1,1.0,4.0,30.0
2026-08-13 14:55:49,-18.0,-21.0,1.0,4.0,30.0
2026-08-13 14:54:49,-18.0,-20.9,1.0,4.0,30.0
2026-08-13 14:53:49,-18.0,-20.8,1.0,4.0,30.0
2026-08-13 14:52:49,-18.0,-20.7,0.0,4.0,30.0
2026-08-13 14:51:49,-18.1,-20.7,0.0,4.0,30.0
2026-08-13 14:50:49,-18.3,-20.6,0.0,3.0,30.0
2026-08-13 14:49:49,-18.5,-20.8,0.0,3.0,30.0
2026-08-13 14:48:49,-18.6,-21.0,0.0,3.0,30.0
2026-08-13 14:47:49,-18.8,-21.2,1.0,3.0,30.0
2026-08-13 14:46:49,-19.0,-21.5,1.0,3.0,30.0
2026-08-13 14:45:49,-19.2,-21.7,1.0,3.0,30.0
2026-08-13 14:44:49,-19.3,-22.0,2.0,3.0,30.0
2026-08-13 14:43:49,-19.4,-22.2,3.0,4.0,30.0
2026-08-13 14:42:49,-19.3,-22.4,4.0,4.0,30.0
2026-08-13 14:41:49,-19.3,-22.3,4.0,4.0,30.0
2026-08-13 14:40:49,-19.3,-22.3,4.0,4.0,30.0
2026-08-13 14:39:49,-19.2,-22.3,5.0,4.0,30.0
2026-08-13 14:38:49,-19.2,-22.2,3.0,4.0,30.0
2026-08-13 14:37:49,-19.1,-22.2,3.0,4.0,30.0
2026-08-13 14:36:49,-19.1,-22.1,3.0,4.0,30.0
2026-08-13 14:35:49,-19.0,-22.1,3.0,4.0,30.0
2026-08-13 14:34:49,-18.9,-22.1,3.0,4.0,30.0
2026-08-13 14:33:49,-18.9,-22.0,3.0,4.0,30.0
2026-08-13 14:32:49,-18.9,-21.9,3.0,4.0,30.0
2026-08-13 14:31:49,-18.8,-21.9,2.0,4.0,30.0
2026-08-13 14:30:49,-18.7,-21.8,2.0,4.0,30.0
2026-08-13 14:29:49,-18.7,-21.8,2.0,4.0,30.0
2026-08-13 14:28:49,-18.6,-21.7,2.0,4.0,30.0
2026-08-13 14:27:49,-18.5,-21.6,2.0,4.0,30.0
2026-08-13 14:26:49,-18.5,-21.5,2.0,4.0,30.0
2026-08-13 14:25:49,-18.4,-21.4,1.0,4.0,30.0
2026-08-13 14:24:49,-18.3,-21.3,2.0,4.0,30.0
2026-08-13 14:23:49,-18.3,-21.2,1.0,5.0,30.0
2026-08-13 14:22:49,-18.3,-21.1,1.0,4.0,30.0
2026-08-13 14:21:49,-18.4,-21.1,0.0,4.0,30.0
2026-08-13 14:20:49,-18.5,-21.1,0.0,3.0,30.0
2026-08-13 14:19:49,-18.7,-21.1,0.0,3.0,30.0
2026-08-13 14:18:49,-18.9,-21.3,1.0,3.0,30.0
2026-08-13 14:17:49,-19.0,-21.5,1.0,4.0,30.0
2026-08-13 14:16:49,-19.2,-21.7,2.0,4.0,30.0
2026-08-13 14:15:49,-19.4,-22.0,2.0,4.0,30.0
2026-08-13 14:14:49,-19.5,-22.2,3.0,4.0,30.0
2026-08-13 14:13:49,-19.5,-22.4,4.0,4.0,30.0
2026-08-13 14:12:49,-19.4,-22.5,4.0,4.0,30.0
2026-08-13 14:11:49,-19.4,-22.4,4.0,4.0,30.0
2026-08-13 14:10:49,-19.3,-22.4,4.0,4.0,30.0
2026-08-13 14:09:49,-19.3,-22.4,4.0,4.0,30.0
2026-08-13 14:08:49,-19.2,-22.3,4.0,4.0,30.0
2026-08-13 14:07:49,-19.2,-22.3,3.0,4.0,30.0
2026-08-13 14:06:49,-19.2,-22.2,3.0,4.0,30.0
2026-08-13 14:05:49,-19.1,-22.2,3.0,4.0,30.0
2026-08-13 14:04:49,-19.1,-22.2,3.0,4.0,30.0
2026-08-13 14:03:49,-19.0,-22.1,3.0,4.0,30.0
2026-08-13 14:02:49,-19.0,-22.0,3.0,4.0,30.0
2026-08-13 14:01:49,-19.0,-22.0,3.0,4.0,30.0
2026-08-13 14:00:49,-18.9,-22.0,3.0,4.0,30.0
2026-08-13 13:59:49,-18.8,-21.9,3.0,4.0,30.0
2026-08-13 13:58:49,-18.7,-21.8,3.0,4.0,30.0
2026-08-13 13:57:49,-18.7,-21.8,2.0,4.0,30.0
2026-08-13 13:56:49,-18.6,-21.7,2.0,4.0,30.0
2026-08-13 13:55:49,-18.6,-21.6,2.0,5.0,30.0
2026-08-13 13:54:49,-18.5,-21.6,2.0,4.0,30.0
2026-08-13 13:53:49,-18.4,-21.5,2.0,4.0,30.0
2026-08-13 13:52:49,-18.4,-21.4,2.0,4.0,30.0
2026-08-13 13:51:49,-18.3,-21.3,1.0,4.0,30.0
2026-08-13 13:50:49,-18.2,-21.2,1.0,4.0,30.0
2026-08-13 13:49:49,-18.2,-21.1,1.0,4.0,30.0
2026-08-13 13:48:49,-18.2,-21.0,1.0,4.0,30.0
2026-08-13 13:47:49,-18.3,-20.9,0.0,3.0,30.0
2026-08-13 13:46:49,-18.5,-21.0,0.0,3.0,30.0
2026-08-13 13:45:49,-18.7,-21.1,0.0,3.0,30.0
2026-08-13 13:44:49,-18.8,-21.3,1.0,3.0,30.0
2026-08-13 13:43:49,-19.0,-21.5,1.0,4.0,30.0
2026-08-13 13:42:49,-19.2,-21.8,2.0,4.0,30.0
2026-08-13 13:41:49,-19.3,-22.0,3.0,4.0,30.0
2026-08-13 13:40:49,-19.4,-22.2,3.0,4.0,30.0
2026-08-13 13:39:49,-19.4,-22.4,4.0,4.0,30.0
2026-08-13 13:38:49,-19.3,-22.4,4.0,4.0,30.0
2026-08-13 13:37:49,-19.3,-22.3,4.0,4.0,30.0
2026-08-13 13:36:49,-19.2,-22.3,4.0,4.0,30.0
2026-08-13 13:35:49,-19.2,-22.2,4.0,4.0,30.0
2026-08-13 13:34:49,-19.2,-22.2,4.0,4.0,30.0
2026-08-13 13:33:49,-19.1,-22.2,3.0,4.0,30.0
2026-08-13 13:32:49,-19.1,-22.1,3.0,4.0,30.0
2026-08-13 13:31:49,-19.0,-22.1,3.0,4.0,30.0
2026-08-13 13:30:49,-18.9,-22.0,3.0,4.0,30.0
2026-08-13 13:29:49,-18.9,-22.0,3.0,4.0,30.0
2026-08-13 13:28:49,-18.8,-21.9,3.0,4.0,30.0
2026-08-13 13:27:49,-18.8,-21.9,3.0,4.0,30.0
2026-08-13 13:26:49,-18.8,-21.8,3.0,4.0,30.0
2026-08-13 13:25:49,-18.7,-21.8,3.0,4.0,30.0
2026-08-13 13:24:49,-18.6,-21.7,3.0,4.0,30.0
2026-08-13 13:23:49,-18.5,-21.6,2.0,4.0,30.0
2026-08-13 13:22:49,-18.5,-21.5,2.0,4.0,30.0
2026-08-13 13:21:49,-18.4,-21.5,2.0,5.0,30.0
2026-08-13 13:20:49,-18.3,-21.4,2.0,4.0,30.0
2026-08-13 13:19:49,-18.2,-21.3,2.0,5.0,30.0
2026-08-13 13:18:49,-18.2,-21.2,2.0,4.0,30.0
2026-08-13 13:17:49,-18.1,-21.1,1.0,4.0,30.0
2026-08-13 13:16:49,-18.0,-21.0,1.0,4.0,30.0
2026-08-13 13:15:49,-18.0,-20.9,1.0,4.0,30.0
2026-08-13 13:14:49,-18.0,-20.8,1.0,4.0,30.0
2026-08-13 13:13:49,-18.1,-20.7,0.0,4.0,30.0
2026-08-13 13:12:49,-18.2,-20.7,0.0,3.0,30.0
2026-08-13 13:11:49,-18.4,-20.8,0.0,3.0,30.0
2026-08-13 13:10:49,-18.6,-21.0,1.0,3.0,30.0
2026-08-13 13:09:49,-18.8,-21.2,1.0,3.0,30.0
2026-08-13 13:08:49,-19.0,-21.5,1.0,3.0,29.0
2026-08-13 13:07:49,-19.2,-21.7,2.0,4.0,29.0
2026-08-13 13:06:49,-19.3,-22.0,2.0,3.0,29.0
2026-08-13 13:05:49,-19.3,-22.3,3.0,4.0,29.0
2026-08-13 13:04:49,-19.3,-22.4,4.0,4.0,29.0
2026-08-13 13:03:49,-19.3,-22.3,4.0,5.0,29.0
2026-08-13 13:02:49,-19.2,-22.2,4.0,5.0,28.0
2026-08-13 13:01:49,-19.2,-22.3,4.0,4.0,27.0
2026-08-13 13:00:49,-19.1,-22.2,3.0,4.0,27.0
2026-08-13 12:59:49,-19.1,-22.2,3.0,4.0,27.0
2026-08-13 12:58:49,-19.0,-22.1,3.0,4.0,27.0
2026-08-13 12:57:49,-19.0,-22.1,3.0,4.0,27.0
2026-08-13 12:56:49,-18.9,-22.1,3.0,4.0,27.0
2026-08-13 12:55:49,-18.9,-22.0,3.0,4.0,27.0
2026-08-13 12:54:49,-18.8,-21.9,2.0,5.0,27.0
2026-08-13 12:53:49,-18.8,-21.9,2.0,4.0,27.0
2026-08-13 12:52:49,-18.7,-21.8,2.0,5.0,27.0
2026-08-13 12:51:49,-18.6,-21.7,2.0,4.0,27.0
2026-08-13 12:50:49,-18.5,-21.6,2.0,4.0,27.0
2026-08-13 12:49:49,-18.5,-21.5,2.0,4.0,27.0
2026-08-13 12:48:49,-18.4,-21.5,1.0,4.0,27.0
2026-08-13 12:47:49,-18.4,-21.4,1.0,4.0,26.0
2026-08-13 12:46:49,-18.3,-21.3,1.0,4.0,27.0
2026-08-13 12:45:49,-18.2,-21.2,1.0,4.0,27.0
2026-08-13 12:44:49,-18.3,-21.1,0.0,4.0,27.0
2026-08-13 12:43:49,-18.4,-21.1,0.0,3.0,27.0
2026-08-13 12:42:49,-18.7,-21.1,0.0,3.0,27.0
2026-08-13 12:41:49,-18.9,-21.3,1.0,3.0,27.0
2026-08-13 12:40:49,-19.0,-21.5,1.0,3.0,27.0
2026-08-13 12:39:49,-19.2,-21.7,1.0,4.0,27.0
2026-08-13 12:38:49,-19.4,-21.9,2.0,4.0,27.0
2026-08-13 12:37:49,-19.5,-22.2,3.0,4.0,27.0
2026-08-13 12:36:49,-19.5,-22.4,4.0,4.0,27.0
2026-08-13 12:35:49,-19.4,-22.5,4.0,4.0,27.0
2026-08-13 12:34:49,-19.4,-22.4,4.0,4.0,27.0
2026-08-13 12:33:49,-19.3,-22.4,4.0,5.0,27.0
2026-08-13 12:32:49,-19.3,-22.4,4.0,4.0,27.0
2026-08-13 12:31:49,-19.3,-22.3,4.0,4.0,26.0
2026-08-13 12:30:49,-19.2,-22.3,3.0,4.0,27.0
2026-08-13 12:29:49,-19.2,-22.2,3.0,4.0,27.0
2026-08-13 12:28:49,-19.2,-22.2,3.0,4.0,27.0
2026-08-13 12:27:49,-19.1,-22.2,3.0,4.0,27.0
2026-08-13 12:26:49,-19.0,-22.1,3.0,4.0,27.0
2026-08-13 12:25:49,-19.0,-22.1,3.0,4.0,26.0
2026-08-13 12:24:49,-18.9,-22.0,3.0,4.0,26.0
2026-08-13 12:23:49,-18.9,-22.0,3.0,4.0,26.0
2026-08-13 12:22:49,-18.8,-21.9,3.0,4.0,27.0
2026-08-13 12:21:49,-18.8,-21.8,3.0,4.0,27.0
2026-08-13 12:20:49,-18.7,-21.8,2.0,4.0,26.0
2026-08-13 12:19:49,-18.6,-21.7,2.0,4.0,26.0
2026-08-13 12:18:49,-18.5,-21.6,2.0,4.0,27.0
2026-08-13 12:17:49,-18.5,-21.6,2.0,4.0,27.0
2026-08-13 12:16:49,-18.4,-21.5,2.0,4.0,27.0
2026-08-13 12:15:49,-18.3,-21.4,2.0,4.0,27.0
2026-08-13 12:14:49,-18.3,-21.3,1.0,4.0,27.0
2026-08-13 12:13:49,-18.2,-21.2,1.0,4.0,27.0
2026-08-13 12:12:49,-18.1,-21.1,1.0,4.0,27.0
2026-08-13 12:11:49,-18.1,-21.0,1.0,4.0,27.0
2026-08-13 12:10:49,-18.3,-20.9,0.0,3.0,27.0
2026-08-13 12:09:49,-18.4,-20.9,0.0,3.0,27.0
2026-08-13 12:08:49,-18.7,-21.1,0.0,3.0,27.0
2026-08-13 12:07:49,-18.8,-21.3,1.0,3.0,27.0
2026-08-13 12:06:49,-19.0,-21.5,1.0,3.0,27.0
2026-08-13 12:05:49,-19.2,-21.7,1.0,3.0,27.0
2026-08-13 12:04:49,-19.3,-22.0,2.0,3.0,27.0
2026-08-13 12:03:49,-19.4,-22.2,2.0,3.0,27.0
2026-08-13 12:02:49,-19.3,-22.4,3.0,3.0,27.0
2026-08-13 12:01:49,-19.3,-22.4,3.0,3.0,27.0
2026-08-13 12:00:49,-19.2,-22.3,3.0,3.0,27.0
2026-08-13 11:59:49,-19.2,-22.3,3.0,4.0,27.0
2026-08-13 11:58:49,-19.1,-22.2,3.0,4.0,27.0
2026-08-13 11:57:49,-19.1,-22.2,3.0,4.0,27.0
2026-08-13 11:56:49,-19.1,-22.1,3.0,4.0,27.0
2026-08-13 11:55:49,-19.0,-22.1,4.0,4.0,27.0
2026-08-13 11:54:49,-19.0,-22.0,4.0,4.0,27.0
2026-08-13 11:53:49,-18.9,-22.0,3.0,4.0,27.0
2026-08-13 11:52:49,-18.9,-21.9,2.0,4.0,27.0
2026-08-13 11:51:49,-18.8,-21.9,2.0,4.0,27.0
2026-08-13 11:50:49,-18.7,-21.8,2.0,4.0,27.0
2026-08-13 11:49:49,-18.6,-21.8,2.0,4.0,27.0
2026-08-13 11:48:49,-18.6,-21.7,2.0,4.0,27.0
2026-08-13 11:47:49,-18.5,-21.6,2.0,4.0,27.0
2026-08-13 11:46:49,-18.4,-21.5,1.0,4.0,27.0
2026-08-13 11:45:49,-18.4,-21.4,1.0,4.0,27.0
2026-08-13 11:44:49,-18.3,-21.3,1.0,4.0,27.0
2026-08-13 11:43:49,-18.3,-21.2,1.0,4.0,27.0
2026-08-13 11:42:49,-18.4,-21.1,0.0,3.0,27.0
2026-08-13 11:41:49,-18.5,-21.1,0.0,3.0,27.0
2026-08-13 11:40:49,-18.8,-21.2,0.0,3.0,27.0
2026-08-13 11:39:49,-18.9,-21.4,0.0,3.0,27.0
2026-08-13 11:38:49,-19.1,-21.6,1.0,3.0,27.0
2026-08-13 11:37:49,-19.3,-21.8,1.0,3.0,27.0
2026-08-13 11:36:49,-19.4,-22.0,2.0,4.0,27.0
2026-08-13 11:35:49,-19.5,-22.3,3.0,4.0,27.0
2026-08-13 11:34:49,-19.5,-22.5,3.0,4.0,27.0
2026-08-13 11:33:49,-19.5,-22.6,4.0,4.0,27.0
2026-08-13 11:32:49,-19.4,-22.5,4.0,4.0,27.0
2026-08-13 11:31:49,-19.4,-22.5,4.0,4.0,27.0
2026-08-13 11:30:49,-19.3,-22.4,4.0,4.0,26.0
2026-08-13 11:29:49,-19.3,-22.4,4.0,4.0,26.0
2026-08-13 11:28:49,-19.3,-22.4,3.0,4.0,27.0
2026-08-13 11:27:49,-19.2,-22.3,3.0,4.0,26.0
2026-08-13 11:26:49,-19.2,-22.3,3.0,4.0,26.0
2026-08-13 11:25:49,-19.1,-22.3,3.0,4.0,27.0
2026-08-13 11:24:49,-19.1,-22.2,3.0,4.0,27.0
2026-08-13 11:23:49,-19.1,-22.1,3.0,4.0,27.0
2026-08-13 11:22:49,-19.0,-22.1,3.0,4.0,27.0
2026-08-13 11:21:49,-18.9,-22.1,3.0,4.0,26.0
2026-08-13 11:20:49,-18.9,-22.0,3.0,4.0,26.0
2026-08-13 11:19:49,-18.9,-21.9,3.0,4.0,26.0
2026-08-13 11:18:49,-18.8,-21.9,2.0,4.0,26.0
2026-08-13 11:17:49,-18.7,-21.8,2.0,4.0,26.0
2026-08-13 11:16:49,-18.6,-21.8,2.0,4.0,26.0
2026-08-13 11:15:49,-18.6,-21.7,2.0,4.0,27.0
2026-08-13 11:14:49,-18.5,-21.6,2.0,4.0,26.0
2026-08-13 11:13:49,-18.5,-21.5,2.0,4.0,27.0
2026-08-13 11:12:49,-18.4,-21.4,1.0,4.0,27.0
2026-08-13 11:11:49,-18.3,-21.4,1.0,4.0,27.0
2026-08-13 11:10:49,-18.2,-21.2,1.0,4.0,27.0
2026-08-13 11:09:49,-18.2,-21.1,1.0,4.0,27.0
2026-08-13 11:08:49,-18.3,-21.1,0.0,4.0,27.0
2026-08-13 11:07:49,-18.4,-21.0,0.0,3.0,27.0
2026-08-13 11:06:49,-18.7,-21.1,0.0,3.0,27.0
2026-08-13 11:05:49,-18.9,-21.3,0.0,3.0,27.0
2026-08-13 11:04:49,-19.0,-21.5,1.0,3.0,27.0
2026-08-13 11:03:49,-19.2,-21.7,1.0,3.0,27.0
2026-08-13 11:02:49,-19.3,-21.9,2.0,4.0,27.0
2026-08-13 11:01:49,-19.4,-22.2,3.0,4.0,27.0
2026-08-13 11:00:49,-19.4,-22.4,4.0,4.0,27.0
2026-08-13 10:59:49,-19.4,-22.5,4.0,4.0,27.0
2026-08-13 10:58:49,-19.3,-22.4,4.0,4.0,26.0
2026-08-13 10:57:49,-19.3,-22.4,4.0,4.0,26.0
2026-08-13 10:56:49,-19.2,-22.3,4.0,4.0,26.0
2026-08-13 10:55:49,-19.2,-22.3,3.0,4.0,26.0
2026-08-13 10:54:49,-19.1,-22.2,3.0,4.0,26.0
2026-08-13 10:53:49,-19.1,-22.2,3.0,4.0,27.0
2026-08-13 10:52:49,-19.1,-22.2,3.0,4.0,27.0
2026-08-13 10:51:49,-19.0,-22.1,3.0,4.0,27.0
2026-08-13 10:50:49,-19.0,-22.1,3.0,4.0,27.0
2026-08-13 10:49:49,-18.9,-22.0,3.0,4.0,27.0
2026-08-13 10:48:49,-18.9,-22.0,3.0,4.0,27.0
2026-08-13 10:47:49,-18.8,-21.9,3.0,4.0,27.0
2026-08-13 10:46:49,-18.8,-21.8,3.0,4.0,27.0
2026-08-13 10:45:49,-18.7,-21.8,2.0,4.0,27.0
2026-08-13 10:44:49,-18.6,-21.7,2.0,4.0,27.0
2026-08-13 10:43:49,-18.6,-21.7,2.0,4.0,27.0
2026-08-13 10:42:49,-18.5,-21.6,2.0,4.0,27.0
2026-08-13 10:41:49,-18.4,-21.5,2.0,4.0,27.0
2026-08-13 10:40:49,-18.3,-21.4,2.0,4.0,27.0
2026-08-13 10:39:49,-18.2,-21.3,1.0,4.0,27.0
2026-08-13 10:38:49,-18.2,-21.2,1.0,4.0,27.0
2026-08-13 10:37:49,-18.1,-21.2,1.0,4.0,27.0
2026-08-13 10:36:49,-18.1,-21.0,1.0,4.0,27.0
2026-08-13 10:35:49,-18.1,-21.0,0.0,4.0,27.0
2026-08-13 10:34:49,-18.2,-20.9,0.0,3.0,27.0
2026-08-13 10:33:49,-18.4,-20.9,0.0,3.0,27.0
2026-08-13 10:32:49,-18.6,-21.0,0.0,4.0,27.0
2026-08-13 10:31:49,-18.8,-21.2,1.0,3.0,27.0
2026-08-13 10:30:49,-18.9,-21.4,1.0,3.0,27.0
2026-08-13 10:29:49,-19.1,-21.7,1.0,3.0,27.0
2026-08-13 10:28:49,-19.3,-21.9,2.0,3.0,26.0
2026-08-13 10:27:49,-19.3,-22.2,2.0,3.0,26.0
2026-08-13 10:26:49,-19.2,-22.3,3.0,3.0,27.0
2026-08-13 10:25:49,-19.2,-22.3,3.0,4.0,27.0
2026-08-13 10:24:49,-19.2,-22.3,3.0,4.0,26.0
2026-08-13 10:23:49,-19.2,-22.3,4.0,4.0,27.0
2026-08-13 10:22:49,-19.1,-22.2,4.0,4.0,27.0
2026-08-13 10:21:49,-19.1,-22.2,3.0,4.0,27.0
2026-08-13 10:20:49,-19.0,-22.1,3.0,4.0,27.0
2026-08-13 10:19:49,-19.0,-22.1,3.0,4.0,27.0
2026-08-13 10:18:49,-18.9,-22.1,3.0,4.0,27.0
2026-08-13 10:17:49,-18.9,-22.0,3.0,4.0,27.0
2026-08-13 10:16:49,-18.8,-22.0,2.0,4.0,27.0
2026-08-13 10:15:49,-18.7,-21.9,2.0,4.0,27.0
2026-08-13 10:14:49,-18.7,-21.8,2.0,4.0,27.0
2026-08-13 10:13:49,-18.6,-21.8,2.0,4.0,27.0
2026-08-13 10:12:49,-18.5,-21.7,2.0,4.0,27.0
2026-08-13 10:11:49,-18.5,-21.6,2.0,4.0,27.0
2026-08-13 10:10:49,-18.4,-21.5,1.0,4.0,27.0
2026-08-13 10:09:49,-18.3,-21.4,1.0,4.0,27.0
2026-08-13 10:08:49,-18.3,-21.4,1.0,4.0,27.0
2026-08-13 10:07:49,-18.3,-21.3,1.0,4.0,27.0
2026-08-13 10:06:49,-18.3,-21.2,0.0,3.0,27.0
2026-08-13 10:05:49,-18.3,-21.1,0.0,3.0,27.0
2026-08-13 10:04:49,-18.4,-21.1,0.0,3.0,27.0
2026-08-13 10:03:49,-18.7,-21.1,0.0,3.0,27.0
2026-08-13 10:02:49,-18.9,-21.3,0.0,3.0,27.0
2026-08-13 10:01:49,-19.0,-21.5,1.0,3.0,27.0
2026-08-13 10:00:49,-19.2,-21.8,1.0,4.0,27.0
2026-08-13 09:59:49,-19.3,-22.0,2.0,4.0,27.0
2026-08-13 09:58:49,-19.4,-22.2,3.0,4.0,27.0
2026-08-13 09:57:49,-19.5,-22.4,4.0,4.0,27.0
2026-08-13 09:56:49,-19.4,-22.5,4.0,4.0,27.0
2026-08-13 09:55:49,-19.3,-22.4,4.0,4.0,27.0
2026-08-13 09:54:49,-19.3,-22.4,4.0,4.0,27.0
2026-08-13 09:53:49,-19.2,-22.4,4.0,4.0,27.0
2026-08-13 09:52:49,-19.2,-22.3,3.0,4.0,27.0
2026-08-13 09:51:49,-19.2,-22.3,3.0,4.0,27.0
2026-08-13 09:50:49,-19.1,-22.2,3.0,4.0,27.0
2026-08-13 09:49:49,-19.1,-22.2,3.0,4.0,27.0
2026-08-13 09:48:49,-19.1,-22.2,3.0,4.0,27.0
2026-08-13 09:47:49,-19.0,-22.1,3.0,4.0,27.0
2026-08-13 09:46:49,-19.0,-22.1,3.0,4.0,27.0
2026-08-13 09:45:49,-18.9,-22.0,3.0,4.0,27.0
2026-08-13 09:44:49,-18.9,-22.0,3.0,4.0,27.0
2026-08-13 09:43:49,-18.8,-21.9,3.0,4.0,27.0
2026-08-13 09:42:49,-18.7,-21.8,2.0,4.0,27.0
2026-08-13 09:41:49,-18.7,-21.8,2.0,4.0,27.0
2026-08-13 09:40:49,-18.6,-21.7,2.0,4.0,27.0
2026-08-13 09:39:49,-18.5,-21.7,2.0,4.0,27.0
2026-08-13 09:38:49,-18.4,-21.6,2.0,4.0,27.0
2026-08-13 09:37:49,-18.4,-21.5,2.0,4.0,27.0
2026-08-13 09:36:49,-18.3,-21.4,1.0,4.0,27.0
2026-08-13 09:35:49,-18.2,-21.4,1.0,4.0,27.0
2026-08-13 09:34:49,-18.2,-21.3,1.0,3.0,27.0
2026-08-13 09:33:49,-18.1,-21.2,1.0,3.0,27.0
2026-08-13 09:32:49,-18.1,-21.1,1.0,4.0,27.0
2026-08-13 09:31:49,-18.2,-21.0,0.0,3.0,27.0
2026-08-13 09:30:49,-18.3,-21.0,0.0,3.0,27.0
2026-08-13 09:29:49,-18.6,-21.0,0.0,4.0,27.0
2026-08-13 09:28:49,-18.7,-21.2,0.0,3.0,27.0
2026-08-13 09:27:49,-18.9,-21.4,1.0,3.0,27.0
2026-08-13 09:26:49,-19.1,-21.6,1.0,3.0,27.0
2026-08-13 09:25:49,-19.2,-21.9,2.0,4.0,27.0
2026-08-13 09:24:49,-19.4,-22.1,3.0,4.0,27.0
2026-08-13 09:23:49,-19.4,-22.3,3.0,4.0,27.0
2026-08-13 09:22:49,-19.2,-22.4,4.0,4.0,27.0
2026-08-13 09:21:49,-19.2,-22.3,4.0,4.0,27.0
2026-08-13 09:20:49,-19.2,-22.3,4.0,4.0,27.0
2026-08-13 09:19:49,-19.1,-22.3,4.0,4.0,27.0
2026-08-13 09:18:49,-19.1,-22.2,3.0,4.0,27.0
2026-08-13 09:17:49,-19.1,-22.2,3.0,4.0,27.0
2026-08-13 09:16:49,-19.0,-22.1,3.0,4.0,27.0
2026-08-13 09:15:49,-19.0,-22.1,3.0,4.0,27.0
2026-08-13 09:14:49,-18.9,-22.1,3.0,4.0,27.0
2026-08-13 09:13:49,-18.9,-22.0,3.0,5.0,27.0
2026-08-13 09:12:49,-18.9,-21.9,3.0,4.0,27.0
2026-08-13 09:11:49,-18.8,-21.9,3.0,4.0,27.0
2026-08-13 09:10:49,-18.8,-21.8,3.0,4.0,27.0
2026-08-13 09:09:49,-18.7,-21.8,3.0,4.0,27.0
2026-08-13 09:08:49,-18.6,-21.7,2.0,4.0,27.0
2026-08-13 09:07:49,-18.5,-21.7,2.0,4.0,27.0
2026-08-13 09:06:49,-18.5,-21.6,2.0,4.0,27.0
2026-08-13 09:05:49,-18.4,-21.6,2.0,4.0,27.0
2026-08-13 09:04:49,-18.4,-21.5,2.0,4.0,27.0
2026-08-13 09:03:49,-18.3,-21.4,2.0,3.0,27.0
2026-08-13 09:02:49,-18.2,-21.3,1.0,4.0,27.0
2026-08-13 09:01:49,-18.2,-21.2,1.0,4.0,27.0
2026-08-13 09:00:49,-18.1,-21.1,1.0,4.0,27.0
2026-08-13 08:59:49,-18.0,-21.0,1.0,4.0,27.0
2026-08-13 08:58:49,-18.0,-20.9,1.0,3.0,27.0
2026-08-13 08:57:49,-18.1,-20.8,0.0,3.0,27.0
2026-08-13 08:56:49,-18.2,-20.8,0.0,3.0,27.0
2026-08-13 08:55:49,-18.5,-20.9,0.0,3.0,27.0
2026-08-13 08:54:49,-18.6,-21.1,0.0,3.0,27.0
2026-08-13 08:53:49,-18.8,-21.3,1.0,3.0,27.0
2026-08-13 08:52:49,-19.0,-21.5,1.0,3.0,26.0
2026-08-13 08:51:49,-19.1,-21.7,2.0,3.0,27.0
2026-08-13 08:50:49,-19.2,-22.0,3.0,4.0,27.0
2026-08-13 08:49:49,-19.2,-22.2,3.0,4.0,27.0
2026-08-13 08:48:49,-19.1,-22.3,4.0,4.0,27.0
2026-08-13 08:47:49,-19.1,-22.2,4.0,4.0,27.0
2026-08-13 08:46:49,-19.1,-22.2,4.0,4.0,27.0
2026-08-13 08:45:49,-19.0,-22.1,4.0,4.0,27.0
2026-08-13 08:44:49,-19.0,-22.1,3.0,4.0,27.0
2026-08-13 08:43:49,-18.9,-22.0,3.0,4.0,27.0
2026-08-13 08:42:49,-18.9,-22.0,3.0,4.0,27.0
2026-08-13 08:41:49,-18.9,-21.9,3.0,4.0,27.0
2026-08-13 08:40:49,-18.8,-21.9,3.0,4.0,27.0
2026-08-13 08:39:49,-18.8,-21.9,3.0,4.0,27.0
2026-08-13 08:38:49,-18.7,-21.8,3.0,4.0,27.0
2026-08-13 08:37:49,-18.7,-21.8,3.0,4.0,27.0
2026-08-13 08:36:49,-18.6,-21.7,2.0,4.0,27.0
2026-08-13 08:35:49,-18.5,-21.7,3.0,4.0,27.0
2026-08-13 08:34:49,-18.5,-21.6,2.0,4.0,27.0
2026-08-13 08:33:49,-18.4,-21.6,2.0,4.0,27.0
2026-08-13 08:32:49,-18.4,-21.5,2.0,4.0,27.0
2026-08-13 08:31:49,-18.3,-21.4,2.0,4.0,27.0
2026-08-13 08:30:49,-18.2,-21.4,2.0,4.0,27.0
2026-08-13 08:29:49,-18.2,-21.3,2.0,4.0,27.0
2026-08-13 08:28:49,-18.1,-21.2,1.0,4.0,27.0
2026-08-13 08:27:49,-18.0,-21.1,1.0,3.0,27.0
2026-08-13 08:26:49,-18.0,-21.0,1.0,3.0,27.0
2026-08-13 08:25:49,-17.9,-20.9,1.0,3.0,27.0
2026-08-13 08:24:49,-17.9,-20.8,1.0,3.0,27.0
2026-08-13 08:23:49,-17.9,-20.7,0.0,3.0,27.0
2026-08-13 08:22:49,-18.0,-20.7,0.0,3.0,27.0
2026-08-13 08:21:49,-18.2,-20.7,0.0,3.0,27.0
2026-08-13 08:20:49,-18.4,-20.9,0.0,4.0,27.0
2026-08-13 08:19:49,-18.6,-21.1,0.0,3.0,27.0
2026-08-13 08:18:49,-18.7,-21.3,1.0,3.0,27.0
2026-08-13 08:17:49,-18.9,-21.5,1.0,4.0,27.0
2026-08-13 08:16:49,-19.0,-21.7,2.0,3.0,27.0
2026-08-13 08:15:49,-19.0,-21.9,3.0,4.0,27.0
2026-08-13 08:14:49,-19.0,-22.0,4.0,4.0,27.0
2026-08-13 08:13:49,-18.9,-22.0,4.0,4.0,27.0
2026-08-13 08:12:49,-18.9,-22.0,3.0,4.0,27.0
2026-08-13 08:11:49,-18.8,-21.9,3.0,4.0,27.0
2026-08-13 08:10:49,-18.8,-21.9,3.0,4.0,27.0
2026-08-13 08:09:49,-18.8,-21.8,3.0,4.0,27.0
2026-08-13 08:08:49,-18.7,-21.8,3.0,4.0,27.0
2026-08-13 08:07:49,-18.7,-21.7,3.0,4.0,27.0
2026-08-13 08:06:49,-18.6,-21.7,3.0,4.0,27.0
2026-08-13 08:05:49,-18.6,-21.6,3.0,4.0,27.0
2026-08-13 08:04:49,-18.5,-21.6,2.0,4.0,27.0
2026-08-13 08:03:49,-18.4,-21.6,3.0,4.0,27.0
2026-08-13 08:02:49,-18.4,-21.5,2.0,4.0,27.0
2026-08-13 08:01:49,-18.3,-21.5,2.0,4.0,27.0
2026-08-13 08:00:49,-18.3,-21.4,2.0,4.0,27.0
2026-08-13 07:59:49,-18.2,-21.3,2.0,3.0,27.0
2026-08-13 07:58:49,-18.1,-21.3,2.0,4.0,27.0
2026-08-13 07:57:49,-18.0,-21.2,2.0,3.0,27.0
2026-08-13 07:56:49,-17.9,-21.1,1.0,4.0,27.0
2026-08-13 07:55:49,-17.9,-21.0,1.0,4.0,27.0
2026-08-13 07:54:49,-17.9,-20.9,1.0,4.0,27.0
2026-08-13 07:53:49,-17.8,-20.8,1.0,3.0,27.0
2026-08-13 07:52:49,-17.7,-20.7,1.0,3.0,27.0
2026-08-13 07:51:49,-17.7,-20.6,0.0,3.0,27.0
2026-08-13 07:50:49,-17.8,-20.5,0.0,3.0,27.0
2026-08-13 07:49:49,-17.9,-20.5,0.0,3.0,27.0
2026-08-13 07:48:49,-18.1,-20.6,0.0,3.0,27.0
2026-08-13 07:47:49,-18.3,-20.7,0.0,3.0,27.0
2026-08-13 07:46:49,-18.4,-20.9,0.0,3.0,27.0
2026-08-13 07:45:49,-18.6,-21.1,1.0,3.0,27.0
2026-08-13 07:44:49,-18.8,-21.4,1.0,3.0,27.0
2026-08-13 07:43:49,-18.8,-21.6,2.0,3.0,27.0
2026-08-13 07:42:49,-18.9,-21.8,3.0,4.0,27.0
2026-08-13 07:41:49,-18.8,-21.8,4.0,4.0,27.0
2026-08-13 07:40:49,-18.7,-21.8,3.0,4.0,27.0
2026-08-13 07:39:49,-18.6,-21.8,3.0,4.0,27.0
2026-08-13 07:38:49,-18.6,-21.7,3.0,4.0,27.0
2026-08-13 07:37:49,-18.6,-21.7,3.0,4.0,27.0
2026-08-13 07:36:49,-18.5,-21.6,3.0,4.0,27.0
2026-08-13 07:35:49,-18.5,-21.6,3.0,4.0,27.0
2026-08-13 07:34:49,-18.4,-21.6,3.0,4.0,27.0
2026-08-13 07:33:49,-18.4,-21.5,3.0,4.0,27.0
2026-08-13 07:32:49,-18.3,-21.4,2.0,4.0,27.0
2026-08-13 07:31:49,-18.3,-21.4,2.0,4.0,27.0
2026-08-13 07:30:49,-18.3,-21.3,2.0,4.0,27.0
2026-08-13 07:29:49,-18.2,-21.3,2.0,3.0,27.0
2026-08-13 07:28:49,-18.1,-21.2,2.0,4.0,27.0
2026-08-13 07:27:49,-18.0,-21.1,2.0,3.0,27.0
2026-08-13 07:26:49,-18.0,-21.1,1.0,4.0,27.0
2026-08-13 07:25:49,-17.9,-21.0,2.0,3.0,27.0
2026-08-13 07:24:49,-17.8,-20.9,1.0,4.0,27.0
2026-08-13 07:23:49,-17.7,-20.8,1.0,3.0,27.0
2026-08-13 07:22:49,-17.7,-20.7,1.0,3.0,27.0
2026-08-13 07:21:49,-17.6,-20.6,1.0,3.0,27.0
2026-08-13 07:20:49,-17.5,-20.6,1.0,4.0,27.0
2026-08-13 07:19:49,-17.5,-20.4,0.0,3.0,27.0
2026-08-13 07:18:49,-17.5,-20.3,0.0,3.0,27.0
2026-08-13 07:17:49,-17.5,-20.3,0.0,4.0,27.0
2026-08-13 07:16:49,-17.8,-20.3,0.0,3.0,27.0
2026-08-13 07:15:49,-18.0,-20.4,0.0,3.0,27.0
2026-08-13 07:14:49,-18.1,-20.5,0.0,3.0,27.0
2026-08-13 07:13:49,-18.3,-20.7,0.0,3.0,27.0
2026-08-13 07:12:49,-18.4,-21.0,1.0,3.0,27.0
2026-08-13 07:11:49,-18.6,-21.2,1.0,3.0,27.0
2026-08-13 07:10:49,-18.7,-21.4,2.0,4.0,27.0
2026-08-13 07:09:49,-18.6,-21.6,3.0,4.0,27.0
2026-08-13 07:08:49,-18.5,-21.6,3.0,4.0,27.0
2026-08-13 07:07:49,-18.5,-21.6,3.0,4.0,27.0
2026-08-13 07:06:49,-18.4,-21.5,3.0,4.0,27.0
2026-08-13 07:05:49,-18.4,-21.5,3.0,4.0,27.0
2026-08-13 07:04:49,-18.4,-21.4,3.0,4.0,27.0
2026-08-13 07:03:49,-18.3,-21.4,3.0,4.0,27.0
2026-08-13 07:02:49,-18.3,-21.3,3.0,4.0,27.0
2026-08-13 07:01:49,-18.2,-21.2,2.0,3.0,27.0
2026-08-13 07:00:49,-18.1,-21.2,2.0,4.0,27.0
2026-08-13 06:59:49,-18.1,-21.1,2.0,3.0,27.0
2026-08-13 06:58:49,-18.0,-21.1,2.0,4.0,27.0
2026-08-13 06:57:49,-17.9,-21.0,2.0,3.0,27.0
2026-08-13 06:56:49,-17.9,-21.0,2.0,4.0,27.0
2026-08-13 06:55:49,-17.8,-20.9,1.0,3.0,27.0
2026-08-13 06:54:49,-17.7,-20.8,2.0,3.0,27.0
2026-08-13 06:53:49,-17.7,-20.8,1.0,3.0,27.0
2026-08-13 06:52:49,-17.6,-20.7,1.0,3.0,27.0
2026-08-13 06:51:49,-17.5,-20.6,1.0,3.0,27.0
2026-08-13 06:50:49,-17.4,-20.5,1.0,3.0,27.0
2026-08-13 06:49:49,-17.3,-20.4,1.0,3.0,27.0
2026-08-13 06:48:49,-17.3,-20.3,0.0,3.0,27.0
2026-08-13 06:47:49,-17.3,-20.2,0.0,3.0,27.0
2026-08-13 06:46:49,-17.3,-20.1,0.0,3.0,27.0
2026-08-13 06:45:49,-17.4,-20.0,0.0,3.0,27.0
2026-08-13 06:44:49,-17.6,-20.0,0.0,3.0,27.0
2026-08-13 06:43:49,-17.8,-20.2,0.0,3.0,27.0
2026-08-13 06:42:49,-18.0,-20.4,0.0,3.0,27.0
2026-08-13 06:41:49,-18.1,-20.6,0.0,3.0,27.0
2026-08-13 06:40:49,-18.3,-20.8,1.0,3.0,27.0
2026-08-13 06:39:49,-18.4,-21.0,1.0,3.0,27.0
2026-08-13 06:38:49,-18.5,-21.2,2.0,4.0,27.0
2026-08-13 06:37:49,-18.4,-21.4,3.0,4.0,27.0
2026-08-13 06:36:49,-18.3,-21.4,3.0,4.0,27.0
2026-08-13 06:35:49,-18.3,-21.4,3.0,4.0,27.0
2026-08-13 06:34:49,-18.2,-21.3,3.0,4.0,27.0
2026-08-13 06:33:49,-18.2,-21.2,3.0,4.0,27.0
2026-08-13 06:32:49,-18.1,-21.2,3.0,4.0,27.0
2026-08-13 06:31:49,-18.0,-21.1,3.0,4.0,27.0
2026-08-13 06:30:49,-18.0,-21.1,2.0,4.0,27.0
2026-08-13 06:29:49,-18.0,-21.0,2.0,4.0,27.0
2026-08-13 06:28:49,-17.9,-21.0,2.0,3.0,27.0
2026-08-13 06:27:49,-17.8,-20.9,2.0,3.0,27.0
2026-08-13 06:26:49,-17.7,-20.9,2.0,3.0,27.0
2026-08-13 06:25:49,-17.7,-20.8,2.0,4.0,27.0
2026-08-13 06:24:49,-17.6,-20.7,1.0,3.0,27.0
2026-08-13 06:23:49,-17.5,-20.6,1.0,3.0,27.0
2026-08-13 06:22:49,-17.5,-20.6,1.0,3.0,27.0
2026-08-13 06:21:49,-17.4,-20.5,1.0,3.0,27.0
2026-08-13 06:20:49,-17.3,-20.4,1.0,3.0,27.0
2026-08-13 06:19:49,-17.2,-20.3,1.0,3.0,27.0
2026-08-13 06:18:49,-17.2,-20.2,1.0,3.0,27.0
2026-08-13 06:17:49,-17.1,-20.1,0.0,3.0,27.0
2026-08-13 06:16:49,-17.1,-19.9,0.0,3.0,27.0
2026-08-13 06:15:49,-17.0,-19.9,0.0,3.0,27.0
2026-08-13 06:14:49,-17.2,-19.8,0.0,3.0,27.0
2026-08-13 06:13:49,-17.4,-19.8,0.0,3.0,27.0
2026-08-13 06:12:49,-17.5,-20.0,0.0,3.0,27.0
2026-08-13 06:11:49,-17.7,-20.1,0.0,3.0,27.0
2026-08-13 06:10:49,-17.8,-20.3,0.0,3.0,27.0
2026-08-13 06:09:49,-18.0,-20.5,1.0,3.0,27.0
2026-08-13 06:08:49,-18.1,-20.7,1.0,3.0,27.0
2026-08-13 06:07:49,-18.2,-20.9,2.0,3.0,27.0
2026-08-13 06:06:49,-18.2,-21.1,3.0,3.0,27.0
2026-08-13 06:05:49,-18.1,-21.2,3.0,4.0,27.0
2026-08-13 06:04:49,-18.0,-21.1,3.0,4.0,27.0
2026-08-13 06:03:49,-18.0,-21.1,3.0,4.0,27.0
2026-08-13 06:02:49,-17.9,-21.0,3.0,3.0,27.0
2026-08-13 06:01:49,-17.9,-20.9,3.0,4.0,27.0
2026-08-13 06:00:49,-17.8,-20.9,2.0,3.0,27.0
2026-08-13 05:59:49,-17.8,-20.8,2.0,4.0,27.0
2026-08-13 05:58:49,-17.7,-20.7,2.0,3.0,27.0
2026-08-13 05:57:49,-17.6,-20.7,2.0,3.0,27.0
2026-08-13 05:56:49,-17.5,-20.6,2.0,4.0,27.0
2026-08-13 05:55:49,-17.5,-20.6,2.0,3.0,27.0
2026-08-13 05:54:49,-17.4,-20.5,1.0,3.0,27.0
2026-08-13 05:53:49,-17.4,-20.4,1.0,3.0,27.0
2026-08-13 05:52:49,-17.3,-20.4,1.0,3.0,27.0
2026-08-13 05:51:49,-17.2,-20.3,1.0,3.0,27.0
2026-08-13 05:50:49,-17.1,-20.2,1.0,3.0,27.0
2026-08-13 05:49:49,-17.0,-20.1,1.0,3.0,27.0
2026-08-13 05:48:49,-16.9,-20.0,0.0,3.0,27.0
2026-08-13 05:47:49,-16.9,-19.9,0.0,3.0,28.0
2026-08-13 05:46:49,-16.8,-19.8,0.0,3.0,28.0
2026-08-13 05:45:49,-16.8,-19.7,0.0,3.0,28.0
2026-08-13 05:44:49,-16.9,-19.6,0.0,3.0,28.0
2026-08-13 05:43:49,-17.1,-19.6,0.0,2.0,28.0
2026-08-13 05:42:49,-17.3,-19.6,0.0,2.0,27.0
2026-08-13 05:41:49,-17.4,-19.8,0.0,3.0,27.0
2026-08-13 05:40:49,-17.6,-19.9,0.0,3.0,27.0
2026-08-13 05:39:49,-17.7,-20.1,0.0,3.0,27.0
2026-08-13 05:38:49,-17.9,-20.3,0.0,3.0,27.0
2026-08-13 05:37:49,-18.0,-20.6,1.0,3.0,27.0
2026-08-13 05:36:49,-18.0,-20.7,2.0,3.0,27.0
2026-08-13 05:35:49,-18.0,-20.9,3.0,3.0,27.0
2026-08-13 05:34:49,-17.9,-20.9,3.0,3.0,27.0
2026-08-13 05:33:49,-17.8,-20.9,3.0,4.0,27.0
2026-08-13 05:32:49,-17.7,-20.8,3.0,3.0,27.0
2026-08-13 05:31:49,-17.7,-20.8,3.0,3.0,27.0
2026-08-13 05:30:49,-17.7,-20.7,2.0,3.0,27.0
2026-08-13 05:29:49,-17.6,-20.6,2.0,3.0,27.0
2026-08-13 05:28:49,-17.5,-20.6,2.0,3.0,27.0
2026-08-13 05:27:49,-17.5,-20.5,2.0,3.0,27.0
2026-08-13 05:26:49,-17.4,-20.5,2.0,3.0,27.0
2026-08-13 05:25:49,-17.3,-20.4,2.0,4.0,27.0
2026-08-13 05:24:49,-17.2,-20.3,1.0,3.0,27.0
2026-08-13 05:23:49,-17.1,-20.2,1.0,3.0,27.0
2026-08-13 05:22:49,-17.1,-20.1,1.0,3.0,28.0
2026-08-13 05:21:49,-17.0,-20.1,1.0,3.0,27.0
2026-08-13 05:20:49,-16.9,-20.0,1.0,3.0,27.0
2026-08-13 05:19:49,-16.8,-19.9,1.0,3.0,27.0
2026-08-13 05:18:49,-16.7,-19.8,1.0,3.0,27.0
2026-08-13 05:17:49,-16.6,-19.7,0.0,3.0,27.0
2026-08-13 05:16:49,-16.5,-19.6,0.0,3.0,27.0
2026-08-13 05:15:49,-16.5,-19.5,0.0,3.0,27.0
2026-08-13 05:14:49,-16.5,-19.3,0.0,3.0,28.0
2026-08-13 05:13:49,-16.5,-19.2,0.0,3.0,28.0
2026-08-13 05:12:49,-16.6,-19.2,0.0,3.0,28.0
2026-08-13 05:11:49,-16.8,-19.2,0.0,2.0,28.0
2026-08-13 05:10:49,-17.0,-19.3,0.0,2.0,28.0
2026-08-13 05:09:49,-17.1,-19.5,0.0,3.0,28.0
2026-08-13 05:08:49,-17.2,-19.6,0.0,3.0,28.0
2026-08-13 05:07:49,-17.4,-19.8,0.0,3.0,28.0
2026-08-13 05:06:49,-17.5,-20.0,0.0,3.0,27.0
2026-08-13 05:05:49,-17.7,-20.2,1.0,3.0,27.0
2026-08-13 05:04:49,-17.8,-20.4,1.0,3.0,27.0
2026-08-13 05:03:49,-17.9,-20.6,2.0,3.0,27.0
2026-08-13 05:02:49,-17.9,-20.8,3.0,4.0,27.0
2026-08-13 05:01:49,-17.7,-20.8,3.0,4.0,27.0
2026-08-13 05:00:49,-17.7,-20.7,3.0,3.0,27.0
2026-08-13 04:59:49,-17.6,-20.7,3.0,4.0,27.0
2026-08-13 04:58:49,-17.5,-20.6,3.0,3.0,27.0
2026-08-13 04:57:49,-17.5,-20.6,3.0,4.0,27.0
2026-08-13 04:56:49,-17.4,-20.5,3.0,3.0,28.0
2026-08-13 04:55:49,-17.4,-20.4,2.0,4.0,28.0
2026-08-13 04:54:49,-17.3,-20.3,2.0,3.0,27.0
2026-08-13 04:53:49,-17.3,-20.3,2.0,4.0,27.0
2026-08-13 04:52:49,-17.2,-20.2,2.0,4.0,28.0
2026-08-13 04:51:49,-17.1,-20.2,2.0,3.0,27.0
2026-08-13 04:50:49,-17.0,-20.1,2.0,3.0,27.0
2026-08-13 04:49:49,-17.0,-20.0,1.0,3.0,27.0
2026-08-13 04:48:49,-16.9,-19.9,1.0,3.0,28.0
2026-08-13 04:47:49,-16.8,-19.8,1.0,3.0,28.0
2026-08-13 04:46:49,-16.7,-19.7,1.0,3.0,27.0
2026-08-13 04:45:49,-16.6,-19.6,1.0,3.0,28.0
2026-08-13 04:44:49,-16.5,-19.5,1.0,3.0,27.0
2026-08-13 04:43:49,-16.4,-19.4,0.0,3.0,28.0
2026-08-13 04:42:49,-16.3,-19.3,0.0,3.0,28.0
2026-08-13 04:41:49,-16.2,-19.2,0.0,3.0,28.0
2026-08-13 04:40:49,-16.1,-19.1,0.0,3.0,28.0
2026-08-13 04:39:49,-16.1,-18.9,0.0,3.0,28.0
2026-08-13 04:38:49,-16.1,-18.8,0.0,3.0,28.0
2026-08-13 04:37:49,-16.2,-18.8,0.0,3.0,28.0
2026-08-13 04:36:49,-16.4,-18.8,0.0,2.0,28.0
2026-08-13 04:35:49,-16.5,-18.8,0.0,2.0,28.0
2026-08-13 04:34:49,-16.6,-19.0,0.0,2.0,28.0
2026-08-13 04:33:49,-16.8,-19.1,0.0,3.0,28.0
2026-08-13 04:32:49,-16.9,-19.3,0.0,3.0,28.0
2026-08-13 04:31:49,-17.0,-19.4,0.0,3.0,28.0
2026-08-13 04:30:49,-17.2,-19.6,0.0,3.0,28.0
2026-08-13 04:29:49,-17.3,-19.7,0.0,3.0,28.0
2026-08-13 04:28:49,-17.5,-19.9,1.0,3.0,28.0
2026-08-13 04:27:49,-17.6,-20.2,1.0,3.0,28.0
2026-08-13 04:26:49,-17.7,-20.3,2.0,4.0,28.0
2026-08-13 04:25:49,-17.8,-20.5,3.0,4.0,28.0
2026-08-13 04:24:49,-17.7,-20.7,3.0,4.0,28.0
2026-08-13 04:23:49,-17.6,-20.7,4.0,4.0,27.0
2026-08-13 04:22:49,-17.6,-20.6,3.0,4.0,27.0
2026-08-13 04:21:49,-17.5,-20.6,3.0,4.0,27.0
2026-08-13 04:20:49,-17.4,-20.5,3.0,4.0,27.0
2026-08-13 04:19:49,-17.4,-20.4,3.0,4.0,27.0
2026-08-13 04:18:49,-17.3,-20.4,3.0,4.0,28.0
2026-08-13 04:17:49,-17.3,-20.3,3.0,4.0,27.0
2026-08-13 04:16:49,-17.2,-20.2,3.0,4.0,28.0
2026-08-13 04:15:49,-17.2,-20.2,3.0,3.0,28.0
2026-08-13 04:14:49,-17.0,-20.1,2.0,4.0,28.0
2026-08-13 04:13:49,-17.0,-20.1,2.0,3.0,28.0
2026-08-13 04:12:49,-16.9,-20.0,2.0,4.0,28.0
2026-08-13 04:11:49,-16.9,-19.9,2.0,3.0,28.0
2026-08-13 04:10:49,-16.8,-19.8,1.0,3.0,28.0
2026-08-13 04:09:49,-16.7,-19.8,2.0,3.0,28.0
2026-08-13 04:08:49,-16.6,-19.7,1.0,3.0,28.0
2026-08-13 04:07:49,-16.5,-19.6,1.0,3.0,28.0
2026-08-13 04:06:49,-16.5,-19.5,1.0,4.0,28.0
2026-08-13 04:05:49,-16.4,-19.4,1.0,3.0,28.0
2026-08-13 04:04:49,-16.3,-19.3,1.0,3.0,28.0
2026-08-13 04:03:49,-16.2,-19.2,1.0,3.0,28.0
2026-08-13 04:02:49,-16.0,-19.1,0.0,3.0,28.0
2026-08-13 04:01:49,-15.9,-19.0,0.0,3.0,28.0
2026-08-13 04:00:49,-15.8,-18.9,0.0,3.0,28.0
2026-08-13 03:59:49,-15.7,-18.7,0.0,3.0,28.0
2026-08-13 03:58:49,-15.6,-18.6,0.0,3.0,28.0
2026-08-13 03:57:49,-15.6,-18.4,0.0,3.0,28.0
2026-08-13 03:56:49,-15.7,-18.3,0.0,3.0,28.0
2026-08-13 03:55:49,-15.8,-18.3,0.0,2.0,28.0
2026-08-13 03:54:49,-16.0,-18.3,0.0,2.0,28.0
2026-08-13 03:53:49,-16.1,-18.4,0.0,2.0,28.0
2026-08-13 03:52:49,-16.2,-18.5,0.0,2.0,28.0
2026-08-13 03:51:49,-16.2,-18.6,0.0,3.0,28.0
2026-08-13 03:50:49,-16.3,-18.7,0.0,3.0,28.0
2026-08-13 03:49:49,-16.5,-18.8,0.0,3.0,28.0
2026-08-13 03:48:49,-16.6,-18.9,0.0,3.0,28.0
2026-08-13 03:47:49,-16.8,-19.1,0.0,3.0,28.0
2026-08-13 03:46:49,-16.9,-19.3,0.0,3.0,28.0
2026-08-13 03:45:49,-17.0,-19.4,1.0,3.0,28.0
2026-08-13 03:44:49,-17.2,-19.6,1.0,3.0,28.0
2026-08-13 03:43:49,-17.4,-19.8,1.0,3.0,28.0
2026-08-13 03:42:49,-17.5,-20.1,2.0,3.0,28.0
2026-08-13 03:41:49,-17.6,-20.3,2.0,3.0,28.0
2026-08-13 03:40:49,-17.6,-20.5,3.0,3.0,28.0
2026-08-13 03:39:49,-17.5,-20.6,3.0,3.0,28.0
2026-08-13 03:38:49,-17.4,-20.5,3.0,3.0,28.0
2026-08-13 03:37:49,-17.4,-20.4,3.0,3.0,28.0
2026-08-13 03:36:49,-17.4,-20.4,3.0,3.0,28.0
2026-08-13 03:35:49,-17.3,-20.3,3.0,3.0,28.0
2026-08-13 03:34:49,-17.2,-20.2,2.0,3.0,28.0
2026-08-13 03:33:49,-17.2,-20.2,2.0,3.0,28.0
2026-08-13 03:32:49,-17.1,-20.2,2.0,3.0,28.0
2026-08-13 03:31:49,-17.0,-20.1,2.0,3.0,28.0
2026-08-13 03:30:49,-16.9,-20.0,2.0,3.0,28.0
2026-08-13 03:29:49,-16.9,-20.0,2.0,3.0,28.0
2026-08-13 03:28:49,-16.8,-19.9,2.0,3.0,28.0
2026-08-13 03:27:49,-16.7,-19.8,1.0,3.0,28.0
2026-08-13 03:26:49,-16.7,-19.7,1.0,3.0,28.0
2026-08-13 03:25:49,-16.6,-19.6,1.0,3.0,28.0
2026-08-13 03:24:49,-16.5,-19.6,1.0,3.0,28.0
2026-08-13 03:23:49,-16.5,-19.5,1.0,3.0,28.0
2026-08-13 03:22:49,-16.4,-19.4,1.0,3.0,28.0
2026-08-13 03:21:49,-16.3,-19.3,1.0,3.0,28.0
2026-08-13 03:20:49,-16.2,-19.2,0.0,3.0,28.0
2026-08-13 03:19:49,-16.1,-19.1,1.0,3.0,28.0
2026-08-13 03:18:49,-16.0,-19.0,1.0,3.0,28.0
2026-08-13 03:17:49,-15.9,-18.9,0.0,3.0,28.0
2026-08-13 03:16:49,-15.8,-18.8,0.0,3.0,28.0
2026-08-13 03:15:49,-15.7,-18.7,0.0,3.0,28.0
2026-08-13 03:14:49,-15.6,-18.6,1.0,3.0,28.0
2026-08-13 03:13:49,-15.5,-18.4,1.0,3.0,28.0
2026-08-13 03:12:49,-15.5,-18.3,1.0,3.0,28.0
2026-08-13 03:11:49,-15.5,-18.2,0.0,3.0,28.0
2026-08-13 03:10:49,-15.6,-18.1,0.0,3.0,28.0
2026-08-13 03:09:49,-15.8,-18.1,0.0,2.0,28.0
2026-08-13 03:08:49,-15.9,-18.2,0.0,2.0,28.0
2026-08-13 03:07:49,-16.0,-18.3,0.0,2.0,28.0
2026-08-13 03:06:49,-16.1,-18.4,0.0,3.0,28.0
2026-08-13 03:05:49,-16.2,-18.5,0.0,2.0,28.0
2026-08-13 03:04:49,-16.3,-18.6,0.0,3.0,28.0
2026-08-13 03:03:49,-16.4,-18.7,0.0,3.0,28.0
2026-08-13 03:02:49,-16.5,-18.8,0.0,3.0,28.0
2026-08-13 03:01:49,-16.6,-19.0,0.0,3.0,28.0
2026-08-13 03:00:49,-16.8,-19.1,0.0,3.0,28.0
2026-08-13 02:59:49,-16.9,-19.3,1.0,3.0,28.0
2026-08-13 02:58:49,-17.1,-19.5,1.0,4.0,28.0
2026-08-13 02:57:49,-17.2,-19.7,1.0,3.0,28.0
2026-08-13 02:56:49,-17.4,-19.9,2.0,4.0,28.0
2026-08-13 02:55:49,-17.5,-20.1,3.0,4.0,28.0
2026-08-13 02:54:49,-17.5,-20.3,3.0,4.0,28.0
2026-08-13 02:53:49,-17.4,-20.4,4.0,4.0,28.0
2026-08-13 02:52:49,-17.3,-20.3,4.0,4.0,28.0
2026-08-13 02:51:49,-17.3,-20.3,4.0,4.0,28.0
2026-08-13 02:50:49,-17.2,-20.2,4.0,4.0,28.0
2026-08-13 02:49:49,-17.2,-20.2,4.0,4.0,28.0
2026-08-13 02:48:49,-17.1,-20.1,4.0,4.0,28.0
2026-08-13 02:47:49,-17.1,-20.1,3.0,4.0,28.0
2026-08-13 02:46:49,-17.0,-20.0,3.0,4.0,28.0
2026-08-13 02:45:49,-16.9,-19.9,3.0,4.0,28.0
2026-08-13 02:44:49,-16.8,-19.9,3.0,4.0,28.0
2026-08-13 02:43:49,-16.8,-19.8,3.0,4.0,28.0
2026-08-13 02:42:49,-16.7,-19.7,3.0,4.0,28.0
2026-08-13 02:41:49,-16.6,-19.7,3.0,4.0,28.0
2026-08-13 02:40:49,-16.5,-19.6,3.0,4.0,28.0
2026-08-13 02:39:49,-16.4,-19.5,2.0,4.0,28.0
2026-08-13 02:38:49,-16.4,-19.4,2.0,4.0,28.0
2026-08-13 02:37:49,-16.3,-19.3,2.0,3.0,28.0
2026-08-13 02:36:49,-16.2,-19.3,2.0,4.0,28.0
2026-08-13 02:35:49,-16.2,-19.2,1.0,4.0,28.0
2026-08-13 02:34:49,-16.0,-19.1,1.0,4.0,28.0
2026-08-13 02:33:49,-15.9,-19.0,1.0,3.0,28.0
2026-08-13 02:32:49,-15.8,-18.9,1.0,4.0,28.0
2026-08-13 02:31:49,-15.8,-18.8,1.0,3.0,28.0
2026-08-13 02:30:49,-15.7,-18.7,1.0,3.0,28.0
2026-08-13 02:29:49,-15.7,-18.6,1.0,3.0,28.0
2026-08-13 02:28:49,-15.6,-18.6,1.0,3.0,28.0
2026-08-13 02:27:49,-15.7,-18.5,1.0,3.0,28.0
2026-08-13 02:26:49,-15.7,-18.4,0.0,3.0,28.0
2026-08-13 02:25:49,-15.6,-18.3,0.0,4.0,28.0
2026-08-13 02:24:49,-15.5,-18.2,0.0,3.0,28.0
2026-08-13 02:23:49,-15.4,-18.0,0.0,3.0,28.0
2026-08-13 02:22:49,-15.3,-17.8,0.0,3.0,28.0
2026-08-13 02:21:49,-15.2,-17.7,0.0,3.0,28.0
2026-08-13 02:20:49,-15.1,-17.5,0.0,3.0,28.0
2026-08-13 02:19:49,-15.1,-17.5,0.0,2.0,28.0
2026-08-13 02:18:49,-15.3,-17.5,0.0,2.0,28.0
2026-08-13 02:17:49,-15.4,-17.6,0.0,3.0,28.0
2026-08-13 02:16:49,-15.5,-17.7,0.0,3.0,28.0
2026-08-13 02:15:49,-15.6,-17.8,0.0,3.0,28.0
2026-08-13 02:14:49,-15.7,-18.0,0.0,3.0,28.0
2026-08-13 02:13:49,-15.9,-18.1,0.0,3.0,29.0
2026-08-13 02:12:49,-16.0,-18.3,0.0,3.0,29.0
2026-08-13 02:11:49,-16.1,-18.4,0.0,3.0,28.0
2026-08-13 02:10:49,-16.2,-18.5,0.0,3.0,28.0
2026-08-13 02:09:49,-16.3,-18.6,0.0,3.0,28.0
2026-08-13 02:08:49,-16.5,-18.8,0.0,4.0,28.0
2026-08-13 02:07:49,-16.6,-18.9,0.0,3.0,28.0
2026-08-13 02:06:49,-16.7,-19.1,1.0,3.0,28.0
2026-08-13 02:05:49,-16.9,-19.3,1.0,4.0,28.0
2026-08-13 02:04:49,-17.1,-19.5,2.0,4.0,28.0
2026-08-13 02:03:49,-17.2,-19.7,2.0,4.0,28.0
2026-08-13 02:02:49,-17.3,-19.9,3.0,4.0,28.0
2026-08-13 02:01:49,-17.3,-20.1,4.0,4.0,29.0
2026-08-13 02:00:49,-17.2,-20.2,4.0,4.0,28.0
2026-08-13 01:59:49,-17.1,-20.2,4.0,4.0,28.0
2026-08-13 01:58:49,-17.1,-20.1,4.0,4.0,28.0
2026-08-13 01:57:49,-17.0,-20.1,4.0,4.0,28.0
2026-08-13 01:56:49,-16.9,-20.0,4.0,4.0,28.0
2026-08-13 01:55:49,-16.9,-19.9,4.0,4.0,28.0
2026-08-13 01:54:49,-16.8,-19.9,4.0,4.0,28.0
2026-08-13 01:53:49,-16.8,-19.8,4.0,4.0,28.0
2026-08-13 01:52:49,-16.7,-19.8,3.0,4.0,28.0
2026-08-13 01:51:49,-16.6,-19.7,3.0,4.0,28.0
2026-08-13 01:50:49,-16.6,-19.6,3.0,4.0,28.0
2026-08-13 01:49:49,-16.5,-19.6,3.0,4.0,28.0
2026-08-13 01:48:49,-16.4,-19.5,3.0,4.0,28.0
2026-08-13 01:47:49,-16.3,-19.4,3.0,4.0,28.0
2026-08-13 01:46:49,-16.3,-19.3,3.0,4.0,28.0
2026-08-13 01:45:49,-16.2,-19.2,2.0,4.0,28.0
2026-08-13 01:44:49,-16.0,-19.2,2.0,4.0,28.0
2026-08-13 01:43:49,-16.0,-19.1,2.0,4.0,28.0
2026-08-13 01:42:49,-15.9,-19.0,2.0,4.0,28.0
2026-08-13 01:41:49,-15.8,-18.9,2.0,4.0,28.0
2026-08-13 01:40:49,-15.7,-18.8,1.0,4.0,28.0
2026-08-13 01:39:49,-15.7,-18.7,1.0,3.0,28.0
2026-08-13 01:38:49,-15.6,-18.7,1.0,3.0,29.0
2026-08-13 01:37:49,-15.5,-18.5,1.0,3.0,29.0
2026-08-13 01:36:49,-15.5,-18.5,1.0,4.0,29.0
2026-08-13 01:35:49,-15.5,-18.4,1.0,3.0,28.0
2026-08-13 01:34:49,-15.6,-18.4,1.0,3.0,28.0
2026-08-13 01:33:49,-15.5,-18.3,1.0,3.0,28.0
2026-08-13 01:32:49,-15.5,-18.2,0.0,3.0,28.0
2026-08-13 01:31:49,-15.4,-18.0,0.0,3.0,28.0
2026-08-13 01:30:49,-15.3,-17.9,0.0,3.0,28.0
2026-08-13 01:29:49,-15.2,-17.8,0.0,3.0,28.0
2026-08-13 01:28:49,-15.1,-17.6,0.0,3.0,28.0
2026-08-13 01:27:49,-15.0,-17.5,0.0,3.0,29.0
2026-08-13 01:26:49,-14.9,-17.3,0.0,3.0,29.0
2026-08-13 01:25:49,-14.8,-17.1,0.0,3.0,29.0
2026-08-13 01:24:49,-14.7,-17.0,0.0,3.0,28.0
2026-08-13 01:23:49,-14.8,-17.1,0.0,2.0,28.0
2026-08-13 01:22:49,-14.8,-17.2,0.0,2.0,28.0
2026-08-13 01:21:49,-14.9,-17.3,0.0,2.0,29.0
2026-08-13 01:20:49,-15.0,-17.4,0.0,3.0,29.0
2026-08-13 01:19:49,-15.1,-17.4,0.0,3.0,29.0
2026-08-13 01:18:49,-15.2,-17.5,0.0,3.0,29.0
2026-08-13 01:17:49,-15.3,-17.6,0.0,3.0,29.0
2026-08-13 01:16:49,-15.4,-17.6,0.0,3.0,29.0
2026-08-13 01:15:49,-15.5,-17.7,0.0,3.0,29.0
2026-08-13 01:14:49,-15.6,-17.8,0.0,3.0,29.0
2026-08-13 01:13:49,-15.7,-17.9,0.0,3.0,29.0
2026-08-13 01:12:49,-15.8,-18.0,0.0,3.0,29.0
2026-08-13 01:11:49,-16.0,-18.2,1.0,3.0,29.0
2026-08-13 01:10:49,-16.1,-18.3,1.0,3.0,29.0
2026-08-13 01:09:49,-16.3,-18.5,1.0,3.0,29.0
2026-08-13 01:08:49,-16.4,-18.7,1.0,2.0,29.0
2026-08-13 01:07:49,-16.6,-18.9,1.0,2.0,29.0
2026-08-13 01:06:49,-16.8,-19.1,2.0,3.0,28.0
2026-08-13 01:05:49,-17.0,-19.5,2.0,3.0,28.0
2026-08-13 01:04:49,-17.0,-19.7,2.0,3.0,28.0
2026-08-13 01:03:49,-17.0,-19.9,3.0,3.0,28.0
2026-08-13 01:02:49,-16.9,-20.0,4.0,4.0,28.0
2026-08-13 01:01:49,-16.9,-19.9,4.0,4.0,28.0
2026-08-13 01:00:49,-16.8,-19.8,4.0,4.0,29.0
2026-08-13 00:59:49,-16.8,-19.7,5.0,4.0,29.0
2026-08-13 00:58:49,-16.7,-19.8,5.0,4.0,29.0
2026-08-13 00:57:49,-16.7,-19.7,4.0,4.0,29.0
2026-08-13 00:56:49,-16.6,-19.6,5.0,4.0,29.0
2026-08-13 00:55:49,-16.5,-19.5,5.0,4.0,29.0
2026-08-13 00:54:49,-16.5,-19.5,3.0,4.0,28.0
2026-08-13 00:53:49,-16.4,-19.5,3.0,4.0,28.0
2026-08-13 00:52:49,-16.3,-19.4,3.0,4.0,28.0
2026-08-13 00:51:49,-16.3,-19.3,3.0,4.0,28.0
2026-08-13 00:50:49,-16.2,-19.3,3.0,4.0,28.0
2026-08-13 00:49:49,-16.1,-19.2,3.0,4.0,28.0
2026-08-13 00:48:49,-16.0,-19.1,2.0,4.0,28.0
2026-08-13 00:47:49,-15.9,-19.0,2.0,4.0,28.0
2026-08-13 00:46:49,-15.8,-18.9,2.0,4.0,28.0
2026-08-13 00:45:49,-15.7,-18.8,2.0,4.0,28.0
2026-08-13 00:44:49,-15.6,-18.7,2.0,4.0,28.0
2026-08-13 00:43:49,-15.5,-18.6,1.0,4.0,28.0
2026-08-13 00:42:49,-15.5,-18.5,1.0,4.0,28.0
2026-08-13 00:41:49,-15.4,-18.5,1.0,4.0,28.0
2026-08-13 00:40:49,-15.3,-18.4,1.0,3.0,28.0
2026-08-13 00:39:49,-15.3,-18.3,1.0,4.0,28.0
2026-08-13 00:38:49,-15.3,-18.2,1.0,4.0,28.0
2026-08-13 00:37:49,-15.4,-18.1,1.0,3.0,28.0
2026-08-13 00:36:49,-15.3,-18.1,1.0,4.0,28.0
2026-08-13 00:35:49,-15.3,-17.9,1.0,4.0,28.0
2026-08-13 00:34:49,-15.2,-17.8,0.0,3.0,28.0
2026-08-13 00:33:49,-15.1,-17.7,0.0,3.0,29.0
2026-08-13 00:32:49,-15.0,-17.5,0.0,3.0,29.0
2026-08-13 00:31:49,-14.9,-17.4,0.0,3.0,29.0
2026-08-13 00:30:49,-14.8,-17.2,0.0,3.0,29.0
2026-08-13 00:29:49,-14.7,-17.1,0.0,3.0,29.0
2026-08-13 00:28:49,-14.6,-16.9,0.0,3.0,29.0
2026-08-13 00:27:49,-14.5,-16.8,0.0,2.0,29.0
2026-08-13 00:26:49,-14.6,-16.8,0.0,2.0,29.0
2026-08-13 00:25:49,-14.6,-17.0,0.0,2.0,29.0
2026-08-13 00:24:49,-14.7,-17.1,0.0,2.0,29.0
2026-08-13 00:23:49,-14.8,-17.1,0.0,3.0,29.0
2026-08-13 00:22:49,-14.9,-17.2,0.0,3.0,29.0
2026-08-13 00:21:49,-15.0,-17.2,0.0,3.0,29.0
2026-08-13 00:20:49,-15.1,-17.3,0.0,3.0,29.0
2026-08-13 00:19:49,-15.1,-17.4,0.0,3.0,29.0
2026-08-13 00:18:49,-15.3,-17.5,0.0,3.0,29.0
2026-08-13 00:17:49,-15.4,-17.6,0.0,3.0,29.0
2026-08-13 00:16:49,-15.5,-17.7,0.0,2.0,29.0
2026-08-13 00:15:49,-15.7,-17.8,0.0,2.0,29.0
2026-08-13 00:14:49,-15.8,-18.0,0.0,2.0,29.0
2026-08-13 00:13:49,-16.0,-18.2,1.0,3.0,29.0
2026-08-13 00:12:49,-16.2,-18.4,1.0,3.0,29.0
2026-08-13 00:11:49,-16.4,-18.6,2.0,3.0,29.0
2026-08-13 00:10:49,-16.6,-18.9,1.0,2.0,29.0
2026-08-13 00:09:49,-16.7,-19.2,1.0,2.0,29.0
2026-08-13 00:08:49,-16.8,-19.5,1.0,2.0,29.0
2026-08-13 00:07:49,-16.9,-19.7,2.0,3.0,29.0
2026-08-13 00:06:49,-16.7,-19.8,3.0,3.0,28.0
2026-08-13 00:05:49,-16.7,-19.8,3.0,3.0,29.0
2026-08-13 00:04:49,-16.6,-19.7,2.0,3.0,29.0
2026-08-13 00:03:49,-16.5,-19.7,2.0,3.0,29.0
2026-08-13 00:02:49,-16.5,-19.6,2.0,3.0,29.0
2026-08-13 00:01:49,-16.4,-19.5,2.0,3.0,29.0
2026-08-13 00:00:49,-16.4,-19.5,3.0,2.0,29.0
2026-08-12 23:59:49,-16.3,-19.4,2.0,3.0,28.0
2026-08-12 23:58:49,-16.2,-19.3,2.0,3.0,28.0
2026-08-12 23:57:49,-16.1,-19.3,2.0,3.0,29.0
2026-08-12 23:56:49,-16.0,-19.2,2.0,3.0,29.0
2026-08-12 23:55:49,-16.0,-19.1,2.0,3.0,29.0
2026-08-12 23:54:49,-15.9,-19.0,2.0,3.0,28.0
2026-08-12 23:53:49,-15.8,-18.9,2.0,3.0,28.0
2026-08-12 23:52:49,-15.7,-18.8,2.0,3.0,28.0
2026-08-12 23:51:49,-15.6,-18.8,2.0,3.0,28.0
2026-08-12 23:50:49,-15.5,-18.7,2.0,3.0,29.0
2026-08-12 23:49:49,-15.4,-18.6,2.0,4.0,29.0
2026-08-12 23:48:49,-15.3,-18.5,2.0,4.0,29.0
2026-08-12 23:47:49,-15.3,-18.3,2.0,4.0,29.0
2026-08-12 23:46:49,-15.2,-18.2,2.0,4.0,29.0
2026-08-12 23:45:49,-15.1,-18.1,3.0,5.0,29.0
2026-08-12 23:44:49,-15.0,-17.9,3.0,4.0,29.0
2026-08-12 23:43:49,-14.9,-17.8,3.0,4.0,29.0
2026-08-12 23:42:49,-14.8,-17.7,0.0,4.0,28.0
2026-08-12 23:41:49,-14.7,-17.6,0.0,4.0,28.0
2026-08-12 23:40:49,-14.8,-17.4,0.0,4.0,28.0
2026-08-12 23:39:49,-14.9,-17.3,0.0,3.0,28.0
2026-08-12 23:38:49,-15.1,-17.3,0.0,3.0,28.0
2026-08-12 23:37:49,-15.2,-17.4,0.0,3.0,28.0
2026-08-12 23:36:49,-15.2,-17.5,0.0,3.0,29.0
2026-08-12 23:35:49,-15.3,-17.6,0.0,3.0,29.0
2026-08-12 23:34:49,-15.4,-17.7,0.0,4.0,29.0
2026-08-12 23:33:49,-15.5,-17.7,0.0,4.0,29.0
2026-08-12 23:32:49,-15.6,-17.9,0.0,4.0,29.0
2026-08-12 23:31:49,-15.7,-18.0,0.0,4.0,29.0
2026-08-12 23:30:49,-15.8,-18.1,1.0,4.0,28.0
2026-08-12 23:29:49,-16.0,-18.2,1.0,4.0,28.0
2026-08-12 23:28:49,-16.1,-18.4,1.0,4.0,29.0
2026-08-12 23:27:49,-16.3,-18.5,2.0,4.0,28.0
2026-08-12 23:26:49,-16.4,-18.7,2.0,4.0,28.0
2026-08-12 23:25:49,-16.6,-18.9,2.0,4.0,28.0
2026-08-12 23:24:49,-16.7,-19.1,3.0,4.0,29.0
2026-08-12 23:23:49,-16.8,-19.4,3.0,4.0,28.0
2026-08-12 23:22:49,-16.8,-19.5,3.0,5.0,28.0
2026-08-12 23:21:49,-16.6,-19.7,4.0,5.0,28.0
2026-08-12 23:20:49,-16.5,-19.7,4.0,4.0,28.0
2026-08-12 23:19:49,-16.5,-19.6,4.0,5.0,28.0
2026-08-12 23:18:49,-16.4,-19.6,4.0,5.0,29.0
2026-08-12 23:17:49,-16.4,-19.5,4.0,5.0,29.0
2026-08-12 23:16:49,-16.3,-19.4,4.0,5.0,29.0
2026-08-12 23:15:49,-16.2,-19.4,3.0,5.0,29.0
2026-08-12 23:14:49,-16.1,-19.3,3.0,5.0,29.0
2026-08-12 23:13:49,-16.1,-19.2,3.0,5.0,28.0
2026-08-12 23:12:49,-16.0,-19.2,3.0,5.0,28.0
2026-08-12 23:11:49,-15.9,-19.1,3.0,5.0,29.0
2026-08-12 23:10:49,-15.8,-19.0,3.0,4.0,28.0
2026-08-12 23:09:49,-15.7,-18.9,3.0,4.0,28.0
2026-08-12 23:08:49,-15.6,-18.8,3.0,4.0,29.0
2026-08-12 23:07:49,-15.5,-18.7,3.0,4.0,29.0
2026-08-12 23:06:49,-15.5,-18.7,2.0,4.0,29.0
2026-08-12 23:05:49,-15.4,-18.6,2.0,4.0,29.0
2026-08-12 23:04:49,-15.3,-18.5,2.0,4.0,29.0
2026-08-12 23:03:49,-15.2,-18.4,2.0,4.0,29.0
2026-08-12 23:02:49,-15.1,-18.3,2.0,4.0,29.0
2026-08-12 23:01:49,-15.1,-18.2,1.0,4.0,29.0
2026-08-12 23:00:49,-15.0,-18.0,1.0,4.0,29.0
2026-08-12 22:59:49,-14.9,-17.9,1.0,4.0,28.0
2026-08-12 22:58:49,-15.0,-17.8,1.0,4.0,28.0
2026-08-12 22:57:49,-15.2,-17.8,1.0,4.0,28.0
2026-08-12 22:56:49,-15.2,-17.7,1.0,4.0,28.0
2026-08-12 22:55:49,-15.1,-17.6,1.0,4.0,29.0
2026-08-12 22:54:49,-15.0,-17.4,0.0,4.0,28.0
2026-08-12 22:53:49,-14.9,-17.3,0.0,4.0,28.0
2026-08-12 22:52:49,-14.8,-17.2,0.0,4.0,29.0
2026-08-12 22:51:49,-14.7,-17.0,0.0,4.0,28.0
2026-08-12 22:50:49,-14.6,-16.8,0.0,4.0,29.0
2026-08-12 22:49:49,-14.5,-16.6,0.0,4.0,29.0
2026-08-12 22:48:49,-14.3,-16.5,0.0,4.0,29.0
2026-08-12 22:47:49,-14.1,-16.4,0.0,3.0,29.0
2026-08-12 22:46:49,-14.1,-16.4,0.0,3.0,29.0
2026-08-12 22:45:49,-14.3,-16.5,0.0,3.0,29.0
2026-08-12 22:44:49,-14.4,-16.6,0.0,4.0,29.0
2026-08-12 22:43:49,-14.5,-16.7,0.0,4.0,29.0
2026-08-12 22:42:49,-14.6,-16.8,0.0,4.0,29.0
2026-08-12 22:41:49,-14.7,-16.9,0.0,4.0,29.0
2026-08-12 22:40:49,-14.8,-17.1,0.0,4.0,29.0
2026-08-12 22:39:49,-15.0,-17.2,0.0,4.0,29.0
2026-08-12 22:38:49,-15.1,-17.4,1.0,4.0,29.0
2026-08-12 22:37:49,-15.3,-17.6,1.0,4.0,29.0
2026-08-12 22:36:49,-15.5,-17.8,1.0,3.0,29.0
2026-08-12 22:35:49,-15.6,-18.0,2.0,3.0,29.0
2026-08-12 22:34:49,-15.8,-18.3,2.0,3.0,29.0
2026-08-12 22:33:49,-16.0,-18.6,3.0,3.0,29.0
2026-08-12 22:32:49,-16.3,-18.9,3.0,3.0,29.0
2026-08-12 22:31:49,-16.5,-19.2,3.0,3.0,29.0
2026-08-12 22:30:49,-16.5,-19.3,3.0,3.0,29.0
2026-08-12 22:29:49,-16.4,-19.2,3.0,3.0,29.0
2026-08-12 22:28:49,-16.4,-19.1,3.0,3.0,29.0
2026-08-12 22:27:49,-16.3,-19.1,3.0,3.0,29.0
2026-08-12 22:26:49,-16.3,-19.0,3.0,3.0,29.0
2026-08-12 22:25:49,-16.2,-19.0,2.0,3.0,29.0
2026-08-12 22:24:49,-16.2,-18.9,2.0,3.0,29.0
2026-08-12 22:23:49,-16.2,-18.9,2.0,3.0,29.0
2026-08-12 22:22:49,-16.1,-18.8,2.0,3.0,29.0
2026-08-12 22:21:49,-16.1,-18.8,2.0,3.0,29.0
2026-08-12 22:20:49,-16.0,-18.7,2.0,3.0,29.0
2026-08-12 22:19:49,-15.9,-18.6,2.0,3.0,29.0
2026-08-12 22:18:49,-15.9,-18.6,2.0,3.0,29.0
2026-08-12 22:17:49,-15.8,-18.5,2.0,3.0,29.0
2026-08-12 22:16:49,-15.7,-18.5,2.0,3.0,29.0
2026-08-12 22:15:49,-15.7,-18.4,2.0,4.0,29.0
2026-08-12 22:14:49,-15.6,-18.3,2.0,4.0,29.0
2026-08-12 22:13:49,-15.6,-18.2,2.0,4.0,29.0
2026-08-12 22:12:49,-15.5,-18.1,2.0,4.0,29.0
2026-08-12 22:11:49,-15.4,-18.1,2.0,4.0,29.0
2026-08-12 22:10:49,-15.3,-18.0,3.0,5.0,29.0
2026-08-12 22:09:49,-15.2,-17.9,4.0,5.0,29.0
2026-08-12 22:08:49,-15.1,-17.8,2.0,4.0,29.0
2026-08-12 22:07:49,-15.1,-17.7,1.0,4.0,29.0
2026-08-12 22:06:49,-15.0,-17.6,1.0,4.0,29.0
2026-08-12 22:05:49,-14.9,-17.5,1.0,4.0,29.0
2026-08-12 22:04:49,-14.8,-17.4,1.0,4.0,29.0
2026-08-12 22:03:49,-14.7,-17.3,1.0,4.0,29.0
2026-08-12 22:02:49,-14.6,-17.2,1.0,4.0,29.0
2026-08-12 22:01:49,-14.6,-17.1,1.0,4.0,29.0
2026-08-12 22:00:49,-14.5,-16.9,1.0,4.0,29.0
2026-08-12 21:59:49,-14.4,-16.8,0.0,4.0,29.0
2026-08-12 21:58:49,-14.3,-16.6,0.0,4.0,29.0
2026-08-12 21:57:49,-14.1,-16.5,0.0,4.0,29.0
2026-08-12 21:56:49,-14.1,-16.3,0.0,4.0,29.0
2026-08-12 21:55:49,-13.9,-16.1,0.0,4.0,29.0
2026-08-12 21:54:49,-13.8,-15.9,0.0,4.0,29.0
2026-08-12 21:53:49,-13.6,-15.7,0.0,3.0,29.0
2026-08-12 21:52:49,-13.5,-15.6,0.0,3.0,29.0
2026-08-12 21:51:49,-13.5,-15.6,0.0,3.0,29.0
2026-08-12 21:50:49,-13.5,-15.7,0.0,3.0,29.0
2026-08-12 21:49:49,-13.6,-15.8,0.0,3.0,29.0
2026-08-12 21:48:49,-13.7,-15.8,0.0,3.0,29.0
2026-08-12 21:47:49,-13.8,-15.9,0.0,4.0,29.0
2026-08-12 21:46:49,-13.8,-16.0,0.0,4.0,29.0
2026-08-12 21:45:49,-13.9,-16.0,0.0,4.0,29.0
2026-08-12 21:44:49,-13.9,-16.1,0.0,4.0,29.0
2026-08-12 21:43:49,-14.0,-16.2,0.0,4.0,29.0
2026-08-12 21:42:49,-14.1,-16.3,0.0,4.0,29.0
2026-08-12 21:41:49,-14.2,-16.4,0.0,4.0,29.0
2026-08-12 21:40:49,-14.3,-16.5,1.0,4.0,29.0
2026-08-12 21:39:49,-14.4,-16.6,1.0,4.0,29.0
2026-08-12 21:38:49,-14.5,-16.7,1.0,4.0,29.0
2026-08-12 21:37:49,-14.7,-16.9,1.0,4.0,29.0
2026-08-12 21:36:49,-14.8,-17.0,2.0,5.0,29.0
2026-08-12 21:35:49,-14.9,-17.2,2.0,5.0,29.0
2026-08-12 21:34:49,-15.1,-17.4,3.0,5.0,29.0
2026-08-12 21:33:49,-15.3,-17.6,3.0,5.0,29.0
2026-08-12 21:32:49,-15.5,-17.8,4.0,5.0,29.0
2026-08-12 21:31:49,-15.6,-18.1,4.0,4.0,29.0
2026-08-12 21:30:49,-15.9,-18.4,5.0,4.0,29.0
2026-08-12 21:29:49,-16.0,-18.7,5.0,4.0,29.0
2026-08-12 21:28:49,-16.3,-18.9,5.0,4.0,29.0
2026-08-12 21:27:49,-16.4,-19.1,6.0,4.0,29.0
2026-08-12 21:26:49,-16.4,-19.0,6.0,4.0,29.0
2026-08-12 21:25:49,-16.3,-19.0,6.0,4.0,29.0
2026-08-12 21:24:49,-16.3,-19.0,6.0,4.0,29.0
2026-08-12 21:23:49,-16.2,-18.9,6.0,4.0,29.0
2026-08-12 21:22:49,-16.2,-18.8,6.0,4.0,29.0
2026-08-12 21:21:49,-16.1,-18.8,6.0,4.0,29.0
2026-08-12 21:20:49,-16.1,-18.8,5.0,4.0,29.0
2026-08-12 21:19:49,-16.0,-18.7,5.0,4.0,29.0
2026-08-12 21:18:49,-16.0,-18.6,5.0,4.0,29.0
2026-08-12 21:17:49,-15.9,-18.6,5.0,4.0,29.0
2026-08-12 21:16:49,-15.8,-18.5,5.0,4.0,29.0
2026-08-12 21:15:49,-15.8,-18.5,5.0,4.0,29.0
2026-08-12 21:14:49,-15.7,-18.4,5.0,4.0,29.0
2026-08-12 21:13:49,-15.7,-18.3,5.0,4.0,29.0
2026-08-12 21:12:49,-15.6,-18.3,5.0,4.0,29.0
2026-08-12 21:11:49,-15.5,-18.2,4.0,4.0,29.0
2026-08-12 21:10:49,-15.4,-18.1,4.0,4.0,29.0
2026-08-12 21:09:49,-15.3,-18.0,4.0,4.0,29.0
2026-08-12 21:08:49,-15.2,-18.0,4.0,4.0,29.0
2026-08-12 21:07:49,-15.2,-17.9,4.0,4.0,29.0
2026-08-12 21:06:49,-15.1,-17.8,4.0,4.0,29.0
2026-08-12 21:05:49,-15.1,-17.7,4.0,4.0,29.0
2026-08-12 21:04:49,-15.0,-17.7,3.0,4.0,29.0
2026-08-12 21:03:49,-14.9,-17.6,3.0,4.0,29.0
2026-08-12 21:02:49,-14.8,-17.5,3.0,4.0,29.0
2026-08-12 21:01:49,-14.8,-17.4,3.0,4.0,29.0
2026-08-12 21:00:49,-14.7,-17.3,3.0,4.0,29.0
2026-08-12 20:59:49,-14.5,-17.2,3.0,4.0,29.0
2026-08-12 20:58:49,-14.5,-17.1,3.0,4.0,29.0
2026-08-12 20:57:49,-14.3,-17.0,2.0,4.0,29.0
2026-08-12 20:56:49,-14.3,-16.9,2.0,4.0,29.0
2026-08-12 20:55:49,-14.2,-16.7,2.0,4.0,29.0
2026-08-12 20:54:49,-14.1,-16.6,2.0,4.0,29.0
2026-08-12 20:53:49,-14.0,-16.4,2.0,4.0,29.0
2026-08-12 20:52:49,-13.8,-16.3,2.0,4.0,29.0
2026-08-12 20:51:49,-13.8,-16.2,1.0,4.0,29.0
2026-08-12 20:50:49,-13.6,-16.0,1.0,4.0,29.0
2026-08-12 20:49:49,-13.5,-15.8,1.0,4.0,29.0
2026-08-12 20:48:49,-13.4,-15.7,1.0,4.0,29.0
2026-08-12 20:47:49,-13.3,-15.4,1.0,4.0,30.0
2026-08-12 20:46:49,-13.1,-15.2,1.0,4.0,30.0
2026-08-12 20:45:49,-13.0,-15.0,1.0,4.0,30.0
2026-08-12 20:44:49,-12.8,-14.8,0.0,3.0,30.0
2026-08-12 20:43:49,-12.8,-14.8,0.0,3.0,30.0
2026-08-12 20:42:49,-12.8,-14.9,0.0,3.0,30.0
2026-08-12 20:41:49,-12.9,-14.9,0.0,3.0,30.0
2026-08-12 20:40:49,-13.1,-15.0,0.0,4.0,29.0
2026-08-12 20:39:49,-13.2,-15.1,0.0,4.0,29.0
2026-08-12 20:38:49,-13.3,-15.2,1.0,5.0,30.0
2026-08-12 20:37:49,-13.4,-15.4,0.0,4.0,29.0
2026-08-12 20:36:49,-13.5,-15.6,0.0,4.0,29.0
2026-08-12 20:35:49,-13.6,-15.7,0.0,4.0,29.0
2026-08-12 20:34:49,-13.7,-15.8,0.0,4.0,29.0
2026-08-12 20:33:49,-13.9,-15.9,1.0,4.0,30.0
2026-08-12 20:32:49,-14.0,-16.1,1.0,4.0,30.0
2026-08-12 20:31:49,-14.0,-16.2,0.0,4.0,30.0
2026-08-12 20:30:49,-14.1,-16.3,1.0,4.0,30.0
2026-08-12 20:29:49,-14.2,-16.4,1.0,4.0,30.0
2026-08-12 20:28:49,-14.4,-16.6,1.0,4.0,30.0
2026-08-12 20:27:49,-14.5,-16.7,1.0,4.0,30.0
2026-08-12 20:26:49,-14.7,-16.8,2.0,4.0,30.0
2026-08-12 20:25:49,-14.8,-16.9,2.0,5.0,30.0
2026-08-12 20:24:49,-15.0,-17.1,2.0,5.0,29.0
2026-08-12 20:23:49,-15.1,-17.3,3.0,5.0,29.0
2026-08-12 20:22:49,-15.3,-17.5,3.0,5.0,29.0
2026-08-12 20:21:49,-15.5,-17.8,4.0,5.0,29.0
2026-08-12 20:20:49,-15.7,-18.0,4.0,5.0,29.0
2026-08-12 20:19:49,-16.0,-18.3,5.0,5.0,29.0
2026-08-12 20:18:49,-16.3,-18.7,5.0,5.0,29.0
2026-08-12 20:17:49,-16.5,-19.0,5.0,5.0,29.0
2026-08-12 20:16:49,-16.6,-19.1,6.0,5.0,29.0
2026-08-12 20:15:49,-16.6,-19.0,6.0,5.0,29.0
2026-08-12 20:14:49,-16.5,-19.0,6.0,5.0,29.0
2026-08-12 20:13:49,-16.4,-18.9,6.0,5.0,29.0
2026-08-12 20:12:49,-16.4,-18.9,5.0,5.0,29.0
2026-08-12 20:11:49,-16.3,-18.8,5.0,5.0,29.0
2026-08-12 20:10:49,-16.3,-18.8,5.0,5.0,29.0
2026-08-12 20:09:49,-16.3,-18.7,5.0,5.0,29.0
2026-08-12 20:08:49,-16.2,-18.7,5.0,5.0,29.0
2026-08-12 20:07:49,-16.1,-18.7,5.0,5.0,29.0
2026-08-12 20:06:49,-16.1,-18.6,5.0,5.0,29.0
2026-08-12 20:05:49,-16.0,-18.5,5.0,5.0,29.0
2026-08-12 20:04:49,-16.0,-18.5,5.0,5.0,29.0
2026-08-12 20:03:49,-15.9,-18.5,5.0,5.0,29.0
2026-08-12 20:02:49,-15.9,-18.4,5.0,5.0,29.0
2026-08-12 20:01:49,-15.8,-18.3,4.0,5.0,29.0
2026-08-12 20:00:49,-15.7,-18.3,4.0,5.0,29.0
2026-08-12 19:59:49,-15.7,-18.2,4.0,5.0,29.0
2026-08-12 19:58:49,-15.6,-18.1,4.0,5.0,29.0
2026-08-12 19:57:49,-15.5,-18.1,4.0,5.0,29.0
2026-08-12 19:56:49,-15.5,-18.0,4.0,5.0,29.0
2026-08-12 19:55:49,-15.4,-18.0,4.0,5.0,29.0
2026-08-12 19:54:49,-15.3,-17.9,4.0,5.0,29.0
2026-08-12 19:53:49,-15.3,-17.8,4.0,5.0,29.0
2026-08-12 19:52:49,-15.2,-17.7,4.0,5.0,29.0
2026-08-12 19:51:49,-15.1,-17.7,4.0,5.0,29.0
2026-08-12 19:50:49,-15.1,-17.6,3.0,5.0,29.0
2026-08-12 19:49:49,-15.0,-17.5,3.0,5.0,29.0
2026-08-12 19:48:49,-14.9,-17.5,3.0,5.0,29.0
2026-08-12 19:47:49,-14.8,-17.4,3.0,5.0,29.0
2026-08-12 19:46:49,-14.7,-17.3,3.0,5.0,29.0
2026-08-12 19:45:49,-14.7,-17.2,3.0,5.0,29.0
2026-08-12 19:44:49,-14.6,-17.1,3.0,5.0,29.0
2026-08-12 19:43:49,-14.5,-17.1,3.0,5.0,29.0
2026-08-12 19:42:49,-14.4,-17.0,3.0,5.0,29.0
2026-08-12 19:41:49,-14.3,-16.9,3.0,5.0,29.0
2026-08-12 19:40:49,-14.2,-16.8,2.0,5.0,29.0
2026-08-12 19:39:49,-14.1,-16.7,2.0,5.0,29.0
2026-08-12 19:38:49,-14.0,-16.6,2.0,5.0,29.0
2026-08-12 19:37:49,-13.9,-16.5,2.0,5.0,29.0
2026-08-12 19:36:49,-13.8,-16.4,2.0,5.0,29.0
2026-08-12 19:35:49,-13.7,-16.3,2.0,5.0,29.0
2026-08-12 19:34:49,-13.6,-16.2,2.0,5.0,29.0
2026-08-12 19:33:49,-13.5,-16.1,1.0,4.0,29.0
2026-08-12 19:32:49,-13.4,-15.9,1.0,4.0,29.0
2026-08-12 19:31:49,-13.3,-15.8,1.0,4.0,29.0
2026-08-12 19:30:49,-13.3,-15.7,1.0,4.0,29.0
2026-08-12 19:29:49,-13.1,-15.6,1.0,4.0,29.0
2026-08-12 19:28:49,-13.0,-15.4,1.0,4.0,29.0
2026-08-12 19:27:49,-12.9,-15.3,1.0,4.0,29.0
2026-08-12 19:26:49,-12.8,-15.1,0.0,4.0,29.0
2026-08-12 19:25:49,-12.7,-14.9,0.0,4.0,29.0
2026-08-12 19:24:49,-12.5,-14.7,0.0,4.0,29.0
2026-08-12 19:23:49,-12.4,-14.5,0.0,4.0,29.0
2026-08-12 19:22:49,-12.2,-14.3,0.0,4.0,29.0
2026-08-12 19:21:49,-12.0,-14.1,0.0,4.0,29.0
2026-08-12 19:20:49,-11.9,-14.0,0.0,3.0,29.0
2026-08-12 19:19:49,-11.9,-14.0,0.0,3.0,29.0
2026-08-12 19:18:49,-11.9,-14.0,0.0,3.0,29.0
2026-08-12 19:17:49,-11.9,-14.0,0.0,4.0,29.0
2026-08-12 19:16:49,-12.0,-14.1,0.0,4.0,29.0
2026-08-12 19:15:49,-12.0,-14.2,0.0,4.0,29.0
2026-08-12 19:14:49,-12.0,-14.2,0.0,4.0,29.0
2026-08-12 19:13:49,-12.1,-14.2,0.0,4.0,29.0
2026-08-12 19:12:49,-12.2,-14.3,0.0,4.0,29.0
2026-08-12 19:11:49,-12.3,-14.3,0.0,4.0,29.0
2026-08-12 19:10:49,-12.3,-14.4,1.0,4.0,29.0
2026-08-12 19:09:49,-12.4,-14.4,1.0,4.0,29.0
2026-08-12 19:08:49,-12.4,-14.5,1.0,4.0,29.0
2026-08-12 19:07:49,-12.4,-14.6,1.0,4.0,29.0
2026-08-12 19:06:49,-12.5,-14.6,1.0,4.0,29.0
2026-08-12 19:05:49,-12.6,-14.7,1.0,5.0,29.0
2026-08-12 19:04:49,-12.7,-14.8,2.0,5.0,29.0
2026-08-12 19:03:49,-12.8,-14.9,2.0,5.0,29.0
2026-08-12 19:02:49,-12.9,-15.0,2.0,5.0,29.0
2026-08-12 19:01:49,-13.0,-15.0,2.0,5.0,29.0
2026-08-12 19:00:49,-13.0,-15.2,3.0,5.0,29.0
2026-08-12 18:59:49,-13.2,-15.3,3.0,5.0,30.0
2026-08-12 18:58:49,-13.3,-15.4,4.0,5.0,30.0
2026-08-12 18:57:49,-13.5,-15.5,4.0,5.0,30.0
2026-08-12 18:56:49,-13.6,-15.7,4.0,5.0,30.0
2026-08-12 18:55:49,-13.7,-15.9,5.0,5.0,29.0
2026-08-12 18:54:49,-14.0,-16.1,5.0,4.0,29.0
2026-08-12 18:53:49,-14.2,-16.3,5.0,4.0,29.0
2026-08-12 18:52:49,-14.4,-16.6,6.0,4.0,29.0
2026-08-12 18:51:49,-14.7,-16.9,6.0,4.0,29.0
2026-08-12 18:50:49,-15.0,-17.3,7.0,4.0,29.0
2026-08-12 18:49:49,-15.2,-17.6,7.0,4.0,29.0
2026-08-12 18:48:49,-15.3,-17.6,7.0,4.0,29.0
2026-08-12 18:47:49,-15.3,-17.6,7.0,4.0,29.0
2026-08-12 18:46:49,-15.2,-17.5,7.0,4.0,29.0
2026-08-12 18:45:49,-15.1,-17.5,7.0,3.0,29.0
2026-08-12 18:44:49,-15.1,-17.4,7.0,4.0,29.0
2026-08-12 18:43:49,-15.1,-17.4,7.0,4.0,29.0
2026-08-12 18:42:49,-15.0,-17.3,6.0,4.0,29.0
2026-08-12 18:41:49,-14.9,-17.3,6.0,4.0,29.0
2026-08-12 18:40:49,-14.9,-17.2,6.0,4.0,29.0
2026-08-12 18:39:49,-14.8,-17.1,6.0,4.0,29.0
2026-08-12 18:38:49,-14.8,-17.1,6.0,4.0,29.0
2026-08-12 18:37:49,-14.7,-17.0,6.0,4.0,29.0
2026-08-12 18:36:49,-14.6,-17.0,6.0,4.0,29.0
2026-08-12 18:35:49,-14.5,-16.9,6.0,4.0,29.0
2026-08-12 18:34:49,-14.5,-16.8,6.0,4.0,29.0
2026-08-12 18:33:49,-14.4,-16.8,6.0,4.0,29.0
2026-08-12 18:32:49,-14.3,-16.7,5.0,4.0,29.0
2026-08-12 18:31:49,-14.3,-16.6,5.0,4.0,30.0
2026-08-12 18:30:49,-14.2,-16.6,5.0,4.0,30.0
2026-08-12 18:29:49,-14.1,-16.5,5.0,3.0,29.0
2026-08-12 18:28:49,-14.0,-16.4,5.0,4.0,29.0
2026-08-12 18:27:49,-14.0,-16.4,5.0,3.0,29.0
2026-08-12 18:26:49,-13.9,-16.3,5.0,4.0,29.0
2026-08-12 18:25:49,-13.8,-16.2,5.0,4.0,30.0
2026-08-12 18:24:49,-13.7,-16.1,4.0,4.0,29.0
2026-08-12 18:23:49,-13.7,-16.1,4.0,4.0,29.0
2026-08-12 18:22:49,-13.6,-16.0,4.0,4.0,29.0
2026-08-12 18:21:49,-13.6,-15.9,4.0,4.0,29.0
2026-08-12 18:20:49,-13.4,-15.8,4.0,5.0,29.0
2026-08-12 18:19:49,-13.3,-15.7,4.0,5.0,29.0
2026-08-12 18:18:49,-13.3,-15.7,4.0,5.0,29.0
2026-08-12 18:17:49,-13.2,-15.6,5.0,5.0,29.0
2026-08-12 18:16:49,-13.2,-15.5,5.0,5.0,29.0
2026-08-12 18:15:49,-13.0,-15.4,6.0,5.0,29.0
2026-08-12 18:14:49,-12.9,-15.3,7.0,5.0,29.0
2026-08-12 18:13:49,-12.8,-15.2,4.0,5.0,29.0
2026-08-12 18:12:49,-12.7,-15.1,4.0,5.0,29.0
2026-08-12 18:11:49,-12.6,-15.0,4.0,5.0,29.0
2026-08-12 18:10:49,-12.5,-14.9,4.0,5.0,29.0
2026-08-12 18:09:49,-12.4,-14.8,4.0,5.0,29.0
2026-08-12 18:08:49,-12.3,-14.7,4.0,5.0,29.0
2026-08-12 18:07:49,-12.2,-14.6,4.0,5.0,29.0
2026-08-12 18:06:49,-12.1,-14.5,3.0,5.0,29.0
2026-08-12 18:05:49,-11.9,-14.4,3.0,5.0,29.0
2026-08-12 18:04:49,-11.8,-14.3,3.0,5.0,29.0
2026-08-12 18:03:49,-11.7,-14.2,3.0,5.0,30.0
2026-08-12 18:02:49,-11.6,-14.0,3.0,5.0,30.0
2026-08-12 18:01:49,-11.4,-13.9,3.0,5.0,29.0
2026-08-12 18:00:49,-11.3,-13.8,3.0,5.0,30.0
2026-08-12 17:59:49,-11.1,-13.6,3.0,5.0,30.0
2026-08-12 17:58:49,-11.0,-13.5,3.0,5.0,30.0
2026-08-12 17:57:49,-10.9,-13.4,3.0,5.0,30.0
2026-08-12 17:56:49,-10.8,-13.2,3.0,5.0,30.0
2026-08-12 17:55:49,-10.6,-13.1,2.0,5.0,30.0
2026-08-12 17:54:49,-10.4,-12.9,2.0,5.0,30.0
2026-08-12 17:53:49,-10.3,-12.8,2.0,5.0,30.0
2026-08-12 17:52:49,-10.2,-12.6,2.0,5.0,30.0
2026-08-12 17:51:49,-10.0,-12.4,2.0,5.0,29.0
2026-08-12 17:50:49,-9.9,-12.3,2.0,5.0,30.0
2026-08-12 17:49:49,-9.7,-12.1,1.0,5.0,30.0
2026-08-12 17:48:49,-9.5,-11.9,1.0,5.0,29.0
2026-08-12 17:47:49,-9.4,-11.7,1.0,5.0,29.0
2026-08-12 17:46:49,-9.2,-11.4,1.0,4.0,29.0
2026-08-12 17:45:49,-9.0,-11.2,1.0,4.0,29.0
2026-08-12 17:44:49,-8.7,-10.9,1.0,4.0,29.0
2026-08-12 17:43:49,-8.5,-10.7,0.0,4.0,29.0
2026-08-12 17:42:49,-8.4,-10.6,1.0,4.0,29.0
2026-08-12 17:41:49,-8.4,-10.6,1.0,4.0,29.0
2026-08-12 17:40:49,-8.3,-10.5,1.0,4.0,29.0
2026-08-12 17:39:49,-8.2,-10.5,1.0,4.0,29.0
2026-08-12 17:38:49,-8.2,-10.5,1.0,4.0,29.0
2026-08-12 17:37:49,-8.2,-10.5,1.0,4.0,28.0
2026-08-12 17:36:49,-8.1,-10.4,1.0,4.0,28.0
2026-08-12 17:35:49,-8.1,-10.4,1.0,4.0,28.0
2026-08-12 17:34:49,-8.1,-10.3,1.0,4.0,28.0
2026-08-12 17:33:49,-8.0,-10.3,1.0,4.0,28.0
2026-08-12 17:32:49,-8.0,-10.3,1.0,4.0,29.0
2026-08-12 17:31:49,-7.9,-10.2,1.0,4.0,29.0
2026-08-12 17:30:49,-7.8,-10.2,2.0,4.0,29.0
2026-08-12 17:29:49,-7.7,-10.1,2.0,5.0,29.0
2026-08-12 17:28:49,-7.7,-10.1,2.0,4.0,28.0
2026-08-12 17:27:49,-7.6,-10.0,2.0,5.0,28.0
2026-08-12 17:26:49,-7.5,-10.0,2.0,5.0,28.0
2026-08-12 17:25:49,-7.4,-9.9,2.0,5.0,29.0
2026-08-12 17:24:49,-7.4,-9.8,2.0,5.0,29.0
2026-08-12 17:23:49,-7.3,-9.7,3.0,5.0,29.0
2026-08-12 17:22:49,-7.2,-9.7,3.0,5.0,29.0
2026-08-12 17:21:49,-7.2,-9.6,3.0,5.0,28.0
2026-08-12 17:20:49,-7.1,-9.5,3.0,5.0,28.0
2026-08-12 17:19:49,-7.1,-9.4,3.0,5.0,28.0
2026-08-12 17:18:49,-7.1,-9.3,3.0,5.0,28.0
2026-08-12 17:17:49,-7.0,-9.2,4.0,5.0,28.0
2026-08-12 17:16:49,-6.9,-9.1,4.0,5.0,28.0
2026-08-12 17:15:49,-6.8,-9.0,4.0,6.0,28.0
2026-08-12 17:14:49,-6.8,-8.9,4.0,6.0,28.0
2026-08-12 17:13:49,-6.7,-8.8,4.0,6.0,28.0
2026-08-12 17:12:49,-6.6,-8.7,4.0,6.0,28.0
2026-08-12 17:11:49,-6.5,-8.6,5.0,6.0,28.0
2026-08-12 17:10:49,-6.3,-8.5,5.0,6.0,29.0
2026-08-12 17:09:49,-6.2,-8.4,5.0,6.0,28.0
2026-08-12 17:08:49,-6.1,-8.3,5.0,6.0,28.0
2026-08-12 17:07:49,-5.9,-8.2,5.0,5.0,28.0
2026-08-12 17:06:49,-5.8,-8.1,5.0,5.0,28.0
2026-08-12 17:05:49,-5.6,-8.0,5.0,5.0,28.0
2026-08-12 17:04:49,-5.4,-7.9,5.0,5.0,28.0
2026-08-12 17:03:49,-5.3,-7.8,5.0,5.0,27.0
2026-08-12 17:02:49,-5.1,-7.7,5.0,5.0,27.0
2026-08-12 17:01:49,-4.9,-7.7,4.0,5.0,27.0
2026-08-12 17:00:49,-4.8,-7.8,4.0,5.0,27.0
2026-08-12 16:59:49,-4.8,-8.1,4.0,5.0,27.0
2026-08-12 16:58:49,-4.9,-9.0,4.0,5.0,27.0
2026-08-12 16:57:49,-5.9,-11.5,5.0,5.0,27.0
2026-08-12 16:56:49,-5.9,-11.8,5.0,5.0,27.0
2026-08-12 16:55:49,-5.8,-11.7,5.0,4.0,27.0
2026-08-12 16:54:49,-5.6,-11.5,5.0,4.0,27.0
2026-08-12 16:53:49,-5.4,-11.4,5.0,5.0,27.0
2026-08-12 16:52:49,-5.1,-11.2,5.0,4.0,27.0
2026-08-12 16:51:49,-4.9,-11.0,5.0,5.0,27.0
2026-08-12 16:50:49,-4.7,-10.8,5.0,5.0,27.0
2026-08-12 16:49:49,-4.3,-10.7,5.0,5.0,27.0
2026-08-12 16:48:49,-4.0,-10.4,5.0,4.0,27.0
2026-08-12 16:47:49,-3.7,-10.2,4.0,4.0,27.0
2026-08-12 16:46:49,-3.4,-10.1,4.0,4.0,27.0
2026-08-12 16:45:49,-3.1,-10.0,5.0,4.0,27.0
2026-08-12 16:44:49,-2.9,-9.8,5.0,4.0,27.0
2026-08-12 16:43:49,-2.6,-9.6,4.0,4.0,27.0
2026-08-12 16:42:49,-2.4,-9.4,4.0,4.0,27.0
2026-08-12 16:41:49,-2.2,-9.2,4.0,4.0,26.0
2026-08-12 16:40:49,-2.2,-9.1,4.0,4.0,26.0
2026-08-12 16:39:49,-2.1,-8.9,4.0,4.0,26.0
2026-08-12 16:38:49,-2.2,-8.8,5.0,4.0,26.0
2026-08-12 16:37:49,-2.3,-8.7,5.0,4.0,26.0
2026-08-12 16:36:49,-2.6,-8.7,4.0,4.0,26.0
2026-08-12 16:35:49,-2.9,-8.8,5.0,4.0,26.0
2026-08-12 16:34:49,-3.5,-8.9,5.0,4.0,26.0
2026-08-12 16:33:49,-4.3,-9.2,5.0,4.0,27.0
2026-08-12 16:32:49,-5.3,-9.7,6.0,4.0,27.0
2026-08-12 16:31:49,-6.4,-10.4,7.0,4.0,27.0
2026-08-12 16:30:49,-7.3,-11.1,8.0,5.0,27.0
2026-08-12 16:29:49,-8.1,-11.7,8.0,5.0,27.0
2026-08-12 16:28:49,-8.8,-12.3,12.0,5.0,27.0
2026-08-12 16:27:49,-9.5,-12.9,0.0,10.0,31.0
2026-08-12 16:26:49,-10.1,-13.5,-273.2,5.0,27.0
2026-08-12 16:25:49,-10.7,-14.1,-273.2,5.0,27.0
2026-08-12 16:24:49,-11.3,-14.6,-273.2,5.0,27.0
2026-08-12 16:23:49,-11.9,-15.1,-273.2,5.0,27.0
2026-08-12 16:22:49,-12.5,-15.6,-273.2,5.0,27.0
2026-08-12 16:21:49,-13.2,-16.2,-273.2,5.0,27.0
2026-08-12 16:20:49,-13.9,-16.7,-273.2,5.0,27.0
2026-08-12 16:19:49,-14.6,-17.2,-273.2,5.0,27.0
2026-08-12 16:18:49,-15.3,-17.8,-273.2,5.0,27.0
2026-08-12 16:17:49,-16.1,-18.3,-273.2,5.0,28.0
2026-08-12 16:16:49,-16.7,-18.8,-273.2,5.0,28.0
2026-08-12 16:15:49,-17.3,-19.3,-273.2,5.0,28.0
2026-08-12 16:14:49,-17.6,-19.7,-273.2,5.0,28.0
2026-08-12 16:13:49,-17.8,-19.9,-273.2,4.0,28.0
2026-08-12 16:12:49,-17.8,-20.2,-273.2,4.0,28.0
2026-08-12 16:11:49,-17.9,-20.4,-273.2,4.0,28.0
2026-08-12 16:10:49,-18.0,-20.6,-273.2,4.0,28.0
2026-08-12 16:09:49,-18.1,-20.8,-273.2,5.0,28.0
2026-08-12 16:08:49,-18.0,-20.9,-273.2,5.0,28.0
2026-08-12 16:07:49,-17.9,-20.8,-273.2,5.0,28.0
2026-08-12 16:06:49,-17.9,-20.8,-273.2,5.0,28.0
2026-08-12 16:05:49,-17.8,-20.8,-273.2,5.0,28.0
2026-08-12 16:04:49,-17.7,-20.7,-273.2,5.0,28.0
2026-08-12 16:03:49,-17.7,-20.6,-273.2,5.0,28.0
2026-08-12 16:02:49,-17.6,-20.6,-273.2,5.0,28.0
2026-08-12 16:01:49,-17.5,-20.5,-273.2,5.0,28.0
2026-08-12 16:00:49,-17.4,-20.5,-273.2,5.0,28.0
2026-08-12 15:59:49,-17.3,-20.3,-273.2,5.0,27.0
2026-08-12 15:58:49,-17.2,-20.3,-273.2,4.0,27.0
2026-08-12 15:57:49,-17.2,-20.1,-273.2,4.0,27.0
2026-08-12 15:56:49,-17.1,-20.0,-273.2,4.0,27.0
2026-08-12 15:55:49,-17.0,-19.9,-273.2,4.0,28.0
2026-08-12 15:54:49,-17.0,-19.8,-273.2,4.0,28.0
2026-08-12 15:53:49,-17.0,-19.8,-273.2,4.0,28.0
2026-08-12 15:52:49,-17.2,-19.7,-273.2,4.0,28.0
2026-08-12 15:51:49,-17.4,-19.7,-273.2,4.0,28.0
2026-08-12 15:50:49,-17.5,-19.8,-273.2,4.0,28.0
2026-08-12 15:49:49,-17.6,-20.0,-273.2,4.0,28.0
2026-08-12 15:48:49,-17.7,-20.1,-273.2,4.0,28.0
2026-08-12 15:47:49,-17.9,-20.2,-273.2,4.0,28.0
2026-08-12 15:46:49,-18.0,-20.4,-273.2,4.0,28.0
2026-08-12 15:45:49,-18.1,-20.6,-273.2,4.0,28.0
2026-08-12 15:44:49,-18.2,-20.8,-273.2,5.0,27.0
2026-08-12 15:43:49,-18.2,-20.9,-273.2,5.0,27.0
2026-08-12 15:42:49,-18.1,-21.1,-273.2,5.0,28.0
2026-08-12 15:41:49,-18.0,-21.0,-273.2,5.0,28.0
2026-08-12 15:40:49,-17.9,-21.0,-273.2,5.0,28.0
2026-08-12 15:39:49,-17.9,-20.9,-273.2,5.0,28.0
2026-08-12 15:38:49,-17.8,-20.9,-273.2,5.0,28.0
2026-08-12 15:37:49,-17.8,-20.8,-273.2,5.0,28.0
2026-08-12 15:36:49,-17.7,-20.7,-273.2,5.0,28.0
2026-08-12 15:35:49,-17.6,-20.6,-273.2,5.0,27.0
2026-08-12 15:34:49,-17.5,-20.6,-273.2,5.0,27.0
2026-08-12 15:33:49,-17.5,-20.4,-273.2,5.0,28.0
2026-08-12 15:32:49,-17.4,-20.4,-273.2,5.0,27.0
2026-08-12 15:31:49,-17.3,-20.3,-273.2,5.0,28.0
2026-08-12 15:30:49,-17.2,-20.2,-273.2,5.0,27.0
2026-08-12 15:29:49,-17.1,-20.1,-273.2,5.0,27.0
2026-08-12 15:28:49,-17.0,-20.0,-273.2,5.0,27.0
2026-08-12 15:27:49,-16.9,-19.9,-273.2,5.0,28.0
2026-08-12 15:26:49,-16.8,-19.8,-273.2,5.0,27.0
2026-08-12 15:25:49,-16.8,-19.7,-273.2,4.0,28.0
2026-08-12 15:24:49,-16.7,-19.5,-273.2,4.0,28.0
2026-08-12 15:23:49,-16.7,-19.4,-273.2,4.0,28.0
2026-08-12 15:22:49,-16.8,-19.4,-273.2,4.0,28.0
2026-08-12 15:21:49,-17.0,-19.3,-273.2,4.0,28.0
2026-08-12 15:20:49,-17.1,-19.4,-273.2,4.0,28.0
2026-08-12 15:19:49,-17.2,-19.5,-273.2,4.0,28.0
2026-08-12 15:18:49,-17.4,-19.6,-273.2,4.0,28.0
2026-08-12 15:17:49,-17.5,-19.8,-273.2,4.0,28.0
2026-08-12 15:16:49,-17.6,-19.9,-273.2,4.0,28.0
2026-08-12 15:15:49,-17.8,-20.1,-273.2,4.0,28.0
2026-08-12 15:14:49,-17.9,-20.3,-273.2,4.0,28.0
2026-08-12 15:13:49,-18.1,-20.5,-273.2,4.0,27.0
2026-08-12 15:12:49,-18.2,-20.7,-273.2,5.0,28.0
2026-08-12 15:11:49,-18.2,-20.9,-273.2,5.0,28.0
2026-08-12 15:10:49,-18.2,-21.1,-273.2,5.0,28.0
2026-08-12 15:09:49,-18.1,-21.1,-273.2,5.0,28.0
2026-08-12 15:08:49,-18.1,-21.1,-273.2,5.0,27.0
2026-08-12 15:07:49,-18.1,-21.0,-273.2,5.0,27.0
2026-08-12 15:06:49,-17.9,-21.0,-273.2,5.0,27.0
2026-08-12 15:05:49,-17.9,-20.9,-273.2,5.0,27.0
2026-08-12 15:04:49,-17.8,-20.8,-273.2,5.0,27.0
2026-08-12 15:03:49,-17.7,-20.7,-273.2,5.0,27.0
2026-08-12 15:02:49,-17.7,-20.7,-273.2,5.0,27.0
2026-08-12 15:01:49,-17.6,-20.6,-273.2,5.0,27.0
2026-08-12 15:00:49,-17.5,-20.5,-273.2,4.0,28.0
2026-08-12 14:59:49,-17.4,-20.4,-273.2,5.0,27.0
2026-08-12 14:58:49,-17.4,-20.3,-273.2,5.0,27.0
2026-08-12 14:57:49,-17.3,-20.2,-273.2,5.0,27.0
2026-08-12 14:56:49,-17.2,-20.1,-273.2,4.0,27.0
2026-08-12 14:55:49,-17.1,-20.0,-273.2,4.0,27.0
2026-08-12 14:54:49,-17.1,-19.9,-273.2,4.0,27.0
2026-08-12 14:53:49,-17.2,-19.8,-273.2,4.0,27.0
2026-08-12 14:52:49,-17.3,-19.8,-273.2,4.0,27.0
2026-08-12 14:51:49,-17.5,-19.8,-273.2,4.0,27.0
2026-08-12 14:50:49,-17.7,-19.9,-273.2,4.0,26.0
2026-08-12 14:49:49,-17.8,-20.1,-273.2,4.0,26.0
2026-08-12 14:48:49,-17.9,-20.2,-273.2,4.0,26.0
2026-08-12 14:47:49,-18.0,-20.4,-273.2,4.0,26.0
2026-08-12 14:46:49,-18.1,-20.6,-273.2,4.0,26.0
2026-08-12 14:45:49,-18.2,-20.8,-273.2,4.0,26.0
2026-08-12 14:44:49,-18.3,-20.9,-273.2,5.0,26.0
2026-08-12 14:43:49,-18.2,-21.0,-273.2,5.0,26.0
2026-08-12 14:42:49,-18.1,-21.1,-273.2,5.0,26.0
2026-08-12 14:41:49,-18.0,-21.1,-273.2,5.0,26.0
2026-08-12 14:40:49,-18.0,-21.0,-273.2,5.0,26.0
2026-08-12 14:39:49,-18.0,-21.0,-273.2,5.0,26.0
2026-08-12 14:38:49,-17.9,-20.9,-273.2,5.0,26.0
2026-08-12 14:37:49,-17.8,-20.8,-273.2,5.0,26.0
2026-08-12 14:36:49,-17.7,-20.8,-273.2,5.0,26.0
2026-08-12 14:35:49,-17.7,-20.7,-273.2,5.0,26.0
2026-08-12 14:34:49,-17.6,-20.6,-273.2,5.0,26.0
2026-08-12 14:33:49,-17.5,-20.5,-273.2,5.0,26.0
2026-08-12 14:32:49,-17.4,-20.4,-273.2,5.0,26.0
2026-08-12 14:31:49,-17.3,-20.3,-273.2,5.0,26.0
2026-08-12 14:30:49,-17.3,-20.2,-273.2,5.0,27.0
2026-08-12 14:29:49,-17.2,-20.1,-273.2,5.0,26.0
2026-08-12 14:28:49,-17.1,-20.0,-273.2,5.0,26.0
2026-08-12 14:27:49,-17.0,-19.9,-273.2,4.0,26.0
2026-08-12 14:26:49,-17.0,-19.8,-273.2,4.0,26.0
2026-08-12 14:25:49,-17.1,-19.7,-273.2,4.0,27.0
2026-08-12 14:24:49,-17.3,-19.6,-273.2,4.0,27.0
2026-08-12 14:23:49,-17.4,-19.7,-273.2,4.0,28.0
2026-08-12 14:22:49,-17.5,-19.8,-273.2,4.0,28.0
2026-08-12 14:21:49,-17.6,-20.0,-273.2,4.0,28.0
2026-08-12 14:20:49,-17.8,-20.1,-273.2,4.0,28.0
2026-08-12 14:19:49,-17.9,-20.3,-273.2,4.0,28.0
2026-08-12 14:18:49,-18.0,-20.4,-273.2,4.0,28.0
2026-08-12 14:17:49,-18.1,-20.6,-273.2,4.0,28.0
2026-08-12 14:16:49,-18.2,-20.7,-273.2,5.0,28.0
2026-08-12 14:15:49,-18.2,-20.9,-273.2,5.0,28.0
2026-08-12 14:14:49,-18.1,-21.0,-273.2,5.0,28.0
2026-08-12 14:13:49,-18.0,-21.1,-273.2,5.0,28.0
2026-08-12 14:12:49,-18.0,-21.0,-273.2,5.0,28.0
2026-08-12 14:11:49,-17.9,-20.9,-273.2,5.0,28.0
2026-08-12 14:10:49,-17.8,-20.8,-273.2,5.0,28.0
2026-08-12 14:09:49,-17.7,-20.7,-273.2,5.0,28.0
2026-08-12 14:08:49,-17.6,-20.6,-273.2,5.0,27.0
2026-08-12 14:07:49,-17.5,-20.5,-273.2,5.0,27.0
2026-08-12 14:06:49,-17.4,-20.4,-273.2,5.0,27.0
2026-08-12 14:05:49,-17.3,-20.3,-273.2,5.0,26.0
2026-08-12 14:04:49,-17.2,-20.2,-273.2,5.0,26.0
2026-08-12 14:03:49,-17.1,-20.1,-273.2,5.0,27.0
2026-08-12 14:02:49,-17.1,-20.0,-273.2,5.0,27.0
2026-08-12 14:01:49,-17.0,-19.8,-273.2,5.0,26.0
2026-08-12 14:00:49,-16.9,-19.7,-273.2,5.0,26.0
2026-08-12 13:59:49,-17.0,-19.6,-273.2,4.0,27.0
2026-08-12 13:58:49,-17.0,-19.5,-273.2,4.0,27.0
2026-08-12 13:57:49,-17.2,-19.4,-273.2,4.0,27.0
2026-08-12 13:56:49,-17.3,-19.6,-273.2,4.0,27.0
2026-08-12 13:55:49,-17.4,-19.6,-273.2,4.0,27.0
2026-08-12 13:54:49,-17.5,-19.7,-273.2,4.0,27.0
2026-08-12 13:53:49,-17.6,-19.9,-273.2,4.0,27.0
2026-08-12 13:52:49,-17.8,-20.0,-273.2,4.0,27.0
2026-08-12 13:51:49,-17.9,-20.1,-273.2,4.0,27.0
2026-08-12 13:50:49,-18.1,-20.3,-273.2,4.0,27.0
2026-08-12 13:49:49,-18.3,-20.5,-273.2,3.0,27.0
2026-08-12 13:48:49,-18.4,-20.7,-273.2,4.0,27.0
2026-08-12 13:47:49,-18.6,-21.0,-273.2,4.0,27.0
2026-08-12 13:46:49,-18.8,-21.2,-273.2,4.0,27.0
2026-08-12 13:45:49,-18.9,-21.5,-273.2,4.0,27.0
2026-08-12 13:44:49,-19.1,-21.7,-273.2,5.0,27.0
2026-08-12 13:43:49,-19.0,-21.9,-273.2,5.0,27.0
2026-08-12 13:42:49,-18.9,-21.9,-273.2,5.0,27.0
2026-08-12 13:41:49,-18.8,-21.9,-273.2,5.0,27.0
2026-08-12 13:40:49,-18.8,-21.9,-273.2,5.0,27.0
2026-08-12 13:39:49,-18.7,-21.7,-273.2,5.0,27.0
2026-08-12 13:38:49,-18.7,-21.7,-273.2,5.0,26.0
2026-08-12 13:37:49,-18.6,-21.7,-273.2,5.0,26.0
2026-08-12 13:36:49,-18.5,-21.6,-273.2,5.0,27.0
2026-08-12 13:35:49,-18.5,-21.5,-273.2,5.0,27.0
2026-08-12 13:34:49,-18.4,-21.4,-273.2,5.0,27.0
2026-08-12 13:33:49,-18.4,-21.3,-273.2,5.0,27.0
2026-08-12 13:32:49,-18.3,-21.2,-273.2,5.0,27.0
2026-08-12 13:31:49,-18.2,-21.1,-273.2,4.0,27.0
2026-08-12 13:30:49,-18.3,-21.0,-273.2,4.0,27.0
2026-08-12 13:29:49,-18.3,-21.0,-273.2,4.0,27.0
2026-08-12 13:28:49,-18.5,-21.0,-273.2,4.0,27.0
2026-08-12 13:27:49,-18.7,-21.0,-273.2,4.0,27.0
2026-08-12 13:26:49,-18.8,-21.2,-273.2,4.0,26.0
2026-08-12 13:25:49,-19.0,-21.4,-273.2,4.0,26.0
2026-08-12 13:24:49,-19.2,-21.7,-273.2,4.0,27.0
2026-08-12 13:23:49,-19.3,-21.9,-273.2,4.0,26.0
2026-08-12 13:22:49,-19.4,-22.1,-273.2,4.0,26.0
2026-08-12 13:21:49,-19.4,-22.3,-273.2,4.0,26.0
2026-08-12 13:20:49,-19.3,-22.4,-273.2,4.0,26.0
2026-08-12 13:19:49,-19.2,-22.3,-273.2,4.0,26.0
2026-08-12 13:18:49,-19.2,-22.3,-273.2,4.0,26.0
2026-08-12 13:17:49,-19.2,-22.2,-273.2,5.0,26.0
2026-08-12 13:16:49,-19.2,-22.2,-273.2,5.0,26.0
2026-08-12 13:15:49,-19.1,-22.1,-273.2,5.0,26.0
2026-08-12 13:14:49,-19.0,-22.1,-273.2,5.0,26.0
2026-08-12 13:13:49,-19.0,-22.0,-273.2,5.0,26.0
2026-08-12 13:12:49,-18.9,-22.0,-273.2,5.0,26.0
2026-08-12 13:11:49,-18.9,-21.9,-273.2,5.0,26.0
2026-08-12 13:10:49,-18.8,-21.9,-273.2,5.0,26.0
2026-08-12 13:09:49,-18.7,-21.8,-273.2,5.0,26.0
2026-08-12 13:08:49,-18.6,-21.7,-273.2,5.0,26.0
2026-08-12 13:07:49,-18.6,-21.6,-273.2,5.0,26.0
2026-08-12 13:06:49,-18.5,-21.5,-273.2,5.0,26.0
2026-08-12 13:05:49,-18.5,-21.4,-273.2,5.0,26.0
2026-08-12 13:04:49,-18.5,-21.3,-273.2,4.0,27.0
2026-08-12 13:03:49,-18.5,-21.2,-273.2,4.0,27.0
2026-08-12 13:02:49,-18.5,-21.2,-273.2,4.0,27.0
2026-08-12 13:01:49,-18.7,-21.2,-273.2,4.0,27.0
2026-08-12 13:00:49,-18.9,-21.3,-273.2,4.0,27.0
2026-08-12 12:59:49,-19.1,-21.5,-273.2,4.0,27.0
2026-08-12 12:58:49,-19.2,-21.7,-273.2,4.0,27.0
2026-08-12 12:57:49,-19.4,-21.9,-273.2,4.0,27.0
2026-08-12 12:56:49,-19.5,-22.1,-273.2,5.0,27.0
2026-08-12 12:55:49,-19.5,-22.4,-273.2,5.0,27.0
2026-08-12 12:54:49,-19.5,-22.5,-273.2,5.0,27.0
2026-08-12 12:53:49,-19.4,-22.5,-273.2,5.0,27.0
2026-08-12 12:52:49,-19.4,-22.5,-273.2,5.0,27.0
2026-08-12 12:51:49,-19.4,-22.4,-273.2,5.0,27.0
2026-08-12 12:50:49,-19.3,-22.4,-273.2,5.0,27.0
2026-08-12 12:49:49,-19.3,-22.4,-273.2,5.0,27.0
2026-08-12 12:48:49,-19.2,-22.3,-273.2,5.0,27.0
2026-08-12 12:47:49,-19.2,-22.3,-273.2,5.0,27.0
2026-08-12 12:46:49,-19.1,-22.2,-273.2,5.0,27.0
2026-08-12 12:45:49,-19.1,-22.2,-273.2,5.0,27.0
2026-08-12 12:44:49,-19.1,-22.1,-273.2,5.0,27.0
2026-08-12 12:43:49,-19.0,-22.1,-273.2,5.0,27.0
2026-08-12 12:42:49,-18.9,-22.0,-273.2,5.0,27.0
2026-08-12 12:41:49,-18.9,-22.0,-273.2,5.0,27.0
2026-08-12 12:40:49,-18.8,-21.9,-273.2,5.0,27.0
2026-08-12 12:39:49,-18.8,-21.8,-273.2,5.0,27.0
2026-08-12 12:38:49,-18.7,-21.8,-273.2,5.0,27.0
2026-08-12 12:37:49,-18.6,-21.7,-273.2,5.0,27.0
2026-08-12 12:36:49,-18.6,-21.6,-273.2,5.0,27.0
2026-08-12 12:35:49,-18.4,-21.5,-273.2,5.0,27.0
2026-08-12 12:34:49,-18.4,-21.4,-273.2,5.0,27.0
2026-08-12 12:33:49,-18.3,-21.3,-273.2,5.0,27.0
2026-08-12 12:32:49,-18.3,-21.2,-273.2,5.0,27.0
2026-08-12 12:31:49,-18.2,-21.1,-273.2,5.0,27.0
2026-08-12 12:30:49,-18.2,-21.0,-273.2,4.0,27.0
2026-08-12 12:29:49,-18.2,-20.9,-273.2,4.0,27.0
2026-08-12 12:28:49,-18.4,-20.9,-273.2,4.0,27.0
2026-08-12 12:27:49,-18.6,-20.9,-273.2,4.0,27.0
2026-08-12 12:26:49,-18.7,-21.1,-273.2,4.0,27.0
2026-08-12 12:25:49,-18.9,-21.3,-273.2,4.0,27.0
2026-08-12 12:24:49,-19.1,-21.5,-273.2,4.0,27.0
2026-08-12 12:23:49,-19.3,-21.7,-273.2,4.0,27.0
2026-08-12 12:22:49,-19.5,-21.9,-273.2,4.0,26.0
2026-08-12 12:21:49,-19.6,-22.2,-273.2,5.0,26.0
2026-08-12 12:20:49,-19.7,-22.4,-273.2,5.0,26.0
2026-08-12 12:19:49,-19.6,-22.7,-273.2,5.0,26.0
2026-08-12 12:18:49,-19.6,-22.7,-273.2,5.0,27.0
2026-08-12 12:17:49,-19.5,-22.6,-273.2,5.0,27.0
2026-08-12 12:16:49,-19.5,-22.6,-273.2,5.0,27.0
2026-08-12 12:15:49,-19.4,-22.6,-273.2,5.0,26.0
2026-08-12 12:14:49,-19.4,-22.5,-273.2,5.0,26.0
2026-08-12 12:13:49,-19.4,-22.5,-273.2,5.0,26.0
2026-08-12 12:12:49,-19.3,-22.5,-273.2,5.0,26.0
2026-08-12 12:11:49,-19.3,-22.4,-273.2,5.0,26.0
2026-08-12 12:10:49,-19.2,-22.3,-273.2,5.0,26.0
2026-08-12 12:09:49,-19.2,-22.3,-273.2,5.0,26.0
2026-08-12 12:08:49,-19.2,-22.2,-273.2,5.0,27.0
2026-08-12 12:07:49,-19.1,-22.2,4.0,5.0,27.0
2026-08-12 12:06:49,-19.1,-22.2,4.0,5.0,27.0
2026-08-12 12:05:49,-19.0,-22.1,4.0,5.0,27.0
2026-08-12 12:04:49,-19.0,-22.0,4.0,5.0,27.0
2026-08-12 12:03:49,-18.9,-22.0,4.0,5.0,27.0
2026-08-12 12:02:49,-18.8,-21.9,3.0,5.0,27.0
2026-08-12 12:01:49,-18.7,-21.8,3.0,5.0,27.0
2026-08-12 12:00:49,-18.6,-21.7,3.0,5.0,27.0
2026-08-12 11:59:49,-18.6,-21.6,3.0,5.0,27.0
2026-08-12 11:58:49,-18.5,-21.5,3.0,5.0,27.0
2026-08-12 11:57:49,-18.5,-21.5,3.0,5.0,27.0
2026-08-12 11:56:49,-18.5,-21.3,2.0,5.0,27.0
2026-08-12 11:55:49,-18.5,-21.3,2.0,5.0,27.0
2026-08-12 11:54:49,-18.6,-21.2,1.0,4.0,27.0
2026-08-12 11:53:49,-18.7,-21.2,1.0,4.0,27.0
2026-08-12 11:52:49,-18.9,-21.4,1.0,4.0,27.0
2026-08-12 11:51:49,-19.1,-21.6,1.0,4.0,27.0
2026-08-12 11:50:49,-19.2,-21.8,2.0,4.0,26.0
2026-08-12 11:49:49,-19.4,-22.0,2.0,4.0,27.0
2026-08-12 11:48:49,-19.5,-22.2,2.0,4.0,27.0
2026-08-12 11:47:49,-19.6,-22.5,3.0,4.0,27.0
2026-08-12 11:46:49,-19.5,-22.6,4.0,4.0,26.0
2026-08-12 11:45:49,-19.4,-22.6,4.0,4.0,26.0
2026-08-12 11:44:49,-19.4,-22.5,4.0,4.0,26.0
2026-08-12 11:43:49,-19.3,-22.5,3.0,4.0,26.0
2026-08-12 11:42:49,-19.3,-22.4,3.0,4.0,26.0
2026-08-12 11:41:49,-19.3,-22.4,3.0,4.0,27.0
2026-08-12 11:40:49,-19.2,-22.3,3.0,4.0,27.0
2026-08-12 11:39:49,-19.2,-22.3,3.0,4.0,26.0
2026-08-12 11:38:49,-19.1,-22.2,3.0,4.0,27.0
2026-08-12 11:37:49,-19.0,-22.2,3.0,4.0,27.0
2026-08-12 11:36:49,-19.0,-22.1,3.0,4.0,27.0
2026-08-12 11:35:49,-18.9,-22.0,3.0,4.0,27.0
2026-08-12 11:34:49,-18.9,-22.0,3.0,4.0,27.0
2026-08-12 11:33:49,-18.8,-21.9,3.0,5.0,27.0
2026-08-12 11:32:49,-18.7,-21.8,3.0,5.0,27.0
2026-08-12 11:31:49,-18.6,-21.7,4.0,5.0,26.0
2026-08-12 11:30:49,-18.6,-21.6,4.0,5.0,26.0
2026-08-12 11:29:49,-18.6,-21.6,3.0,5.0,27.0
2026-08-12 11:28:49,-18.5,-21.5,2.0,5.0,27.0
2026-08-12 11:27:49,-18.5,-21.4,2.0,5.0,27.0
2026-08-12 11:26:49,-18.5,-21.3,1.0,5.0,26.0
2026-08-12 11:25:49,-18.6,-21.2,1.0,4.0,26.0
2026-08-12 11:24:49,-18.8,-21.2,1.0,4.0,27.0
2026-08-12 11:23:49,-19.0,-21.4,1.0,4.0,27.0
2026-08-12 11:22:49,-19.1,-21.5,1.0,4.0,27.0
2026-08-12 11:21:49,-19.3,-21.8,2.0,4.0,27.0
2026-08-12 11:20:49,-19.5,-22.0,2.0,5.0,27.0
2026-08-12 11:19:49,-19.7,-22.3,3.0,5.0,26.0
2026-08-12 11:18:49,-19.9,-22.5,3.0,5.0,26.0
2026-08-12 11:17:49,-20.0,-22.8,4.0,5.0,26.0
2026-08-12 11:16:49,-20.0,-23.0,6.0,5.0,26.0
2026-08-12 11:15:49,-19.9,-23.1,5.0,5.0,26.0
2026-08-12 11:14:49,-19.9,-23.1,5.0,5.0,26.0
2026-08-12 11:13:49,-19.9,-23.0,5.0,5.0,26.0
2026-08-12 11:12:49,-19.8,-23.0,5.0,5.0,26.0
2026-08-12 11:11:49,-19.8,-22.9,5.0,5.0,26.0
2026-08-12 11:10:49,-19.7,-22.9,4.0,5.0,26.0
2026-08-12 11:09:49,-19.7,-22.9,4.0,5.0,26.0
2026-08-12 11:08:49,-19.6,-22.8,4.0,5.0,26.0
2026-08-12 11:07:49,-19.6,-22.8,4.0,5.0,26.0
2026-08-12 11:06:49,-19.6,-22.7,4.0,5.0,26.0
2026-08-12 11:05:49,-19.5,-22.7,4.0,5.0,26.0
2026-08-12 11:04:49,-19.5,-22.6,4.0,5.0,26.0
2026-08-12 11:03:49,-19.4,-22.6,4.0,5.0,26.0
2026-08-12 11:02:49,-19.4,-22.6,4.0,5.0,26.0
2026-08-12 11:01:49,-19.3,-22.5,4.0,5.0,26.0
2026-08-12 11:00:49,-19.2,-22.4,4.0,5.0,26.0
2026-08-12 10:59:49,-19.2,-22.4,3.0,5.0,26.0
2026-08-12 10:58:49,-19.1,-22.3,3.0,5.0,26.0
2026-08-12 10:57:49,-19.1,-22.2,3.0,5.0,26.0
2026-08-12 10:56:49,-19.0,-22.1,3.0,5.0,26.0
2026-08-12 10:55:49,-19.0,-22.0,3.0,5.0,26.0
2026-08-12 10:54:49,-18.9,-22.0,3.0,5.0,26.0
2026-08-12 10:53:49,-18.9,-21.9,3.0,5.0,26.0
2026-08-12 10:52:49,-18.8,-21.8,2.0,5.0,26.0
2026-08-12 10:51:49,-18.9,-21.7,2.0,4.0,26.0
2026-08-12 10:50:49,-18.9,-21.6,1.0,4.0,27.0
2026-08-12 10:49:49,-19.1,-21.7,1.0,4.0,26.0
2026-08-12 10:48:49,-19.3,-21.8,1.0,4.0,26.0
2026-08-12 10:47:49,-19.5,-22.0,1.0,4.0,26.0
2026-08-12 10:46:49,-19.6,-22.2,2.0,4.0,26.0
2026-08-12 10:45:49,-19.8,-22.4,2.0,5.0,26.0
2026-08-12 10:44:49,-19.9,-22.6,3.0,5.0,26.0
2026-08-12 10:43:49,-20.0,-22.9,4.0,5.0,26.0
2026-08-12 10:42:49,-19.9,-23.0,5.0,5.0,26.0
2026-08-12 10:41:49,-19.9,-23.1,5.0,5.0,26.0
2026-08-12 10:40:49,-19.8,-23.0,5.0,5.0,26.0
2026-08-12 10:39:49,-19.8,-23.0,5.0,5.0,26.0
2026-08-12 10:38:49,-19.8,-22.9,5.0,5.0,26.0
2026-08-12 10:37:49,-19.8,-22.9,5.0,5.0,26.0
2026-08-12 10:36:49,-19.7,-22.9,4.0,5.0,26.0
2026-08-12 10:35:49,-19.7,-22.8,4.0,5.0,26.0
2026-08-12 10:34:49,-19.6,-22.8,4.0,5.0,26.0
2026-08-12 10:33:49,-19.6,-22.8,4.0,5.0,26.0
2026-08-12 10:32:49,-19.6,-22.7,4.0,5.0,26.0
2026-08-12 10:31:49,-19.5,-22.7,4.0,5.0,26.0
2026-08-12 10:30:49,-19.5,-22.6,4.0,5.0,26.0
2026-08-12 10:29:49,-19.4,-22.6,4.0,5.0,26.0
2026-08-12 10:28:49,-19.4,-22.5,4.0,5.0,26.0
2026-08-12 10:27:49,-19.3,-22.5,4.0,5.0,26.0
2026-08-12 10:26:49,-19.3,-22.4,4.0,5.0,26.0
2026-08-12 10:25:49,-19.2,-22.3,4.0,5.0,27.0
2026-08-12 10:24:49,-19.2,-22.3,3.0,5.0,26.0
2026-08-12 10:23:49,-19.1,-22.2,3.0,5.0,25.0
2026-08-12 10:22:49,-19.0,-22.1,3.0,5.0,26.0
2026-08-12 10:21:49,-18.9,-22.0,3.0,5.0,26.0
2026-08-12 10:20:49,-18.9,-21.9,3.0,5.0,26.0
2026-08-12 10:19:49,-18.9,-21.9,3.0,5.0,26.0
2026-08-12 10:18:49,-18.8,-21.8,2.0,5.0,26.0
2026-08-12 10:17:49,-18.9,-21.7,2.0,5.0,27.0
2026-08-12 10:16:49,-19.0,-21.7,1.0,4.0,27.0
2026-08-12 10:15:49,-19.2,-21.7,1.0,4.0,27.0
2026-08-12 10:14:49,-19.4,-21.8,1.0,4.0,26.0
2026-08-12 10:13:49,-19.5,-22.0,1.0,4.0,26.0
2026-08-12 10:12:49,-19.7,-22.2,2.0,4.0,27.0
2026-08-12 10:11:49,-19.8,-22.5,2.0,5.0,26.0
2026-08-12 10:10:49,-20.0,-22.7,3.0,5.0,26.0
2026-08-12 10:09:49,-20.0,-22.9,4.0,5.0,26.0
2026-08-12 10:08:49,-19.9,-23.0,5.0,5.0,27.0
2026-08-12 10:07:49,-19.9,-23.0,5.0,5.0,27.0
2026-08-12 10:06:49,-19.8,-23.0,5.0,5.0,27.0
2026-08-12 10:05:49,-19.8,-22.9,5.0,5.0,26.0
2026-08-12 10:04:49,-19.7,-22.9,5.0,5.0,26.0
2026-08-12 10:03:49,-19.7,-22.9,5.0,5.0,26.0
2026-08-12 10:02:49,-19.7,-22.8,4.0,5.0,26.0
2026-08-12 10:01:49,-19.7,-22.8,4.0,5.0,26.0
2026-08-12 10:00:49,-19.6,-22.8,4.0,5.0,26.0
2026-08-12 09:59:49,-19.6,-22.7,4.0,5.0,26.0
2026-08-12 09:58:49,-19.5,-22.6,4.0,5.0,26.0
2026-08-12 09:57:49,-19.5,-22.6,4.0,5.0,26.0
2026-08-12 09:56:49,-19.4,-22.6,4.0,5.0,26.0
2026-08-12 09:55:49,-19.4,-22.5,4.0,5.0,26.0
2026-08-12 09:54:49,-19.3,-22.5,4.0,5.0,26.0
2026-08-12 09:53:49,-19.3,-22.4,4.0,5.0,26.0
2026-08-12 09:52:49,-19.2,-22.3,4.0,5.0,26.0
2026-08-12 09:51:49,-19.1,-22.3,4.0,5.0,27.0
2026-08-12 09:50:49,-19.1,-22.2,3.0,5.0,26.0
2026-08-12 09:49:49,-19.1,-22.2,3.0,5.0,26.0
2026-08-12 09:48:49,-19.0,-22.1,3.0,5.0,26.0
2026-08-12 09:47:49,-18.9,-22.0,3.0,5.0,26.0
2026-08-12 09:46:49,-18.9,-21.9,3.0,5.0,27.0
2026-08-12 09:45:49,-18.8,-21.8,3.0,5.0,27.0
2026-08-12 09:44:49,-18.8,-21.7,2.0,5.0,27.0
2026-08-12 09:43:49,-18.9,-21.6,1.0,5.0,27.0
2026-08-12 09:42:49,-19.0,-21.6,1.0,4.0,27.0
2026-08-12 09:41:49,-19.1,-21.6,1.0,4.0,27.0
2026-08-12 09:40:49,-19.3,-21.8,1.0,4.0,27.0
2026-08-12 09:39:49,-19.5,-22.0,1.0,4.0,27.0
2026-08-12 09:38:49,-19.7,-22.2,2.0,4.0,27.0
2026-08-12 09:37:49,-19.8,-22.4,2.0,5.0,27.0
2026-08-12 09:36:49,-19.9,-22.7,3.0,5.0,27.0
2026-08-12 09:35:49,-19.9,-22.9,4.0,5.0,27.0
2026-08-12 09:34:49,-19.8,-23.0,5.0,5.0,27.0
2026-08-12 09:33:49,-19.8,-22.9,5.0,5.0,26.0
2026-08-12 09:32:49,-19.8,-22.9,5.0,5.0,27.0
2026-08-12 09:31:49,-19.7,-22.9,5.0,5.0,26.0
2026-08-12 09:30:49,-19.7,-22.8,5.0,5.0,26.0
2026-08-12 09:29:49,-19.6,-22.8,5.0,5.0,27.0
2026-08-12 09:28:49,-19.6,-22.7,4.0,5.0,27.0
2026-08-12 09:27:49,-19.6,-22.7,5.0,5.0,27.0
2026-08-12 09:26:49,-19.6,-22.7,4.0,5.0,27.0
2026-08-12 09:25:49,-19.5,-22.6,4.0,5.0,26.0
2026-08-12 09:24:49,-19.5,-22.6,4.0,5.0,26.0
2026-08-12 09:23:49,-19.4,-22.5,4.0,5.0,26.0
2026-08-12 09:22:49,-19.4,-22.5,4.0,5.0,27.0
2026-08-12 09:21:49,-19.3,-22.4,4.0,5.0,27.0
2026-08-12 09:20:49,-19.3,-22.4,4.0,5.0,27.0
2026-08-12 09:19:49,-19.2,-22.3,4.0,5.0,27.0
2026-08-12 09:18:49,-19.2,-22.3,4.0,5.0,27.0
2026-08-12 09:17:49,-19.1,-22.3,4.0,5.0,27.0
2026-08-12 09:16:49,-19.0,-22.1,3.0,5.0,27.0
2026-08-12 09:15:49,-19.0,-22.1,3.0,5.0,26.0
2026-08-12 09:14:49,-18.9,-21.9,3.0,5.0,26.0
2026-08-12 09:13:49,-18.9,-21.9,3.0,5.0,27.0
2026-08-12 09:12:49,-18.8,-21.8,3.0,5.0,27.0
2026-08-12 09:11:49,-18.8,-21.7,2.0,5.0,27.0
2026-08-12 09:10:49,-18.8,-21.6,2.0,4.0,27.0
2026-08-12 09:09:49,-18.8,-21.5,1.0,4.0,27.0
2026-08-12 09:08:49,-18.9,-21.5,1.0,4.0,27.0
2026-08-12 09:07:49,-19.1,-21.6,1.0,4.0,27.0
2026-08-12 09:06:49,-19.3,-21.8,1.0,4.0,27.0
2026-08-12 09:05:49,-19.5,-22.0,2.0,4.0,27.0
2026-08-12 09:04:49,-19.6,-22.2,2.0,5.0,27.0
2026-08-12 09:03:49,-19.8,-22.5,3.0,5.0,27.0
2026-08-12 09:02:49,-19.9,-22.7,4.0,5.0,27.0
2026-08-12 09:01:49,-19.9,-22.8,5.0,5.0,27.0
2026-08-12 09:00:49,-19.8,-22.9,5.0,5.0,27.0
2026-08-12 08:59:49,-19.8,-22.9,5.0,5.0,27.0
2026-08-12 08:58:49,-19.7,-22.9,5.0,5.0,27.0
2026-08-12 08:57:49,-19.7,-22.8,5.0,5.0,27.0
2026-08-12 08:56:49,-19.6,-22.8,5.0,5.0,27.0
2026-08-12 08:55:49,-19.6,-22.7,5.0,5.0,27.0
2026-08-12 08:54:49,-19.6,-22.7,5.0,5.0,27.0
2026-08-12 08:53:49,-19.5,-22.7,5.0,5.0,27.0
2026-08-12 08:52:49,-19.5,-22.6,4.0,5.0,27.0
2026-08-12 08:51:49,-19.5,-22.6,4.0,5.0,27.0
2026-08-12 08:50:49,-19.4,-22.5,4.0,5.0,27.0
2026-08-12 08:49:49,-19.4,-22.5,4.0,5.0,27.0
2026-08-12 08:48:49,-19.3,-22.5,4.0,5.0,27.0
2026-08-12 08:47:49,-19.3,-22.4,4.0,5.0,27.0
2026-08-12 08:46:49,-19.2,-22.3,4.0,5.0,27.0
2026-08-12 08:45:49,-19.1,-22.3,4.0,5.0,27.0
2026-08-12 08:44:49,-19.1,-22.2,4.0,5.0,27.0
2026-08-12 08:43:49,-19.0,-22.1,4.0,5.0,27.0
2026-08-12 08:42:49,-19.0,-22.1,3.0,5.0,27.0
2026-08-12 08:41:49,-18.9,-22.0,3.0,5.0,27.0
2026-08-12 08:40:49,-18.8,-21.9,3.0,5.0,27.0
2026-08-12 08:39:49,-18.8,-21.8,3.0,5.0,26.0
2026-08-12 08:38:49,-18.7,-21.7,3.0,5.0,26.0
2026-08-12 08:37:49,-18.8,-21.7,2.0,5.0,27.0
2026-08-12 08:36:49,-18.8,-21.5,2.0,4.0,27.0
2026-08-12 08:35:49,-18.9,-21.5,1.0,4.0,27.0
2026-08-12 08:34:49,-19.1,-21.5,1.0,4.0,27.0
2026-08-12 08:33:49,-19.3,-21.7,1.0,4.0,27.0
2026-08-12 08:32:49,-19.5,-21.9,2.0,4.0,27.0
2026-08-12 08:31:49,-19.6,-22.1,2.0,4.0,27.0
2026-08-12 08:30:49,-19.7,-22.4,3.0,5.0,27.0
2026-08-12 08:29:49,-19.8,-22.6,3.0,5.0,27.0
2026-08-12 08:28:49,-19.9,-22.8,4.0,5.0,27.0
2026-08-12 08:27:49,-19.8,-22.9,5.0,5.0,27.0
2026-08-12 08:26:49,-19.7,-22.8,5.0,5.0,26.0
2026-08-12 08:25:49,-19.7,-22.8,5.0,5.0,27.0
2026-08-12 08:24:49,-19.6,-22.8,5.0,5.0,27.0
2026-08-12 08:23:49,-19.6,-22.7,5.0,5.0,27.0
2026-08-12 08:22:49,-19.6,-22.7,5.0,5.0,27.0
2026-08-12 08:21:49,-19.6,-22.7,5.0,5.0,27.0
2026-08-12 08:20:49,-19.5,-22.7,5.0,5.0,27.0
2026-08-12 08:19:49,-19.4,-22.6,4.0,5.0,26.0
2026-08-12 08:18:49,-19.4,-22.5,4.0,5.0,27.0
2026-08-12 08:17:49,-19.4,-22.5,4.0,5.0,27.0
2026-08-12 08:16:49,-19.3,-22.5,4.0,5.0,27.0
2026-08-12 08:15:49,-19.3,-22.4,4.0,5.0,27.0
2026-08-12 08:14:49,-19.2,-22.4,4.0,5.0,27.0
2026-08-12 08:13:49,-19.2,-22.3,4.0,5.0,26.0
2026-08-12 08:12:49,-19.1,-22.3,4.0,5.0,26.0
2026-08-12 08:11:49,-19.1,-22.2,4.0,5.0,27.0
2026-08-12 08:10:49,-19.0,-22.1,4.0,5.0,27.0
2026-08-12 08:09:49,-18.9,-22.0,3.0,5.0,27.0
2026-08-12 08:08:49,-18.9,-21.9,3.0,5.0,27.0
2026-08-12 08:07:49,-18.8,-21.8,3.0,5.0,27.0
2026-08-12 08:06:49,-18.8,-21.8,3.0,5.0,27.0
2026-08-12 08:05:49,-18.7,-21.7,3.0,5.0,27.0
2026-08-12 08:04:49,-18.7,-21.6,2.0,5.0,27.0
2026-08-12 08:03:49,-18.7,-21.5,2.0,5.0,27.0
2026-08-12 08:02:49,-18.8,-21.5,1.0,4.0,27.0
2026-08-12 08:01:49,-19.0,-21.5,1.0,4.0,27.0
2026-08-12 08:00:49,-19.2,-21.6,1.0,4.0,27.0
2026-08-12 07:59:49,-19.4,-21.8,2.0,4.0,27.0
2026-08-12 07:58:49,-19.5,-22.1,2.0,4.0,27.0
2026-08-12 07:57:49,-19.7,-22.3,2.0,5.0,26.0
2026-08-12 07:56:49,-19.8,-22.5,3.0,5.0,26.0
2026-08-12 07:55:49,-19.8,-22.7,4.0,5.0,27.0
2026-08-12 07:54:49,-19.7,-22.9,5.0,5.0,27.0
2026-08-12 07:53:49,-19.7,-22.8,5.0,5.0,27.0
2026-08-12 07:52:49,-19.7,-22.8,5.0,5.0,27.0
2026-08-12 07:51:49,-19.6,-22.7,5.0,5.0,26.0
2026-08-12 07:50:49,-19.6,-22.7,5.0,5.0,26.0
2026-08-12 07:49:49,-19.6,-22.6,5.0,5.0,27.0
2026-08-12 07:48:49,-19.5,-22.6,5.0,5.0,27.0
2026-08-12 07:47:49,-19.5,-22.6,5.0,5.0,27.0
2026-08-12 07:46:49,-19.4,-22.6,5.0,5.0,27.0
2026-08-12 07:45:49,-19.4,-22.5,4.0,5.0,27.0
2026-08-12 07:44:49,-19.4,-22.4,4.0,5.0,27.0
2026-08-12 07:43:49,-19.3,-22.4,4.0,5.0,27.0
2026-08-12 07:42:49,-19.3,-22.4,4.0,5.0,27.0
2026-08-12 07:41:49,-19.2,-22.3,4.0,5.0,27.0
2026-08-12 07:40:49,-19.1,-22.3,4.0,5.0,27.0
2026-08-12 07:39:49,-19.1,-22.2,4.0,5.0,27.0
2026-08-12 07:38:49,-19.0,-22.1,4.0,5.0,27.0
2026-08-12 07:37:49,-18.9,-22.1,4.0,5.0,27.0
2026-08-12 07:36:49,-18.9,-22.0,3.0,5.0,27.0
2026-08-12 07:35:49,-18.8,-21.9,3.0,5.0,27.0
2026-08-12 07:34:49,-18.8,-21.8,3.0,5.0,27.0
2026-08-12 07:33:49,-18.7,-21.7,3.0,5.0,27.0
2026-08-12 07:32:49,-18.6,-21.6,3.0,5.0,27.0
2026-08-12 07:31:49,-18.6,-21.5,2.0,5.0,27.0
2026-08-12 07:30:49,-18.7,-21.4,2.0,5.0,27.0
2026-08-12 07:29:49,-18.7,-21.4,1.0,4.0,27.0
2026-08-12 07:28:49,-18.9,-21.4,1.0,4.0,27.0
2026-08-12 07:27:49,-19.1,-21.5,1.0,4.0,27.0
2026-08-12 07:26:49,-19.3,-21.8,2.0,4.0,27.0
2026-08-12 07:25:49,-19.5,-22.0,2.0,4.0,27.0
2026-08-12 07:24:49,-19.6,-22.2,2.0,5.0,27.0
2026-08-12 07:23:49,-19.7,-22.4,3.0,5.0,27.0
2026-08-12 07:22:49,-19.8,-22.6,4.0,5.0,27.0
2026-08-12 07:21:49,-19.7,-22.8,5.0,5.0,27.0
2026-08-12 07:20:49,-19.7,-22.8,5.0,5.0,27.0
2026-08-12 07:19:49,-19.6,-22.7,5.0,5.0,26.0
2026-08-12 07:18:49,-19.6,-22.7,5.0,5.0,26.0
2026-08-12 07:17:49,-19.6,-22.6,5.0,5.0,26.0
2026-08-12 07:16:49,-19.5,-22.6,5.0,5.0,26.0
2026-08-12 07:15:49,-19.5,-22.6,5.0,5.0,27.0
2026-08-12 07:14:49,-19.4,-22.6,5.0,5.0,27.0
2026-08-12 07:13:49,-19.4,-22.5,5.0,5.0,26.0
2026-08-12 07:12:49,-19.3,-22.4,4.0,5.0,26.0
2026-08-12 07:11:49,-19.3,-22.4,4.0,5.0,27.0
2026-08-12 07:10:49,-19.2,-22.4,4.0,5.0,27.0
2026-08-12 07:09:49,-19.2,-22.3,4.0,5.0,27.0
2026-08-12 07:08:49,-19.1,-22.3,4.0,5.0,26.0
2026-08-12 07:07:49,-19.1,-22.2,3.0,5.0,27.0
2026-08-12 07:06:49,-19.0,-22.1,4.0,5.0,27.0
2026-08-12 07:05:49,-19.0,-22.0,4.0,5.0,27.0
2026-08-12 07:04:49,-18.9,-22.0,4.0,5.0,27.0
2026-08-12 07:03:49,-18.9,-22.0,4.0,5.0,27.0
2026-08-12 07:02:49,-18.8,-21.9,3.0,5.0,27.0
2026-08-12 07:01:49,-18.7,-21.8,3.0,5.0,27.0
2026-08-12 07:00:49,-18.7,-21.7,3.0,5.0,27.0
2026-08-12 06:59:49,-18.6,-21.6,3.0,5.0,27.0
2026-08-12 06:58:49,-18.6,-21.5,2.0,5.0,27.0
2026-08-12 06:57:49,-18.6,-21.4,2.0,5.0,27.0
2026-08-12 06:56:49,-18.7,-21.4,2.0,4.0,27.0
2026-08-12 06:55:49,-18.9,-21.4,1.0,4.0,27.0
2026-08-12 06:54:49,-19.1,-21.6,1.0,4.0,27.0
2026-08-12 06:53:49,-19.3,-21.7,2.0,4.0,27.0
2026-08-12 06:52:49,-19.4,-21.9,2.0,5.0,27.0
2026-08-12 06:51:49,-19.6,-22.2,3.0,5.0,27.0
2026-08-12 06:50:49,-19.7,-22.4,4.0,5.0,27.0
2026-08-12 06:49:49,-19.7,-22.6,5.0,5.0,27.0
2026-08-12 06:48:49,-19.6,-22.7,5.0,5.0,27.0
2026-08-12 06:47:49,-19.6,-22.7,5.0,5.0,27.0
2026-08-12 06:46:49,-19.6,-22.7,5.0,5.0,27.0
2026-08-12 06:45:49,-19.5,-22.6,5.0,5.0,27.0
2026-08-12 06:44:49,-19.5,-22.6,5.0,5.0,27.0
2026-08-12 06:43:49,-19.4,-22.5,5.0,5.0,27.0
2026-08-12 06:42:49,-19.4,-22.5,5.0,5.0,27.0
2026-08-12 06:41:49,-19.4,-22.5,5.0,5.0,27.0
2026-08-12 06:40:49,-19.3,-22.4,5.0,5.0,27.0
2026-08-12 06:39:49,-19.3,-22.4,5.0,5.0,27.0
2026-08-12 06:38:49,-19.2,-22.3,4.0,5.0,27.0
2026-08-12 06:37:49,-19.2,-22.3,4.0,5.0,27.0
2026-08-12 06:36:49,-19.1,-22.2,4.0,5.0,27.0
2026-08-12 06:35:49,-19.1,-22.2,4.0,5.0,28.0
2026-08-12 06:34:49,-19.0,-22.1,4.0,5.0,27.0
2026-08-12 06:33:49,-19.0,-22.0,4.0,5.0,27.0
2026-08-12 06:32:49,-18.9,-22.0,4.0,5.0,27.0
2026-08-12 06:31:49,-18.8,-21.9,4.0,5.0,27.0
2026-08-12 06:30:49,-18.8,-21.8,4.0,5.0,27.0
2026-08-12 06:29:49,-18.7,-21.8,3.0,5.0,27.0
2026-08-12 06:28:49,-18.7,-21.7,3.0,5.0,27.0
2026-08-12 06:27:49,-18.6,-21.6,3.0,5.0,27.0
2026-08-12 06:26:49,-18.6,-21.5,3.0,5.0,27.0
2026-08-12 06:25:49,-18.6,-21.5,2.0,5.0,27.0
2026-08-12 06:24:49,-18.6,-21.4,2.0,4.0,27.0
2026-08-12 06:23:49,-18.7,-21.3,2.0,4.0,27.0
2026-08-12 06:22:49,-18.9,-21.3,1.0,4.0,27.0
2026-08-12 06:21:49,-19.1,-21.5,2.0,4.0,27.0
2026-08-12 06:20:49,-19.3,-21.7,2.0,4.0,27.0
2026-08-12 06:19:49,-19.4,-21.9,2.0,4.0,27.0
2026-08-12 06:18:49,-19.6,-22.2,3.0,5.0,28.0
2026-08-12 06:17:49,-19.6,-22.4,4.0,5.0,27.0
2026-08-12 06:16:49,-19.7,-22.6,5.0,5.0,27.0
2026-08-12 06:15:49,-19.6,-22.7,5.0,5.0,27.0
2026-08-12 06:14:49,-19.6,-22.7,5.0,5.0,28.0
2026-08-12 06:13:49,-19.5,-22.6,5.0,5.0,27.0
2026-08-12 06:12:49,-19.5,-22.6,5.0,5.0,27.0
2026-08-12 06:11:49,-19.4,-22.6,5.0,5.0,27.0
2026-08-12 06:10:49,-19.4,-22.5,5.0,5.0,27.0
2026-08-12 06:09:49,-19.4,-22.5,5.0,5.0,27.0
2026-08-12 06:08:49,-19.3,-22.5,5.0,5.0,27.0
2026-08-12 06:07:49,-19.3,-22.4,5.0,5.0,27.0
2026-08-12 06:06:49,-19.3,-22.3,5.0,5.0,27.0
2026-08-12 06:05:49,-19.2,-22.3,4.0,5.0,27.0
2026-08-12 06:04:49,-19.2,-22.3,4.0,5.0,27.0
2026-08-12 06:03:49,-19.1,-22.2,4.0,5.0,27.0
2026-08-12 06:02:49,-19.0,-22.1,4.0,5.0,27.0
2026-08-12 06:01:49,-19.0,-22.1,4.0,5.0,27.0
2026-08-12 06:00:49,-18.9,-22.0,4.0,5.0,27.0
2026-08-12 05:59:49,-18.8,-21.9,4.0,5.0,27.0
2026-08-12 05:58:49,-18.8,-21.9,4.0,5.0,27.0
2026-08-12 05:57:49,-18.7,-21.8,4.0,5.0,27.0
2026-08-12 05:56:49,-18.7,-21.7,3.0,5.0,27.0
2026-08-12 05:55:49,-18.6,-21.6,3.0,5.0,27.0
2026-08-12 05:54:49,-18.5,-21.5,3.0,5.0,27.0
2026-08-12 05:53:49,-18.5,-21.4,3.0,5.0,28.0
2026-08-12 05:52:49,-18.5,-21.4,2.0,5.0,27.0
2026-08-12 05:51:49,-18.5,-21.3,1.0,4.0,28.0
2026-08-12 05:50:49,-18.7,-21.2,1.0,4.0,27.0
2026-08-12 05:49:49,-18.9,-21.3,1.0,4.0,27.0
2026-08-12 05:48:49,-19.1,-21.5,2.0,4.0,27.0
2026-08-12 05:47:49,-19.2,-21.7,2.0,4.0,27.0
2026-08-12 05:46:49,-19.4,-21.9,2.0,4.0,28.0
2026-08-12 05:45:49,-19.5,-22.2,3.0,5.0,27.0
2026-08-12 05:44:49,-19.6,-22.4,4.0,5.0,27.0
2026-08-12 05:43:49,-19.6,-22.6,5.0,5.0,27.0
2026-08-12 05:42:49,-19.5,-22.7,5.0,5.0,27.0
2026-08-12 05:41:49,-19.5,-22.6,5.0,5.0,27.0
2026-08-12 05:40:49,-19.5,-22.6,5.0,5.0,27.0
2026-08-12 05:39:49,-19.4,-22.5,5.0,5.0,27.0
2026-08-12 05:38:49,-19.4,-22.5,5.0,5.0,27.0
2026-08-12 05:37:49,-19.4,-22.4,5.0,5.0,27.0
2026-08-12 05:36:49,-19.3,-22.4,5.0,5.0,27.0
2026-08-12 05:35:49,-19.3,-22.4,5.0,5.0,27.0
2026-08-12 05:34:49,-19.2,-22.3,5.0,5.0,27.0
2026-08-12 05:33:49,-19.2,-22.3,4.0,5.0,27.0
2026-08-12 05:32:49,-19.2,-22.2,4.0,5.0,27.0
2026-08-12 05:31:49,-19.1,-22.2,4.0,5.0,27.0
2026-08-12 05:30:49,-19.0,-22.1,4.0,5.0,27.0
2026-08-12 05:29:49,-19.0,-22.1,4.0,5.0,27.0
2026-08-12 05:28:49,-18.9,-22.0,4.0,5.0,27.0
2026-08-12 05:27:49,-18.9,-21.9,4.0,5.0,27.0
2026-08-12 05:26:49,-18.8,-21.9,4.0,5.0,27.0
2026-08-12 05:25:49,-18.7,-21.8,4.0,5.0,27.0
2026-08-12 05:24:49,-18.7,-21.7,4.0,5.0,27.0
2026-08-12 05:23:49,-18.6,-21.6,3.0,5.0,27.0
2026-08-12 05:22:49,-18.5,-21.5,3.0,5.0,27.0
2026-08-12 05:21:49,-18.5,-21.5,3.0,5.0,27.0
2026-08-12 05:20:49,-18.4,-21.4,3.0,5.0,27.0
2026-08-12 05:19:49,-18.5,-21.3,2.0,5.0,27.0
2026-08-12 05:18:49,-18.5,-21.2,2.0,4.0,27.0
2026-08-12 05:17:49,-18.7,-21.2,1.0,4.0,27.0
2026-08-12 05:16:49,-18.9,-21.3,1.0,4.0,27.0
2026-08-12 05:15:49,-19.1,-21.5,2.0,4.0,27.0
2026-08-12 05:14:49,-19.3,-21.7,2.0,4.0,27.0
2026-08-12 05:13:49,-19.4,-21.9,2.0,4.0,28.0
2026-08-12 05:12:49,-19.5,-22.2,3.0,5.0,27.0
2026-08-12 05:11:49,-19.6,-22.4,4.0,5.0,27.0
2026-08-12 05:10:49,-19.6,-22.6,5.0,5.0,27.0
2026-08-12 05:09:49,-19.5,-22.6,5.0,5.0,27.0
2026-08-12 05:08:49,-19.5,-22.6,5.0,5.0,27.0
2026-08-12 05:07:49,-19.5,-22.5,5.0,5.0,27.0
2026-08-12 05:06:49,-19.4,-22.5,5.0,5.0,27.0
2026-08-12 05:05:49,-19.4,-22.4,5.0,5.0,27.0
2026-08-12 05:04:49,-19.3,-22.4,5.0,5.0,27.0
2026-08-12 05:03:49,-19.3,-22.4,5.0,5.0,27.0
2026-08-12 05:02:49,-19.2,-22.3,5.0,5.0,27.0
2026-08-12 05:01:49,-19.2,-22.3,5.0,5.0,28.0
2026-08-12 05:00:49,-19.2,-22.2,4.0,5.0,27.0
2026-08-12 04:59:49,-19.1,-22.2,4.0,5.0,27.0
2026-08-12 04:58:49,-19.1,-22.2,4.0,5.0,27.0
2026-08-12 04:57:49,-19.0,-22.1,4.0,5.0,27.0
2026-08-12 04:56:49,-18.9,-22.0,4.0,5.0,27.0
2026-08-12 04:55:49,-18.9,-21.9,4.0,5.0,28.0
2026-08-12 04:54:49,-18.8,-21.9,4.0,5.0,27.0
2026-08-12 04:53:49,-18.7,-21.8,4.0,5.0,27.0
2026-08-12 04:52:49,-18.7,-21.7,4.0,5.0,27.0
2026-08-12 04:51:49,-18.6,-21.7,4.0,5.0,27.0
2026-08-12 04:50:49,-18.5,-21.6,3.0,5.0,27.0
2026-08-12 04:49:49,-18.5,-21.5,3.0,5.0,27.0
2026-08-12 04:48:49,-18.4,-21.4,3.0,5.0,27.0
2026-08-12 04:47:49,-18.4,-21.3,2.0,5.0,27.0
2026-08-12 04:46:49,-18.5,-21.3,2.0,5.0,27.0
2026-08-12 04:45:49,-18.5,-21.2,2.0,4.0,27.0
2026-08-12 04:44:49,-18.7,-21.2,1.0,4.0,27.0
2026-08-12 04:43:49,-18.9,-21.3,1.0,4.0,28.0
2026-08-12 04:42:49,-19.1,-21.5,2.0,4.0,27.0
2026-08-12 04:41:49,-19.3,-21.8,2.0,4.0,27.0
2026-08-12 04:40:49,-19.4,-22.0,3.0,5.0,27.0
2026-08-12 04:39:49,-19.5,-22.2,3.0,5.0,27.0
2026-08-12 04:38:49,-19.6,-22.4,4.0,5.0,27.0
2026-08-12 04:37:49,-19.5,-22.6,5.0,5.0,28.0
2026-08-12 04:36:49,-19.4,-22.6,5.0,5.0,27.0
2026-08-12 04:35:49,-19.4,-22.5,5.0,5.0,27.0
2026-08-12 04:34:49,-19.4,-22.5,5.0,5.0,27.0
2026-08-12 04:33:49,-19.3,-22.4,5.0,5.0,27.0
2026-08-12 04:32:49,-19.3,-22.4,5.0,5.0,27.0
2026-08-12 04:31:49,-19.3,-22.4,5.0,5.0,27.0
2026-08-12 04:30:49,-19.2,-22.3,5.0,5.0,27.0
2026-08-12 04:29:49,-19.2,-22.3,5.0,5.0,27.0
2026-08-12 04:28:49,-19.1,-22.2,5.0,5.0,27.0
2026-08-12 04:27:49,-19.1,-22.2,4.0,5.0,27.0
2026-08-12 04:26:49,-19.0,-22.2,4.0,5.0,27.0
2026-08-12 04:25:49,-19.0,-22.1,4.0,5.0,27.0
2026-08-12 04:24:49,-18.9,-22.0,4.0,5.0,27.0
2026-08-12 04:23:49,-18.9,-21.9,4.0,5.0,27.0
2026-08-12 04:22:49,-18.8,-21.9,4.0,5.0,28.0
2026-08-12 04:21:49,-18.7,-21.8,4.0,5.0,27.0
2026-08-12 04:20:49,-18.7,-21.8,4.0,5.0,27.0
2026-08-12 04:19:49,-18.6,-21.6,4.0,5.0,27.0
2026-08-12 04:18:49,-18.5,-21.6,3.0,5.0,27.0
2026-08-12 04:17:49,-18.5,-21.5,3.0,5.0,27.0
2026-08-12 04:16:49,-18.4,-21.4,3.0,5.0,27.0
2026-08-12 04:15:49,-18.4,-21.3,3.0,5.0,27.0
2026-08-12 04:14:49,-18.4,-21.2,2.0,5.0,27.0
2026-08-12 04:13:49,-18.5,-21.2,2.0,4.0,27.0
2026-08-12 04:12:49,-18.6,-21.1,1.0,4.0,28.0
2026-08-12 04:11:49,-18.8,-21.2,1.0,4.0,27.0
2026-08-12 04:10:49,-18.9,-21.4,2.0,4.0,27.0
2026-08-12 04:09:49,-19.1,-21.6,2.0,4.0,27.0
2026-08-12 04:08:49,-19.3,-21.8,2.0,4.0,27.0
2026-08-12 04:07:49,-19.4,-22.0,3.0,5.0,28.0
2026-08-12 04:06:49,-19.5,-22.3,4.0,5.0,27.0
2026-08-12 04:05:49,-19.5,-22.5,5.0,5.0,27.0
2026-08-12 04:04:49,-19.5,-22.5,5.0,5.0,27.0
2026-08-12 04:03:49,-19.4,-22.5,5.0,5.0,27.0
2026-08-12 04:02:49,-19.4,-22.5,5.0,5.0,27.0
2026-08-12 04:01:49,-19.4,-22.4,5.0,5.0,27.0
2026-08-12 04:00:49,-19.3,-22.4,5.0,5.0,27.0
2026-08-12 03:59:49,-19.3,-22.4,5.0,5.0,27.0
2026-08-12 03:58:49,-19.2,-22.3,5.0,5.0,27.0
2026-08-12 03:57:49,-19.2,-22.3,5.0,5.0,27.0
2026-08-12 03:56:49,-19.1,-22.2,5.0,5.0,27.0
2026-08-12 03:55:49,-19.1,-22.2,4.0,5.0,27.0
2026-08-12 03:54:49,-19.0,-22.1,4.0,5.0,27.0
2026-08-12 03:53:49,-19.0,-22.1,4.0,5.0,27.0
2026-08-12 03:52:49,-18.9,-22.0,4.0,5.0,27.0
2026-08-12 03:51:49,-18.9,-21.9,4.0,5.0,27.0
2026-08-12 03:50:49,-18.8,-21.8,4.0,5.0,27.0
2026-08-12 03:49:49,-18.8,-21.8,4.0,5.0,27.0
2026-08-12 03:48:49,-18.7,-21.8,4.0,5.0,27.0
2026-08-12 03:47:49,-18.6,-21.7,4.0,5.0,28.0
2026-08-12 03:46:49,-18.6,-21.6,4.0,5.0,27.0
2026-08-12 03:45:49,-18.5,-21.5,3.0,5.0,27.0
2026-08-12 03:44:49,-18.4,-21.4,3.0,5.0,27.0
2026-08-12 03:43:49,-18.4,-21.3,3.0,5.0,27.0
2026-08-12 03:42:49,-18.4,-21.3,2.0,5.0,27.0
2026-08-12 03:41:49,-18.4,-21.2,2.0,5.0,27.0
2026-08-12 03:40:49,-18.5,-21.1,2.0,4.0,27.0
2026-08-12 03:39:49,-18.7,-21.1,1.0,4.0,27.0
2026-08-12 03:38:49,-18.9,-21.3,1.0,4.0,28.0
2026-08-12 03:37:49,-19.0,-21.4,2.0,4.0,27.0
2026-08-12 03:36:49,-19.2,-21.6,2.0,4.0,27.0
2026-08-12 03:35:49,-19.4,-21.9,3.0,5.0,27.0
2026-08-12 03:34:49,-19.4,-22.1,4.0,5.0,27.0
2026-08-12 03:33:49,-19.5,-22.3,4.0,5.0,27.0
2026-08-12 03:32:49,-19.4,-22.5,5.0,5.0,27.0
2026-08-12 03:31:49,-19.4,-22.5,5.0,5.0,27.0
2026-08-12 03:30:49,-19.3,-22.5,5.0,5.0,27.0
2026-08-12 03:29:49,-19.3,-22.4,5.0,5.0,27.0
2026-08-12 03:28:49,-19.3,-22.3,5.0,5.0,27.0
2026-08-12 03:27:49,-19.2,-22.3,5.0,5.0,27.0
2026-08-12 03:26:49,-19.2,-22.3,5.0,5.0,27.0
2026-08-12 03:25:49,-19.2,-22.2,5.0,5.0,27.0
2026-08-12 03:24:49,-19.1,-22.2,5.0,5.0,27.0
2026-08-12 03:23:49,-19.1,-22.1,5.0,5.0,27.0
2026-08-12 03:22:49,-19.0,-22.1,5.0,5.0,27.0
2026-08-12 03:21:49,-18.9,-22.0,4.0,5.0,27.0
2026-08-12 03:20:49,-18.9,-22.0,4.0,5.0,27.0
2026-08-12 03:19:49,-18.8,-21.9,4.0,5.0,27.0
2026-08-12 03:18:49,-18.8,-21.8,4.0,5.0,27.0
2026-08-12 03:17:49,-18.7,-21.8,4.0,5.0,27.0
2026-08-12 03:16:49,-18.6,-21.8,4.0,5.0,27.0
2026-08-12 03:15:49,-18.6,-21.6,4.0,5.0,28.0
2026-08-12 03:14:49,-18.5,-21.6,4.0,5.0,28.0
2026-08-12 03:13:49,-18.5,-21.5,3.0,5.0,27.0
2026-08-12 03:12:49,-18.4,-21.4,3.0,5.0,27.0
2026-08-12 03:11:49,-18.3,-21.4,3.0,5.0,27.0
2026-08-12 03:10:49,-18.3,-21.2,3.0,5.0,28.0
2026-08-12 03:09:49,-18.3,-21.1,2.0,5.0,28.0
2026-08-12 03:08:49,-18.4,-21.1,2.0,4.0,28.0
2026-08-12 03:07:49,-18.6,-21.1,1.0,4.0,28.0
2026-08-12 03:06:49,-18.8,-21.2,1.0,4.0,27.0
2026-08-12 03:05:49,-19.0,-21.4,2.0,4.0,27.0
2026-08-12 03:04:49,-19.2,-21.7,2.0,4.0,27.0
2026-08-12 03:03:49,-19.3,-21.9,3.0,5.0,27.0
2026-08-12 03:02:49,-19.4,-22.1,4.0,5.0,27.0
2026-08-12 03:01:49,-19.5,-22.3,4.0,5.0,28.0
2026-08-12 03:00:49,-19.4,-22.5,5.0,5.0,28.0
2026-08-12 02:59:49,-19.4,-22.4,5.0,5.0,27.0
2026-08-12 02:58:49,-19.3,-22.4,5.0,5.0,27.0
2026-08-12 02:57:49,-19.3,-22.4,5.0,5.0,27.0
2026-08-12 02:56:49,-19.2,-22.3,5.0,5.0,27.0
2026-08-12 02:55:49,-19.2,-22.3,5.0,5.0,27.0
2026-08-12 02:54:49,-19.2,-22.3,5.0,5.0,27.0
2026-08-12 02:53:49,-19.1,-22.2,5.0,5.0,27.0
2026-08-12 02:52:49,-19.0,-22.2,5.0,5.0,27.0
2026-08-12 02:51:49,-19.0,-22.1,5.0,5.0,27.0
2026-08-12 02:50:49,-19.0,-22.1,4.0,5.0,27.0
2026-08-12 02:49:49,-18.9,-22.1,4.0,5.0,27.0
2026-08-12 02:48:49,-18.9,-21.9,4.0,5.0,27.0
2026-08-12 02:47:49,-18.8,-21.9,4.0,5.0,27.0
2026-08-12 02:46:49,-18.7,-21.8,4.0,5.0,27.0
2026-08-12 02:45:49,-18.7,-21.8,4.0,5.0,27.0
2026-08-12 02:44:49,-18.6,-21.7,4.0,5.0,27.0
2026-08-12 02:43:49,-18.6,-21.6,4.0,5.0,28.0
2026-08-12 02:42:49,-18.5,-21.5,4.0,5.0,28.0
2026-08-12 02:41:49,-18.4,-21.5,3.0,5.0,28.0
2026-08-12 02:40:49,-18.4,-21.4,3.0,5.0,28.0
2026-08-12 02:39:49,-18.3,-21.3,3.0,5.0,28.0
2026-08-12 02:38:49,-18.3,-21.2,3.0,5.0,28.0
2026-08-12 02:37:49,-18.3,-21.1,2.0,5.0,28.0
2026-08-12 02:36:49,-18.4,-21.1,2.0,4.0,28.0
2026-08-12 02:35:49,-18.5,-21.0,1.0,4.0,28.0
2026-08-12 02:34:49,-18.7,-21.2,1.0,4.0,28.0
2026-08-12 02:33:49,-18.9,-21.3,2.0,4.0,27.0
2026-08-12 02:32:49,-19.1,-21.6,2.0,4.0,27.0
2026-08-12 02:31:49,-19.3,-21.8,2.0,4.0,27.0
2026-08-12 02:30:49,-19.4,-22.0,3.0,5.0,27.0
2026-08-12 02:29:49,-19.5,-22.2,4.0,5.0,27.0
2026-08-12 02:28:49,-19.4,-22.4,5.0,5.0,27.0
2026-08-12 02:27:49,-19.3,-22.4,5.0,5.0,27.0
2026-08-12 02:26:49,-19.3,-22.4,5.0,5.0,27.0
2026-08-12 02:25:49,-19.2,-22.4,5.0,5.0,27.0
2026-08-12 02:24:49,-19.2,-22.3,5.0,5.0,27.0
2026-08-12 02:23:49,-19.1,-22.2,5.0,5.0,28.0
2026-08-12 02:22:49,-19.1,-22.2,5.0,5.0,27.0
2026-08-12 02:21:49,-19.1,-22.2,5.0,5.0,27.0
2026-08-12 02:20:49,-19.0,-22.1,5.0,5.0,27.0
2026-08-12 02:19:49,-19.0,-22.0,5.0,5.0,27.0
2026-08-12 02:18:49,-19.0,-22.0,4.0,5.0,27.0
2026-08-12 02:17:49,-18.9,-22.0,4.0,5.0,28.0
2026-08-12 02:16:49,-18.8,-21.9,4.0,5.0,27.0
2026-08-12 02:15:49,-18.8,-21.9,4.0,5.0,27.0
2026-08-12 02:14:49,-18.7,-21.8,4.0,5.0,27.0
2026-08-12 02:13:49,-18.7,-21.7,4.0,5.0,27.0
2026-08-12 02:12:49,-18.6,-21.7,4.0,5.0,27.0
2026-08-12 02:11:49,-18.5,-21.6,4.0,5.0,27.0
2026-08-12 02:10:49,-18.4,-21.5,4.0,5.0,27.0
2026-08-12 02:09:49,-18.4,-21.4,3.0,5.0,27.0
2026-08-12 02:08:49,-18.3,-21.3,3.0,5.0,27.0
2026-08-12 02:07:49,-18.3,-21.3,3.0,5.0,27.0
2026-08-12 02:06:49,-18.3,-21.1,3.0,5.0,27.0
2026-08-12 02:05:49,-18.3,-21.1,2.0,5.0,28.0
2026-08-12 02:04:49,-18.4,-21.0,2.0,4.0,27.0
2026-08-12 02:03:49,-18.5,-21.0,1.0,4.0,27.0
2026-08-12 02:02:49,-18.7,-21.1,1.0,4.0,27.0
2026-08-12 02:01:49,-18.9,-21.3,2.0,4.0,27.0
2026-08-12 02:00:49,-19.1,-21.5,2.0,5.0,27.0
2026-08-12 01:59:49,-19.2,-21.7,2.0,5.0,27.0
2026-08-12 01:58:49,-19.3,-22.0,3.0,5.0,27.0
2026-08-12 01:57:49,-19.4,-22.2,4.0,5.0,27.0
2026-08-12 01:56:49,-19.4,-22.4,5.0,5.0,27.0
2026-08-12 01:55:49,-19.3,-22.4,5.0,5.0,27.0
2026-08-12 01:54:49,-19.2,-22.4,5.0,5.0,27.0
2026-08-12 01:53:49,-19.2,-22.3,5.0,5.0,27.0
2026-08-12 01:52:49,-19.2,-22.2,5.0,5.0,28.0
2026-08-12 01:51:49,-19.2,-22.2,5.0,5.0,27.0
2026-08-12 01:50:49,-19.1,-22.2,5.0,5.0,27.0
2026-08-12 01:49:49,-19.0,-22.2,5.0,5.0,28.0
2026-08-12 01:48:49,-19.0,-22.1,5.0,5.0,28.0
2026-08-12 01:47:49,-18.9,-22.0,5.0,5.0,28.0
2026-08-12 01:46:49,-18.9,-22.0,5.0,5.0,28.0
2026-08-12 01:45:49,-18.8,-22.0,4.0,5.0,28.0
2026-08-12 01:44:49,-18.8,-21.9,4.0,5.0,28.0
2026-08-12 01:43:49,-18.8,-21.8,4.0,5.0,27.0
2026-08-12 01:42:49,-18.7,-21.8,4.0,5.0,28.0
2026-08-12 01:41:49,-18.7,-21.7,4.0,5.0,28.0
2026-08-12 01:40:49,-18.6,-21.6,4.0,5.0,28.0
2026-08-12 01:39:49,-18.5,-21.6,4.0,5.0,28.0
2026-08-12 01:38:49,-18.4,-21.5,3.0,5.0,28.0
2026-08-12 01:37:49,-18.4,-21.4,3.0,5.0,28.0
2026-08-12 01:36:49,-18.4,-21.3,3.0,5.0,28.0
2026-08-12 01:35:49,-18.2,-21.3,3.0,5.0,28.0
2026-08-12 01:34:49,-18.2,-21.1,3.0,5.0,28.0
2026-08-12 01:33:49,-18.3,-21.0,2.0,5.0,28.0
2026-08-12 01:32:49,-18.3,-21.0,2.0,4.0,28.0
2026-08-12 01:31:49,-18.5,-21.0,1.0,4.0,28.0
2026-08-12 01:30:49,-18.7,-21.1,1.0,4.0,28.0
2026-08-12 01:29:49,-18.8,-21.3,2.0,4.0,28.0
2026-08-12 01:28:49,-19.0,-21.5,2.0,4.0,28.0
2026-08-12 01:27:49,-19.2,-21.7,3.0,5.0,28.0
2026-08-12 01:26:49,-19.3,-22.0,3.0,5.0,27.0
2026-08-12 01:25:49,-19.3,-22.1,4.0,5.0,28.0
2026-08-12 01:24:49,-19.3,-22.4,5.0,5.0,28.0
2026-08-12 01:23:49,-19.2,-22.4,5.0,5.0,28.0
2026-08-12 01:22:49,-19.2,-22.3,5.0,5.0,27.0
2026-08-12 01:21:49,-19.2,-22.2,5.0,5.0,27.0
2026-08-12 01:20:49,-19.1,-22.2,5.0,5.0,28.0
2026-08-12 01:19:49,-19.1,-22.2,5.0,5.0,28.0
2026-08-12 01:18:49,-19.1,-22.2,5.0,5.0,28.0
2026-08-12 01:17:49,-19.0,-22.1,5.0,5.0,27.0
2026-08-12 01:16:49,-19.0,-22.0,5.0,5.0,27.0
2026-08-12 01:15:49,-18.9,-22.0,5.0,5.0,28.0
2026-08-12 01:14:49,-18.9,-21.9,5.0,5.0,28.0
2026-08-12 01:13:49,-18.8,-21.9,4.0,5.0,27.0
2026-08-12 01:12:49,-18.8,-21.8,4.0,5.0,27.0
2026-08-12 01:11:49,-18.7,-21.8,4.0,5.0,27.0
2026-08-12 01:10:49,-18.6,-21.7,4.0,5.0,27.0
2026-08-12 01:09:49,-18.6,-21.7,4.0,5.0,27.0
2026-08-12 01:08:49,-18.5,-21.6,4.0,5.0,27.0
2026-08-12 01:07:49,-18.4,-21.5,4.0,5.0,27.0
2026-08-12 01:06:49,-18.4,-21.4,4.0,5.0,27.0
2026-08-12 01:05:49,-18.3,-21.3,3.0,5.0,27.0
2026-08-12 01:04:49,-18.2,-21.2,3.0,5.0,27.0
2026-08-12 01:03:49,-18.2,-21.1,3.0,5.0,27.0
2026-08-12 01:02:49,-18.2,-21.1,3.0,5.0,27.0
2026-08-12 01:01:49,-18.2,-21.0,2.0,5.0,27.0
2026-08-12 01:00:49,-18.3,-20.9,2.0,4.0,27.0
2026-08-12 00:59:49,-18.5,-21.0,1.0,4.0,28.0
2026-08-12 00:58:49,-18.7,-21.1,2.0,4.0,27.0
2026-08-12 00:57:49,-18.9,-21.3,2.0,4.0,27.0
2026-08-12 00:56:49,-19.0,-21.5,2.0,4.0,27.0
2026-08-12 00:55:49,-19.2,-21.8,3.0,5.0,27.0
2026-08-12 00:54:49,-19.3,-22.0,4.0,5.0,27.0
2026-08-12 00:53:49,-19.3,-22.2,5.0,5.0,27.0
2026-08-12 00:52:49,-19.2,-22.3,5.0,5.0,27.0
2026-08-12 00:51:49,-19.2,-22.3,5.0,5.0,27.0
2026-08-12 00:50:49,-19.2,-22.3,5.0,5.0,28.0
2026-08-12 00:49:49,-19.1,-22.2,5.0,5.0,28.0
2026-08-12 00:48:49,-19.1,-22.1,5.0,5.0,27.0
2026-08-12 00:47:49,-19.1,-22.1,5.0,5.0,27.0
2026-08-12 00:46:49,-19.0,-22.1,5.0,5.0,27.0
2026-08-12 00:45:49,-18.9,-22.0,5.0,5.0,27.0
2026-08-12 00:44:49,-18.9,-21.9,5.0,5.0,27.0
2026-08-12 00:43:49,-18.8,-21.9,4.0,5.0,27.0
2026-08-12 00:42:49,-18.8,-21.9,5.0,5.0,28.0
2026-08-12 00:41:49,-18.7,-21.8,4.0,5.0,28.0
2026-08-12 00:40:49,-18.6,-21.7,4.0,5.0,28.0
2026-08-12 00:39:49,-18.6,-21.6,4.0,5.0,28.0
2026-08-12 00:38:49,-18.5,-21.6,4.0,5.0,28.0
2026-08-12 00:37:49,-18.5,-21.6,4.0,5.0,28.0
2026-08-12 00:36:49,-18.4,-21.4,4.0,5.0,28.0
2026-08-12 00:35:49,-18.3,-21.4,3.0,5.0,28.0
2026-08-12 00:34:49,-18.2,-21.3,4.0,5.0,28.0
2026-08-12 00:33:49,-18.2,-21.2,3.0,5.0,27.0
2026-08-12 00:32:49,-18.1,-21.1,3.0,5.0,28.0
2026-08-12 00:31:49,-18.1,-21.0,3.0,5.0,28.0
2026-08-12 00:30:49,-18.1,-21.0,2.0,5.0,28.0
2026-08-12 00:29:49,-18.1,-20.9,2.0,4.0,28.0
2026-08-12 00:28:49,-18.2,-20.8,2.0,4.0,28.0
2026-08-12 00:27:49,-18.4,-20.8,1.0,4.0,28.0
2026-08-12 00:26:49,-18.6,-21.0,2.0,4.0,28.0
2026-08-12 00:25:49,-18.8,-21.2,2.0,4.0,28.0
2026-08-12 00:24:49,-18.9,-21.4,2.0,4.0,28.0
2026-08-12 00:23:49,-19.1,-21.7,3.0,5.0,28.0
2026-08-12 00:22:49,-19.2,-21.9,4.0,5.0,28.0
2026-08-12 00:21:49,-19.2,-22.1,5.0,5.0,28.0
2026-08-12 00:20:49,-19.2,-22.2,5.0,5.0,28.0
2026-08-12 00:19:49,-19.1,-22.2,5.0,5.0,28.0
2026-08-12 00:18:49,-19.0,-22.1,5.0,5.0,28.0
2026-08-12 00:17:49,-19.0,-22.1,5.0,5.0,28.0
2026-08-12 00:16:49,-19.0,-22.0,5.0,5.0,28.0
2026-08-12 00:15:49,-19.0,-22.0,5.0,5.0,28.0
2026-08-12 00:14:49,-18.9,-22.0,5.0,5.0,28.0
2026-08-12 00:13:49,-18.9,-21.9,5.0,5.0,28.0
2026-08-12 00:12:49,-18.8,-21.9,5.0,5.0,28.0
2026-08-12 00:11:49,-18.8,-21.8,5.0,5.0,28.0
2026-08-12 00:10:49,-18.7,-21.8,5.0,5.0,28.0
2026-08-12 00:09:49,-18.6,-21.7,4.0,5.0,28.0
2026-08-12 00:08:49,-18.6,-21.7,4.0,5.0,28.0
2026-08-12 00:07:49,-18.5,-21.6,4.0,5.0,28.0
2026-08-12 00:06:49,-18.5,-21.5,4.0,5.0,28.0
2026-08-12 00:05:49,-18.4,-21.4,4.0,5.0,28.0
2026-08-12 00:04:49,-18.3,-21.4,4.0,5.0,28.0
2026-08-12 00:03:49,-18.2,-21.3,4.0,5.0,28.0
2026-08-12 00:02:49,-18.1,-21.2,3.0,5.0,28.0
2026-08-12 00:01:49,-18.1,-21.1,3.0,5.0,28.0
2026-08-12 00:00:49,-18.0,-21.1,3.0,5.0,28.0
2026-08-11 23:59:49,-18.0,-20.9,3.0,5.0,28.0
2026-08-11 23:58:49,-18.1,-20.8,2.0,5.0,28.0
2026-08-11 23:57:49,-18.2,-20.7,2.0,4.0,28.0
2026-08-11 23:56:49,-18.4,-20.8,1.0,4.0,28.0
2026-08-11 23:55:49,-18.5,-20.9,2.0,4.0,28.0
2026-08-11 23:54:49,-18.7,-21.1,2.0,4.0,28.0
2026-08-11 23:53:49,-18.9,-21.3,2.0,4.0,27.0
2026-08-11 23:52:49,-19.0,-21.5,3.0,5.0,27.0
2026-08-11 23:51:49,-19.1,-21.8,3.0,5.0,28.0
2026-08-11 23:50:49,-19.2,-22.0,4.0,5.0,27.0
2026-08-11 23:49:49,-19.1,-22.1,5.0,5.0,28.0
2026-08-11 23:48:49,-19.0,-22.1,5.0,5.0,28.0
2026-08-11 23:47:49,-19.0,-22.1,5.0,5.0,28.0
2026-08-11 23:46:49,-19.0,-22.0,5.0,5.0,27.0
2026-08-11 23:45:49,-19.0,-22.0,5.0,5.0,27.0
2026-08-11 23:44:49,-18.9,-22.0,5.0,5.0,28.0
2026-08-11 23:43:49,-18.9,-21.9,5.0,5.0,28.0
2026-08-11 23:42:49,-18.8,-21.9,5.0,5.0,28.0
2026-08-11 23:41:49,-18.8,-21.8,5.0,5.0,28.0
2026-08-11 23:40:49,-18.7,-21.8,5.0,5.0,28.0
2026-08-11 23:39:49,-18.7,-21.7,5.0,5.0,28.0
2026-08-11 23:38:49,-18.6,-21.7,4.0,5.0,28.0
2026-08-11 23:37:49,-18.5,-21.6,4.0,5.0,28.0
2026-08-11 23:36:49,-18.5,-21.6,4.0,5.0,28.0
2026-08-11 23:35:49,-18.4,-21.5,4.0,5.0,28.0
2026-08-11 23:34:49,-18.3,-21.5,4.0,5.0,28.0
2026-08-11 23:33:49,-18.3,-21.4,4.0,5.0,28.0
2026-08-11 23:32:49,-18.2,-21.3,4.0,5.0,28.0
2026-08-11 23:31:49,-18.1,-21.2,4.0,5.0,28.0
2026-08-11 23:30:49,-18.1,-21.1,3.0,5.0,28.0
2026-08-11 23:29:49,-18.0,-20.9,3.0,5.0,28.0
2026-08-11 23:28:49,-18.0,-20.9,3.0,5.0,28.0
2026-08-11 23:27:49,-18.0,-20.8,2.0,5.0,28.0
2026-08-11 23:26:49,-18.1,-20.7,2.0,4.0,28.0
2026-08-11 23:25:49,-18.2,-20.6,1.0,4.0,28.0
2026-08-11 23:24:49,-18.4,-20.8,1.0,4.0,28.0
2026-08-11 23:23:49,-18.6,-20.9,2.0,4.0,28.0
2026-08-11 23:22:49,-18.7,-21.2,2.0,4.0,28.0
2026-08-11 23:21:49,-18.9,-21.4,2.0,5.0,28.0
2026-08-11 23:20:49,-19.0,-21.6,3.0,5.0,28.0
2026-08-11 23:19:49,-19.1,-21.9,4.0,5.0,28.0
2026-08-11 23:18:49,-19.1,-22.0,5.0,5.0,27.0
2026-08-11 23:17:49,-19.0,-22.1,5.0,5.0,27.0
2026-08-11 23:16:49,-18.9,-22.0,5.0,5.0,27.0
2026-08-11 23:15:49,-18.9,-22.0,5.0,5.0,28.0
2026-08-11 23:14:49,-18.8,-21.9,5.0,5.0,28.0
2026-08-11 23:13:49,-18.8,-21.9,5.0,5.0,27.0
2026-08-11 23:12:49,-18.8,-21.9,5.0,5.0,28.0
2026-08-11 23:11:49,-18.7,-21.8,5.0,5.0,28.0
2026-08-11 23:10:49,-18.7,-21.8,5.0,5.0,28.0
2026-08-11 23:09:49,-18.6,-21.7,5.0,5.0,28.0
2026-08-11 23:08:49,-18.6,-21.6,5.0,5.0,27.0
2026-08-11 23:07:49,-18.5,-21.6,4.0,5.0,28.0
2026-08-11 23:06:49,-18.5,-21.5,4.0,5.0,28.0
2026-08-11 23:05:49,-18.4,-21.4,4.0,5.0,28.0
2026-08-11 23:04:49,-18.3,-21.4,4.0,5.0,28.0
2026-08-11 23:03:49,-18.3,-21.3,4.0,5.0,28.0
2026-08-11 23:02:49,-18.2,-21.3,4.0,5.0,28.0
2026-08-11 23:01:49,-18.2,-21.2,4.0,5.0,28.0
2026-08-11 23:00:49,-18.1,-21.1,3.0,5.0,28.0
2026-08-11 22:59:49,-18.0,-20.9,3.0,5.0,28.0
2026-08-11 22:58:49,-17.9,-20.9,3.0,5.0,28.0
2026-08-11 22:57:49,-17.8,-20.8,3.0,5.0,28.0
2026-08-11 22:56:49,-17.8,-20.6,2.0,5.0,28.0
2026-08-11 22:55:49,-17.9,-20.6,2.0,4.0,28.0
2026-08-11 22:54:49,-18.1,-20.6,1.0,4.0,28.0
2026-08-11 22:53:49,-18.3,-20.6,1.0,4.0,28.0
2026-08-11 22:52:49,-18.5,-20.8,2.0,4.0,28.0
2026-08-11 22:51:49,-18.6,-21.1,2.0,4.0,28.0
2026-08-11 22:50:49,-18.8,-21.2,2.0,5.0,28.0
2026-08-11 22:49:49,-18.9,-21.4,3.0,5.0,28.0
2026-08-11 22:48:49,-19.0,-21.7,3.0,5.0,28.0
2026-08-11 22:47:49,-19.0,-21.9,4.0,5.0,28.0
2026-08-11 22:46:49,-18.9,-22.0,5.0,5.0,28.0
2026-08-11 22:45:49,-18.9,-22.0,5.0,5.0,28.0
2026-08-11 22:44:49,-18.8,-21.9,5.0,5.0,28.0
2026-08-11 22:43:49,-18.8,-21.9,4.0,5.0,28.0
2026-08-11 22:42:49,-18.7,-21.8,4.0,5.0,28.0
2026-08-11 22:41:49,-18.7,-21.7,4.0,5.0,28.0
2026-08-11 22:40:49,-18.7,-21.7,4.0,5.0,28.0
2026-08-11 22:39:49,-18.6,-21.7,4.0,5.0,28.0
2026-08-11 22:38:49,-18.5,-21.6,4.0,5.0,28.0
2026-08-11 22:37:49,-18.5,-21.6,4.0,5.0,28.0
2026-08-11 22:36:49,-18.4,-21.5,3.0,5.0,28.0
2026-08-11 22:35:49,-18.4,-21.4,3.0,5.0,28.0
2026-08-11 22:34:49,-18.3,-21.4,3.0,5.0,27.0
2026-08-11 22:33:49,-18.2,-21.3,3.0,5.0,27.0
2026-08-11 22:32:49,-18.1,-21.2,3.0,5.0,28.0
2026-08-11 22:31:49,-18.1,-21.1,3.0,5.0,28.0
2026-08-11 22:30:49,-18.0,-21.0,3.0,5.0,28.0
2026-08-11 22:29:49,-18.0,-20.9,3.0,5.0,28.0
2026-08-11 22:28:49,-17.9,-20.8,3.0,5.0,27.0
2026-08-11 22:27:49,-18.0,-20.7,3.0,5.0,27.0
2026-08-11 22:26:49,-18.1,-20.7,3.0,5.0,28.0
2026-08-11 22:25:49,-18.3,-20.6,2.0,4.0,28.0
2026-08-11 22:24:49,-18.4,-20.8,1.0,4.0,28.0
2026-08-11 22:23:49,-18.6,-21.0,2.0,4.0,28.0
2026-08-11 22:22:49,-18.8,-21.2,2.0,4.0,28.0
2026-08-11 22:21:49,-18.9,-21.5,2.0,4.0,28.0
2026-08-11 22:20:49,-19.0,-21.7,3.0,4.0,28.0
2026-08-11 22:19:49,-19.1,-21.9,3.0,4.0,28.0
2026-08-11 22:18:49,-19.1,-22.1,4.0,4.0,28.0
2026-08-11 22:17:49,-19.0,-22.1,4.0,4.0,28.0
2026-08-11 22:16:49,-19.0,-22.0,4.0,5.0,28.0
2026-08-11 22:15:49,-19.0,-22.0,4.0,5.0,28.0
2026-08-11 22:14:49,-18.9,-22.0,4.0,5.0,28.0
2026-08-11 22:13:49,-18.9,-21.9,4.0,5.0,28.0
2026-08-11 22:12:49,-18.8,-21.8,4.0,5.0,28.0
2026-08-11 22:11:49,-18.8,-21.8,5.0,5.0,28.0
2026-08-11 22:10:49,-18.7,-21.8,5.0,5.0,28.0
2026-08-11 22:09:49,-18.6,-21.7,4.0,5.0,28.0
2026-08-11 22:08:49,-18.6,-21.7,4.0,5.0,28.0
2026-08-11 22:07:49,-18.5,-21.6,4.0,5.0,28.0
2026-08-11 22:06:49,-18.4,-21.5,4.0,5.0,28.0
2026-08-11 22:05:49,-18.4,-21.4,4.0,5.0,28.0
2026-08-11 22:04:49,-18.3,-21.3,4.0,5.0,28.0
2026-08-11 22:03:49,-18.2,-21.3,3.0,5.0,28.0
2026-08-11 22:02:49,-18.2,-21.2,3.0,5.0,28.0
2026-08-11 22:01:49,-18.1,-21.1,3.0,5.0,28.0
2026-08-11 22:00:49,-18.1,-21.0,3.0,5.0,28.0
2026-08-11 21:59:49,-18.2,-20.9,2.0,5.0,28.0
2026-08-11 21:58:49,-18.3,-20.8,2.0,4.0,28.0
2026-08-11 21:57:49,-18.5,-20.9,1.0,4.0,28.0
2026-08-11 21:56:49,-18.6,-21.1,2.0,4.0,28.0
2026-08-11 21:55:49,-18.8,-21.3,2.0,4.0,28.0
2026-08-11 21:54:49,-19.0,-21.5,2.0,4.0,28.0
2026-08-11 21:53:49,-19.1,-21.7,3.0,5.0,28.0
2026-08-11 21:52:49,-19.3,-21.9,4.0,5.0,28.0
2026-08-11 21:51:49,-19.3,-22.1,4.0,5.0,28.0
2026-08-11 21:50:49,-19.2,-22.3,5.0,5.0,28.0
2026-08-11 21:49:49,-19.1,-22.2,5.0,5.0,28.0
2026-08-11 21:48:49,-19.1,-22.2,5.0,5.0,28.0
2026-08-11 21:47:49,-19.0,-22.1,5.0,5.0,28.0
2026-08-11 21:46:49,-19.0,-22.1,5.0,5.0,28.0
2026-08-11 21:45:49,-19.0,-22.1,5.0,5.0,28.0
2026-08-11 21:44:49,-18.9,-22.0,5.0,5.0,28.0
2026-08-11 21:43:49,-18.9,-22.0,5.0,5.0,28.0
2026-08-11 21:42:49,-18.8,-21.9,4.0,5.0,28.0
2026-08-11 21:41:49,-18.8,-21.9,4.0,5.0,28.0
2026-08-11 21:40:49,-18.7,-21.8,4.0,5.0,28.0
2026-08-11 21:39:49,-18.7,-21.8,4.0,5.0,28.0
2026-08-11 21:38:49,-18.6,-21.7,4.0,5.0,28.0
2026-08-11 21:37:49,-18.5,-21.6,4.0,5.0,28.0
2026-08-11 21:36:49,-18.5,-21.6,4.0,5.0,28.0
2026-08-11 21:35:49,-18.4,-21.5,4.0,5.0,28.0
2026-08-11 21:34:49,-18.3,-21.4,3.0,5.0,28.0
2026-08-11 21:33:49,-18.2,-21.3,3.0,5.0,28.0
2026-08-11 21:32:49,-18.2,-21.3,3.0,5.0,28.0
2026-08-11 21:31:49,-18.1,-21.1,3.0,5.0,28.0
2026-08-11 21:30:49,-18.0,-21.0,3.0,5.0,28.0
2026-08-11 21:29:49,-18.0,-20.9,3.0,5.0,28.0
2026-08-11 21:28:49,-18.0,-20.8,2.0,5.0,28.0
2026-08-11 21:27:49,-18.0,-20.7,2.0,5.0,28.0
2026-08-11 21:26:49,-18.1,-20.6,1.0,5.0,28.0
2026-08-11 21:25:49,-18.3,-20.6,1.0,4.0,28.0
2026-08-11 21:24:49,-18.4,-20.7,1.0,4.0,28.0
2026-08-11 21:23:49,-18.6,-20.9,1.0,4.0,28.0
2026-08-11 21:22:49,-18.8,-21.2,1.0,4.0,28.0
2026-08-11 21:21:49,-19.0,-21.4,2.0,4.0,29.0
2026-08-11 21:20:49,-19.2,-21.7,2.0,4.0,28.0
2026-08-11 21:19:49,-19.4,-21.9,2.0,4.0,28.0
2026-08-11 21:18:49,-19.4,-22.2,4.0,5.0,28.0
2026-08-11 21:17:49,-19.4,-22.5,5.0,5.0,28.0
2026-08-11 21:16:49,-19.4,-22.5,4.0,4.0,28.0
2026-08-11 21:15:49,-19.3,-22.4,4.0,5.0,27.0
2026-08-11 21:14:49,-19.3,-22.4,5.0,5.0,28.0
2026-08-11 21:13:49,-19.2,-22.3,5.0,5.0,28.0
2026-08-11 21:12:49,-19.2,-22.3,5.0,5.0,27.0
2026-08-11 21:11:49,-19.2,-22.2,5.0,5.0,27.0
2026-08-11 21:10:49,-19.1,-22.2,6.0,5.0,28.0
2026-08-11 21:09:49,-19.1,-22.2,6.0,5.0,28.0
2026-08-11 21:08:49,-19.0,-22.1,5.0,5.0,28.0
2026-08-11 21:07:49,-19.0,-22.1,5.0,5.0,28.0
2026-08-11 21:06:49,-18.9,-22.0,5.0,5.0,28.0
2026-08-11 21:05:49,-18.9,-21.9,5.0,5.0,28.0
2026-08-11 21:04:49,-18.8,-21.9,5.0,5.0,28.0
2026-08-11 21:03:49,-18.7,-21.8,5.0,5.0,28.0
2026-08-11 21:02:49,-18.6,-21.7,4.0,5.0,28.0
2026-08-11 21:01:49,-18.6,-21.6,4.0,5.0,28.0
2026-08-11 21:00:49,-18.5,-21.5,4.0,5.0,28.0
2026-08-11 20:59:49,-18.5,-21.5,4.0,5.0,28.0
2026-08-11 20:58:49,-18.5,-21.4,4.0,5.0,28.0
2026-08-11 20:57:49,-18.5,-21.3,3.0,5.0,28.0
2026-08-11 20:56:49,-18.6,-21.2,2.0,4.0,28.0
2026-08-11 20:55:49,-18.6,-21.3,2.0,5.0,30.0
2026-08-11 20:54:49,-19.0,-23.2,2.0,5.0,29.0
2026-08-11 20:53:49,-19.2,-21.7,2.0,5.0,28.0
2026-08-11 20:52:49,-19.4,-22.0,3.0,5.0,28.0
2026-08-11 20:51:49,-19.5,-23.7,4.0,5.0,29.0
2026-08-11 20:50:49,-19.6,-22.3,5.0,5.0,28.0
2026-08-11 20:49:49,-19.6,-24.1,5.0,6.0,29.0
2026-08-11 20:48:49,-19.5,-22.7,6.0,5.0,28.0
2026-08-11 20:47:49,-19.5,-22.6,6.0,5.0,28.0
2026-08-11 20:46:49,-19.5,-22.6,6.0,5.0,28.0
2026-08-11 20:45:49,-19.4,-22.5,6.0,5.0,28.0
2026-08-11 20:44:49,-19.4,-22.5,5.0,5.0,28.0
2026-08-11 20:43:49,-19.2,-22.5,6.0,8.0,29.0
2026-08-11 20:42:49,-19.3,-22.5,6.0,5.0,28.0
2026-08-11 20:41:49,-19.3,-22.4,6.0,5.0,28.0
2026-08-11 20:40:49,-19.2,-22.3,5.0,5.0,28.0
2026-08-11 20:39:49,-19.2,-22.3,5.0,5.0,28.0
2026-08-11 20:38:49,-19.2,-22.2,5.0,5.0,28.0
2026-08-11 20:37:49,-19.1,-22.2,5.0,5.0,28.0
2026-08-11 20:36:49,-19.0,-22.2,5.0,5.0,28.0
2026-08-11 20:35:49,-19.0,-22.1,5.0,4.0,28.0
2026-08-11 20:34:49,-18.7,-22.1,5.0,6.0,30.0
2026-08-11 20:33:49,-18.9,-23.6,5.0,6.0,29.0
2026-08-11 20:32:49,-18.8,-22.0,5.0,6.0,28.0
2026-08-11 20:31:49,-18.7,-21.9,4.0,6.0,28.0
2026-08-11 20:30:49,-18.5,-21.7,5.0,6.0,29.0
2026-08-11 20:29:49,-18.4,-21.6,5.0,6.0,29.0
2026-08-11 20:28:49,-18.3,-21.6,4.0,6.0,29.0
2026-08-11 20:27:49,-18.3,-21.5,4.0,8.0,29.0
2026-08-11 20:26:49,-18.5,-21.5,3.0,5.0,28.0
2026-08-11 20:25:49,-18.5,-21.4,3.0,5.0,28.0
2026-08-11 20:24:49,-18.6,-21.4,2.0,5.0,28.0
2026-08-11 20:23:49,-18.8,-21.6,2.0,5.0,29.0
2026-08-11 20:22:49,-18.8,-21.4,3.0,6.0,29.0
2026-08-11 20:21:49,-18.9,-21.7,2.0,6.0,29.0
2026-08-11 20:20:49,-19.1,-21.9,4.0,8.0,29.0
2026-08-11 20:19:49,-19.3,-22.1,4.0,6.0,29.0
2026-08-11 20:18:49,-19.4,-22.4,5.0,6.0,29.0
2026-08-11 20:17:49,-19.4,-22.5,6.0,6.0,29.0
2026-08-11 20:16:49,-19.4,-22.7,7.0,6.0,29.0
2026-08-11 20:15:49,-19.3,-22.6,7.0,6.0,29.0
2026-08-11 20:14:49,-19.3,-22.6,6.0,6.0,29.0
2026-08-11 20:13:49,-19.2,-22.6,6.0,6.0,29.0
2026-08-11 20:12:49,-19.2,-22.5,6.0,6.0,31.0
2026-08-11 20:11:49,-19.2,-22.5,6.0,6.0,29.0
2026-08-11 20:10:49,-19.2,-22.5,6.0,6.0,29.0
2026-08-11 20:09:49,-19.1,-22.4,6.0,6.0,29.0
2026-08-11 20:08:49,-19.1,-22.4,6.0,6.0,29.0
2026-08-11 20:07:49,-19.0,-22.3,6.0,6.0,29.0
2026-08-11 20:06:49,-19.0,-22.3,6.0,6.0,29.0
2026-08-11 20:05:49,-18.9,-22.2,5.0,6.0,29.0
2026-08-11 20:04:49,-18.9,-22.2,5.0,8.0,29.0
2026-08-11 20:03:49,-18.8,-22.1,5.0,6.0,29.0
2026-08-11 20:02:49,-18.7,-22.0,5.0,6.0,29.0
2026-08-11 20:01:49,-18.7,-22.0,5.0,6.0,29.0
2026-08-11 20:00:49,-18.8,-22.0,5.0,5.0,28.0
2026-08-11 19:59:49,-18.6,-21.9,4.0,6.0,30.0
2026-08-11 19:58:49,-18.4,-21.8,5.0,5.0,29.0
2026-08-11 19:57:49,-18.4,-21.7,5.0,6.0,30.0
2026-08-11 19:56:49,-18.4,-21.6,5.0,6.0,29.0
2026-08-11 19:55:49,-18.3,-21.5,4.0,6.0,29.0
2026-08-11 19:54:49,-18.3,-21.4,4.0,6.0,29.0
2026-08-11 19:53:49,-18.4,-21.3,4.0,6.0,29.0
2026-08-11 19:52:49,-18.5,-21.3,3.0,6.0,29.0
2026-08-11 19:51:49,-18.7,-21.4,2.0,6.0,29.0
2026-08-11 19:50:49,-18.9,-21.5,3.0,6.0,29.0
2026-08-11 19:49:49,-19.0,-21.7,3.0,5.0,29.0
2026-08-11 19:48:49,-19.2,-21.9,4.0,6.0,30.0
2026-08-11 19:47:49,-19.4,-22.2,4.0,6.0,29.0
2026-08-11 19:46:49,-19.4,-22.4,5.0,6.0,29.0
2026-08-11 19:45:49,-19.5,-22.6,6.0,6.0,30.0
2026-08-11 19:44:49,-19.4,-22.7,7.0,6.0,29.0
2026-08-11 19:43:49,-19.3,-22.7,7.0,6.0,29.0
2026-08-11 19:42:49,-19.3,-22.6,6.0,6.0,29.0
2026-08-11 19:41:49,-19.3,-22.6,6.0,6.0,29.0
2026-08-11 19:40:49,-19.2,-22.6,6.0,6.0,29.0
2026-08-11 19:39:49,-19.2,-22.5,6.0,6.0,29.0
2026-08-11 19:38:49,-19.2,-22.5,6.0,6.0,30.0
2026-08-11 19:37:49,-19.3,-22.5,6.0,5.0,28.0
2026-08-11 19:36:49,-19.3,-22.4,5.0,5.0,28.0
2026-08-11 19:35:49,-19.2,-22.3,5.0,5.0,28.0
2026-08-11 19:34:49,-19.2,-22.3,5.0,5.0,28.0
2026-08-11 19:33:49,-19.2,-22.3,5.0,5.0,28.0
2026-08-11 19:32:49,-19.1,-22.2,5.0,5.0,28.0
2026-08-11 19:31:49,-19.1,-22.1,4.0,6.0,28.0
2026-08-11 19:30:49,-19.0,-22.1,5.0,5.0,28.0
2026-08-11 19:29:49,-18.9,-22.0,5.0,5.0,28.0
2026-08-11 19:28:49,-18.9,-22.0,5.0,5.0,28.0
2026-08-11 19:27:49,-18.8,-21.9,4.0,5.0,28.0
2026-08-11 19:26:49,-18.7,-21.8,4.0,5.0,28.0
2026-08-11 19:25:49,-18.6,-21.7,4.0,5.0,28.0
2026-08-11 19:24:49,-18.6,-21.6,4.0,5.0,28.0
2026-08-11 19:23:49,-18.5,-21.5,4.0,5.0,27.0
2026-08-11 19:22:49,-18.5,-21.4,4.0,5.0,27.0
2026-08-11 19:21:49,-18.6,-21.3,2.0,4.0,28.0
2026-08-11 19:20:49,-18.6,-21.3,2.0,7.0,28.0
2026-08-11 19:19:49,-18.9,-21.3,2.0,4.0,27.0
2026-08-11 19:18:49,-19.1,-21.5,2.0,4.0,27.0
2026-08-11 19:17:49,-19.2,-21.7,3.0,4.0,27.0
2026-08-11 19:16:49,-19.4,-21.9,2.0,4.0,27.0
2026-08-11 19:15:49,-19.1,-22.3,4.0,7.0,28.0
2026-08-11 19:14:49,-19.7,-22.4,4.0,5.0,27.0
2026-08-11 19:13:49,-19.7,-22.6,5.0,5.0,27.0
2026-08-11 19:12:49,-19.6,-22.8,6.0,5.0,27.0
2026-08-11 19:11:49,-19.6,-22.7,6.0,5.0,27.0
2026-08-11 19:10:49,-19.6,-22.7,6.0,5.0,27.0
2026-08-11 19:09:49,-19.5,-22.6,6.0,5.0,27.0
2026-08-11 19:08:49,-19.5,-22.6,6.0,5.0,26.0
2026-08-11 19:07:49,-19.5,-22.6,6.0,5.0,26.0
2026-08-11 19:06:49,-19.4,-22.5,6.0,5.0,26.0
2026-08-11 19:05:49,-19.3,-22.5,5.0,6.0,26.0
2026-08-11 19:04:49,-19.3,-22.5,5.0,5.0,26.0
2026-08-11 19:03:49,-19.3,-22.4,5.0,5.0,26.0
2026-08-11 19:02:49,-19.3,-22.3,5.0,5.0,26.0
2026-08-11 19:01:49,-19.2,-22.3,5.0,5.0,26.0
2026-08-11 19:00:49,-19.1,-22.3,5.0,5.0,26.0
2026-08-11 18:59:49,-19.1,-22.2,5.0,5.0,26.0
2026-08-11 18:58:49,-19.0,-22.1,5.0,5.0,26.0
2026-08-11 18:57:49,-19.0,-22.1,5.0,5.0,26.0
2026-08-11 18:56:49,-18.9,-22.0,5.0,5.0,26.0
2026-08-11 18:55:49,-18.8,-21.9,5.0,5.0,26.0
2026-08-11 18:54:49,-18.8,-21.9,4.0,5.0,26.0
2026-08-11 18:53:49,-18.7,-21.8,4.0,5.0,26.0
2026-08-11 18:52:49,-18.6,-21.7,4.0,5.0,27.0
2026-08-11 18:51:49,-18.6,-21.6,4.0,5.0,26.0
2026-08-11 18:50:49,-18.6,-21.5,4.0,5.0,26.0
2026-08-11 18:49:49,-18.6,-21.4,2.0,6.0,26.0
2026-08-11 18:48:49,-18.6,-21.3,3.0,4.0,26.0
2026-08-11 18:47:49,-18.8,-21.3,2.0,4.0,26.0
2026-08-11 18:46:49,-19.0,-21.4,1.0,5.0,26.0
2026-08-11 18:45:49,-19.2,-21.6,2.0,4.0,27.0
2026-08-11 18:44:49,-19.4,-21.8,3.0,4.0,27.0
2026-08-11 18:43:49,-19.5,-22.0,3.0,5.0,27.0
2026-08-11 18:42:49,-19.7,-22.3,4.0,5.0,27.0
2026-08-11 18:41:49,-19.8,-22.6,5.0,5.0,27.0
2026-08-11 18:40:49,-19.7,-22.7,6.0,5.0,27.0
2026-08-11 18:39:49,-19.6,-22.8,6.0,5.0,27.0
2026-08-11 18:38:49,-19.6,-22.7,6.0,5.0,26.0
2026-08-11 18:37:49,-19.6,-22.7,6.0,5.0,26.0
2026-08-11 18:36:49,-19.5,-22.6,6.0,5.0,26.0
2026-08-11 18:35:49,-19.5,-22.6,6.0,5.0,26.0
2026-08-11 18:34:49,-19.5,-22.5,6.0,5.0,27.0
2026-08-11 18:33:49,-19.4,-22.6,6.0,5.0,26.0
2026-08-11 18:32:49,-19.4,-22.5,5.0,5.0,26.0
2026-08-11 18:31:49,-19.3,-22.4,5.0,5.0,26.0
2026-08-11 18:30:49,-19.3,-22.4,5.0,5.0,26.0
2026-08-11 18:29:49,-18.8,-22.4,5.0,8.0,27.0
2026-08-11 18:28:49,-19.2,-22.3,5.0,5.0,27.0
2026-08-11 18:27:49,-19.1,-22.2,5.0,5.0,26.0
2026-08-11 18:26:49,-19.1,-22.2,5.0,5.0,26.0
2026-08-11 18:25:49,-19.0,-22.1,5.0,5.0,27.0
2026-08-11 18:24:49,-19.0,-22.0,5.0,5.0,27.0
2026-08-11 18:23:49,-18.9,-22.0,5.0,5.0,27.0
2026-08-11 18:22:49,-18.8,-21.9,5.0,5.0,27.0
2026-08-11 18:21:49,-18.7,-21.8,4.0,5.0,27.0
2026-08-11 18:20:49,-18.7,-21.7,3.0,4.0,27.0
2026-08-11 18:19:49,-18.6,-21.7,4.0,8.0,29.0
2026-08-11 18:18:49,-18.6,-21.6,4.0,5.0,27.0
2026-08-11 18:17:49,-18.6,-21.5,4.0,5.0,27.0
2026-08-11 18:16:49,-18.6,-21.4,3.0,5.0,27.0
2026-08-11 18:15:49,-18.7,-21.3,2.0,4.0,27.0
2026-08-11 18:14:49,-18.9,-21.3,2.0,4.0,27.0
2026-08-11 18:13:49,-19.1,-21.5,2.0,4.0,27.0
2026-08-11 18:12:49,-19.3,-21.7,3.0,4.0,27.0
2026-08-11 18:11:49,-19.4,-21.9,3.0,4.0,26.0
2026-08-11 18:10:49,-19.6,-22.2,3.0,5.0,26.0
2026-08-11 18:09:49,-19.3,-22.5,5.0,8.0,27.0
2026-08-11 18:08:49,-19.7,-22.6,5.0,5.0,26.0
2026-08-11 18:07:49,-19.7,-22.7,6.0,4.0,26.0
2026-08-11 18:06:49,-19.1,-22.8,5.0,5.0,29.0
2026-08-11 18:05:49,-19.3,-22.6,6.0,8.0,28.0
2026-08-11 18:04:49,-19.5,-22.6,6.0,5.0,27.0
2026-08-11 18:03:49,-19.5,-22.6,6.0,5.0,27.0
2026-08-11 18:02:49,-19.4,-22.5,5.0,5.0,27.0
2026-08-11 18:01:49,-19.4,-22.5,6.0,5.0,27.0
2026-08-11 18:00:49,-19.4,-22.5,5.0,5.0,27.0
2026-08-11 17:59:49,-19.3,-22.4,5.0,5.0,27.0
2026-08-11 17:58:49,-19.3,-22.4,5.0,5.0,27.0
2026-08-11 17:57:49,-19.2,-22.3,5.0,5.0,27.0
2026-08-11 17:56:49,-19.1,-22.3,5.0,5.0,27.0
2026-08-11 17:55:49,-19.1,-22.2,5.0,5.0,27.0
2026-08-11 17:54:49,-19.1,-22.2,5.0,5.0,27.0
2026-08-11 17:53:49,-19.0,-22.1,5.0,5.0,27.0
2026-08-11 17:52:49,-18.9,-22.0,5.0,5.0,27.0
2026-08-11 17:51:49,-18.9,-23.6,4.0,5.0,27.0
2026-08-11 17:50:49,-18.6,-21.8,5.0,6.0,28.0
2026-08-11 17:49:49,-18.7,-21.9,4.0,6.0,27.0
2026-08-11 17:48:49,-18.7,-21.8,4.0,5.0,28.0
2026-08-11 17:47:49,-18.6,-21.7,4.0,5.0,28.0
2026-08-11 17:46:49,-18.5,-21.6,4.0,5.0,28.0
2026-08-11 17:45:49,-18.5,-21.6,4.0,5.0,28.0
2026-08-11 17:44:49,-18.5,-21.4,3.0,5.0,28.0
2026-08-11 17:43:49,-18.5,-21.4,2.0,5.0,28.0
2026-08-11 17:42:49,-18.7,-21.3,2.0,5.0,27.0
2026-08-11 17:41:49,-18.9,-21.4,2.0,4.0,28.0
2026-08-11 17:40:49,-19.1,-21.6,2.0,4.0,28.0
2026-08-11 17:39:49,-19.3,-21.8,2.0,2.0,28.0
2026-08-11 17:38:49,-19.4,-22.0,1.0,2.0,28.0
2026-08-11 17:37:49,-19.5,-22.4,0.0,2.0,28.0
2026-08-11 17:36:49,-19.5,-22.6,0.0,2.0,28.0
2026-08-11 17:35:49,-19.3,-22.6,0.0,0.0,28.0
2026-08-11 17:34:49,-19.4,-22.6,0.0,3.0,28.0
2026-08-11 17:33:49,-19.3,-22.5,0.0,3.0,27.0
2026-08-11 17:32:49,-19.3,-22.4,0.0,3.0,27.0
2026-08-11 17:31:49,-19.3,-22.4,0.0,3.0,27.0
2026-08-11 17:30:49,-19.2,-22.3,1.0,4.0,27.0
2026-08-11 17:29:49,-19.2,-22.2,2.0,4.0,27.0
2026-08-11 17:28:49,-19.1,-22.2,3.0,4.0,28.0
2026-08-11 17:27:49,-19.0,-22.1,5.0,5.0,28.0
2026-08-11 17:26:49,-18.9,-22.0,5.0,5.0,28.0
2026-08-11 17:25:49,-18.9,-22.0,6.0,5.0,28.0
2026-08-11 17:24:49,-18.9,-21.9,5.0,5.0,28.0
2026-08-11 17:23:49,-18.9,-21.8,4.0,4.0,27.0
2026-08-11 17:22:49,-18.8,-21.8,3.0,5.0,27.0
2026-08-11 17:21:49,-18.8,-21.7,3.0,4.0,27.0
2026-08-11 17:20:49,-18.9,-21.6,2.0,4.0,27.0
2026-08-11 17:19:49,-19.2,-21.7,2.0,4.0,27.0
2026-08-11 17:18:49,-19.4,-21.8,2.0,4.0,27.0
2026-08-11 17:17:49,-19.6,-22.0,3.0,4.0,27.0
2026-08-11 17:16:49,-19.8,-22.3,3.0,4.0,28.0
2026-08-11 17:15:49,-19.9,-22.5,4.0,4.0,28.0
2026-08-11 17:14:49,-20.1,-22.8,4.0,5.0,28.0
2026-08-11 17:13:49,-20.1,-23.0,5.0,5.0,27.0
2026-08-11 17:12:49,-20.0,-23.2,6.0,5.0,28.0
2026-08-11 17:11:49,-20.0,-23.2,6.0,5.0,28.0
2026-08-11 17:10:49,-20.0,-23.1,6.0,5.0,28.0
2026-08-11 17:09:49,-19.9,-23.1,6.0,5.0,28.0
2026-08-11 17:08:49,-19.9,-23.1,5.0,6.0,28.0
2026-08-11 17:07:49,-19.8,-23.0,6.0,5.0,28.0
2026-08-11 17:06:49,-19.8,-23.0,5.0,5.0,28.0
2026-08-11 17:05:49,-19.8,-22.9,5.0,5.0,28.0
2026-08-11 17:04:49,-19.8,-22.9,5.0,5.0,28.0
2026-08-11 17:03:49,-19.7,-22.9,5.0,5.0,28.0
2026-08-11 17:02:49,-19.7,-22.8,5.0,4.0,27.0
2026-08-11 17:01:49,-19.6,-22.8,5.0,5.0,27.0
2026-08-11 17:00:49,-19.6,-22.7,5.0,4.0,28.0
2026-08-11 16:59:49,-19.6,-22.7,5.0,4.0,28.0
2026-08-11 16:58:49,-19.5,-22.6,5.0,4.0,28.0
2026-08-11 16:57:49,-19.4,-22.6,5.0,4.0,28.0
2026-08-11 16:56:49,-19.4,-22.5,4.0,4.0,28.0
2026-08-11 16:55:49,-19.0,-22.4,5.0,6.0,29.0
2026-08-11 16:54:49,-19.3,-22.4,4.0,4.0,27.0
2026-08-11 16:53:49,-19.2,-22.4,3.0,4.0,27.0
2026-08-11 16:52:49,-19.1,-22.3,3.0,4.0,27.0
2026-08-11 16:51:49,-19.1,-22.2,3.0,4.0,27.0
2026-08-11 16:50:49,-19.0,-22.1,3.0,4.0,27.0
2026-08-11 16:49:49,-19.0,-22.1,3.0,4.0,27.0
2026-08-11 16:48:49,-18.9,-22.0,3.0,4.0,27.0
2026-08-11 16:47:49,-18.9,-21.9,2.0,4.0,27.0
2026-08-11 16:46:49,-18.9,-21.8,2.0,4.0,27.0
2026-08-11 16:45:49,-19.0,-21.7,1.0,4.0,27.0
2026-08-11 16:44:49,-19.2,-21.7,1.0,4.0,27.0
2026-08-11 16:43:49,-19.4,-21.8,1.0,4.0,27.0
2026-08-11 16:42:49,-19.6,-22.0,1.0,4.0,27.0
2026-08-11 16:41:49,-19.8,-22.2,2.0,4.0,27.0
2026-08-11 16:40:49,-19.9,-22.5,2.0,4.0,27.0
2026-08-11 16:39:49,-20.1,-22.7,3.0,4.0,27.0
2026-08-11 16:38:49,-20.1,-23.0,4.0,5.0,27.0
2026-08-11 16:37:49,-20.1,-23.1,5.0,5.0,27.0
2026-08-11 16:36:49,-20.0,-23.2,5.0,5.0,27.0
2026-08-11 16:35:49,-20.0,-23.1,5.0,5.0,27.0
2026-08-11 16:34:49,-20.0,-23.1,5.0,5.0,27.0
2026-08-11 16:33:49,-20.0,-23.1,4.0,5.0,27.0
2026-08-11 16:32:49,-19.9,-23.1,5.0,4.0,27.0
2026-08-11 16:31:49,-19.9,-23.0,4.0,4.0,27.0
2026-08-11 16:30:49,-19.8,-23.0,4.0,4.0,27.0
2026-08-11 16:29:49,-19.8,-23.0,4.0,4.0,27.0
2026-08-11 16:28:49,-19.8,-22.9,4.0,4.0,27.0
2026-08-11 16:27:49,-19.7,-22.9,4.0,4.0,27.0
2026-08-11 16:26:49,-19.7,-22.9,4.0,4.0,27.0
2026-08-11 16:25:49,-19.7,-22.8,4.0,4.0,27.0
2026-08-11 16:24:49,-19.6,-22.8,4.0,4.0,27.0
2026-08-11 16:23:49,-19.6,-22.7,4.0,4.0,27.0
2026-08-11 16:22:49,-19.6,-22.7,4.0,4.0,27.0
2026-08-11 16:21:49,-19.5,-22.6,4.0,4.0,27.0
2026-08-11 16:20:49,-19.4,-22.6,3.0,4.0,27.0
2026-08-11 16:19:49,-19.4,-22.6,3.0,4.0,27.0
2026-08-11 16:18:49,-19.3,-22.5,3.0,4.0,27.0
2026-08-11 16:17:49,-19.3,-22.5,3.0,4.0,27.0
2026-08-11 16:16:49,-19.2,-22.4,3.0,4.0,27.0
2026-08-11 16:15:49,-19.1,-22.3,3.0,4.0,27.0
2026-08-11 16:14:49,-19.1,-22.2,3.0,4.0,27.0
2026-08-11 16:13:49,-19.0,-22.1,3.0,4.0,27.0
2026-08-11 16:12:49,-19.0,-22.1,3.0,4.0,27.0
2026-08-11 16:11:49,-18.9,-22.0,2.0,4.0,27.0
2026-08-11 16:10:49,-18.9,-21.8,2.0,4.0,27.0
2026-08-11 16:09:49,-19.0,-21.8,1.0,4.0,27.0
2026-08-11 16:08:49,-19.2,-21.7,1.0,4.0,27.0
2026-08-11 16:07:49,-19.4,-21.8,1.0,4.0,27.0
2026-08-11 16:06:49,-19.6,-22.0,1.0,4.0,27.0
2026-08-11 16:05:49,-19.8,-22.2,2.0,4.0,27.0
2026-08-11 16:04:49,-19.9,-22.5,2.0,4.0,27.0
2026-08-11 16:03:49,-20.1,-22.7,3.0,4.0,26.0
2026-08-11 16:02:49,-20.1,-23.0,4.0,5.0,27.0
2026-08-11 16:01:49,-20.1,-23.2,5.0,5.0,27.0
2026-08-11 16:00:49,-20.1,-23.2,5.0,5.0,27.0
2026-08-11 15:59:49,-20.0,-23.2,5.0,4.0,27.0
2026-08-11 15:58:49,-20.0,-23.1,4.0,4.0,27.0
2026-08-11 15:57:49,-20.0,-23.1,4.0,5.0,27.0
2026-08-11 15:56:49,-19.9,-23.1,4.0,4.0,27.0
2026-08-11 15:55:49,-19.9,-23.1,4.0,4.0,26.0
2026-08-11 15:54:49,-19.9,-23.0,4.0,4.0,27.0
2026-08-11 15:53:49,-19.9,-23.0,4.0,4.0,27.0
2026-08-11 15:52:49,-19.8,-22.9,4.0,4.0,27.0
2026-08-11 15:51:49,-19.8,-22.9,4.0,4.0,26.0
2026-08-11 15:50:49,-19.8,-22.9,4.0,4.0,26.0
2026-08-11 15:49:49,-19.7,-22.8,4.0,4.0,26.0
2026-08-11 15:48:49,-19.7,-22.8,4.0,4.0,27.0
2026-08-11 15:47:49,-19.6,-22.7,4.0,4.0,27.0
2026-08-11 15:46:49,-19.6,-22.7,4.0,4.0,27.0
2026-08-11 15:45:49,-19.5,-22.7,3.0,4.0,27.0
2026-08-11 15:44:49,-19.4,-22.6,3.0,4.0,27.0
2026-08-11 15:43:49,-19.4,-22.5,3.0,4.0,26.0
2026-08-11 15:42:49,-19.3,-22.5,3.0,4.0,26.0
2026-08-11 15:41:49,-19.3,-22.4,3.0,4.0,27.0
2026-08-11 15:40:49,-19.2,-22.4,3.0,4.0,27.0
2026-08-11 15:39:49,-19.1,-22.3,3.0,4.0,27.0
2026-08-11 15:38:49,-19.1,-22.2,3.0,4.0,27.0
2026-08-11 15:37:49,-19.0,-22.1,3.0,4.0,27.0
2026-08-11 15:36:49,-19.0,-22.0,2.0,4.0,27.0
2026-08-11 15:35:49,-18.9,-21.9,2.0,4.0,27.0
2026-08-11 15:34:49,-18.9,-21.9,2.0,4.0,27.0
2026-08-11 15:33:49,-18.9,-21.8,1.0,4.0,27.0
2026-08-11 15:32:49,-19.1,-21.7,1.0,4.0,26.0
2026-08-11 15:31:49,-19.3,-21.7,0.0,4.0,26.0
2026-08-11 15:30:49,-19.5,-21.9,1.0,4.0,26.0
2026-08-11 15:29:49,-19.6,-22.1,1.0,4.0,27.0
2026-08-11 15:28:49,-19.8,-22.4,2.0,4.0,27.0
2026-08-11 15:27:49,-20.0,-22.6,2.0,4.0,27.0
2026-08-11 15:26:49,-20.1,-22.9,3.0,4.0,27.0
2026-08-11 15:25:49,-20.1,-23.1,4.0,4.0,27.0
2026-08-11 15:24:49,-20.1,-23.2,5.0,4.0,27.0
2026-08-11 15:23:49,-20.0,-23.2,5.0,4.0,27.0
2026-08-11 15:22:49,-20.0,-23.2,5.0,4.0,27.0
2026-08-11 15:21:49,-19.9,-23.1,4.0,4.0,27.0
2026-08-11 15:20:49,-19.9,-23.1,4.0,4.0,27.0
2026-08-11 15:19:49,-19.9,-23.1,4.0,4.0,27.0
2026-08-11 15:18:49,-19.9,-23.0,4.0,4.0,27.0
2026-08-11 15:17:49,-19.8,-23.0,4.0,4.0,27.0
2026-08-11 15:16:49,-19.8,-23.0,4.0,4.0,27.0
2026-08-11 15:15:49,-19.8,-22.9,4.0,4.0,27.0
2026-08-11 15:14:49,-19.7,-22.9,4.0,4.0,27.0
2026-08-11 15:13:49,-19.7,-22.8,4.0,4.0,27.0
2026-08-11 15:12:49,-19.6,-22.8,4.0,4.0,27.0
2026-08-11 15:11:49,-19.6,-22.7,4.0,4.0,27.0
2026-08-11 15:10:49,-19.6,-22.7,3.0,4.0,27.0
2026-08-11 15:09:49,-19.5,-22.7,4.0,4.0,27.0
2026-08-11 15:08:49,-19.5,-22.6,3.0,4.0,27.0
2026-08-11 15:07:49,-19.4,-22.6,3.0,4.0,27.0
2026-08-11 15:06:49,-19.4,-22.5,3.0,4.0,26.0
2026-08-11 15:05:49,-19.3,-22.4,3.0,4.0,26.0
2026-08-11 15:04:49,-19.2,-22.4,3.0,4.0,26.0
2026-08-11 15:03:49,-19.2,-22.3,3.0,4.0,27.0
2026-08-11 15:02:49,-19.1,-22.2,2.0,4.0,27.0
2026-08-11 15:01:49,-19.0,-22.1,3.0,4.0,27.0
2026-08-11 15:00:49,-19.0,-22.1,2.0,4.0,27.0
2026-08-11 14:59:49,-18.9,-22.0,2.0,4.0,27.0
2026-08-11 14:58:49,-18.9,-21.9,2.0,4.0,27.0
2026-08-11 14:57:49,-18.9,-21.8,2.0,4.0,27.0
2026-08-11 14:56:49,-18.9,-21.7,1.0,4.0,27.0
2026-08-11 14:55:49,-19.1,-21.7,1.0,4.0,27.0
2026-08-11 14:54:49,-19.3,-21.7,1.0,4.0,27.0
2026-08-11 14:53:49,-19.5,-21.9,1.0,4.0,27.0
2026-08-11 14:52:49,-19.7,-22.1,1.0,4.0,27.0
2026-08-11 14:51:49,-19.8,-22.4,2.0,4.0,27.0
2026-08-11 14:50:49,-20.0,-22.6,2.0,4.0,27.0
2026-08-11 14:49:49,-20.1,-22.9,3.0,4.0,26.0
2026-08-11 14:48:49,-20.1,-23.1,4.0,4.0,26.0
2026-08-11 14:47:49,-20.0,-23.2,5.0,4.0,26.0
2026-08-11 14:46:49,-20.0,-23.1,5.0,4.0,26.0
2026-08-11 14:45:49,-20.0,-23.1,4.0,4.0,26.0
2026-08-11 14:44:49,-19.9,-23.1,4.0,4.0,26.0
2026-08-11 14:43:49,-19.9,-23.0,4.0,4.0,26.0
2026-08-11 14:42:49,-19.8,-23.0,4.0,4.0,26.0
2026-08-11 14:41:49,-19.8,-23.0,4.0,4.0,26.0
2026-08-11 14:40:49,-19.8,-22.9,4.0,4.0,26.0
2026-08-11 14:39:49,-19.7,-22.9,4.0,4.0,26.0
2026-08-11 14:38:49,-19.7,-22.9,4.0,4.0,26.0
2026-08-11 14:37:49,-19.7,-22.8,4.0,4.0,26.0
2026-08-11 14:36:49,-19.6,-22.8,4.0,4.0,26.0
2026-08-11 14:35:49,-19.6,-22.7,4.0,4.0,27.0
2026-08-11 14:34:49,-19.5,-22.7,3.0,4.0,27.0
2026-08-11 14:33:49,-19.5,-22.6,3.0,4.0,27.0
2026-08-11 14:32:49,-19.5,-22.6,3.0,4.0,27.0
2026-08-11 14:31:49,-19.4,-22.6,3.0,4.0,26.0
2026-08-11 14:30:49,-19.3,-22.5,3.0,4.0,27.0
2026-08-11 14:29:49,-19.3,-22.4,3.0,4.0,27.0
2026-08-11 14:28:49,-19.2,-22.4,3.0,4.0,26.0
2026-08-11 14:27:49,-19.1,-22.3,3.0,4.0,26.0
2026-08-11 14:26:49,-19.1,-22.2,3.0,4.0,26.0
2026-08-11 14:25:49,-19.0,-22.1,3.0,4.0,26.0
2026-08-11 14:24:49,-19.0,-22.1,2.0,4.0,26.0
2026-08-11 14:23:49,-18.9,-22.0,2.0,4.0,26.0
2026-08-11 14:22:49,-18.9,-21.9,2.0,4.0,26.0
2026-08-11 14:21:49,-18.8,-21.8,2.0,4.0,26.0
2026-08-11 14:20:49,-18.8,-21.7,2.0,4.0,26.0
2026-08-11 14:19:49,-18.9,-21.6,1.0,4.0,26.0
2026-08-11 14:18:49,-19.0,-21.6,1.0,4.0,26.0
2026-08-11 14:17:49,-19.2,-21.6,0.0,4.0,26.0
2026-08-11 14:16:49,-19.4,-21.8,1.0,4.0,27.0
2026-08-11 14:15:49,-19.6,-22.0,1.0,4.0,27.0
2026-08-11 14:14:49,-19.7,-22.3,2.0,4.0,27.0
2026-08-11 14:13:49,-19.9,-22.5,3.0,4.0,27.0
2026-08-11 14:12:49,-20.0,-22.8,3.0,4.0,27.0
2026-08-11 14:11:49,-20.0,-23.0,4.0,4.0,27.0
2026-08-11 14:10:49,-19.9,-23.0,4.0,4.0,27.0
2026-08-11 14:09:49,-19.8,-23.0,4.0,4.0,27.0
2026-08-11 14:08:49,-19.8,-23.0,4.0,4.0,26.0
2026-08-11 14:07:49,-19.8,-22.9,4.0,4.0,26.0
2026-08-11 14:06:49,-19.7,-22.9,4.0,4.0,26.0
2026-08-11 14:05:49,-19.7,-22.8,4.0,4.0,26.0
2026-08-11 14:04:49,-19.7,-22.8,4.0,4.0,26.0
2026-08-11 14:03:49,-19.6,-22.8,4.0,4.0,26.0
2026-08-11 14:02:49,-19.6,-22.7,4.0,4.0,27.0
2026-08-11 14:01:49,-19.5,-22.7,4.0,4.0,27.0
2026-08-11 14:00:49,-19.5,-22.6,4.0,4.0,27.0
2026-08-11 13:59:49,-19.5,-22.6,4.0,4.0,27.0
2026-08-11 13:58:49,-19.4,-22.6,3.0,4.0,27.0
2026-08-11 13:57:49,-19.4,-22.5,3.0,4.0,27.0
2026-08-11 13:56:49,-19.3,-22.5,3.0,4.0,27.0
2026-08-11 13:55:49,-19.3,-22.4,3.0,4.0,26.0
2026-08-11 13:54:49,-19.2,-22.4,3.0,4.0,26.0
2026-08-11 13:53:49,-19.1,-22.3,3.0,4.0,26.0
2026-08-11 13:52:49,-19.1,-22.2,3.0,4.0,26.0
2026-08-11 13:51:49,-19.0,-22.1,3.0,4.0,26.0
2026-08-11 13:50:49,-18.9,-22.1,3.0,4.0,26.0
2026-08-11 13:49:49,-18.8,-22.0,3.0,4.0,26.0
2026-08-11 13:48:49,-18.8,-21.9,2.0,4.0,26.0
2026-08-11 13:47:49,-18.7,-21.8,2.0,4.0,26.0
2026-08-11 13:46:49,-18.6,-21.7,2.0,4.0,26.0
2026-08-11 13:45:49,-18.5,-21.6,2.0,4.0,26.0
2026-08-11 13:44:49,-18.5,-21.5,2.0,4.0,26.0
2026-08-11 13:43:49,-18.4,-21.4,1.0,4.0,26.0
2026-08-11 13:42:49,-18.5,-21.2,1.0,4.0,26.0
2026-08-11 13:41:49,-18.6,-21.2,1.0,4.0,26.0
2026-08-11 13:40:49,-18.7,-21.1,0.0,3.0,26.0
2026-08-11 13:39:49,-18.9,-21.2,0.0,3.0,26.0
2026-08-11 13:38:49,-19.1,-21.5,1.0,3.0,26.0
2026-08-11 13:37:49,-19.3,-21.7,1.0,3.0,26.0
2026-08-11 13:36:49,-19.5,-21.9,1.0,3.0,26.0
2026-08-11 13:35:49,-19.7,-22.2,1.0,3.0,26.0
2026-08-11 13:34:49,-19.9,-22.5,2.0,4.0,26.0
2026-08-11 13:33:49,-19.9,-22.8,3.0,4.0,26.0
2026-08-11 13:32:49,-19.9,-23.0,4.0,4.0,27.0
2026-08-11 13:31:49,-19.8,-22.9,5.0,4.0,26.0
2026-08-11 13:30:49,-19.8,-22.9,5.0,4.0,26.0
2026-08-11 13:29:49,-19.7,-22.9,5.0,4.0,26.0
2026-08-11 13:28:49,-19.7,-22.9,3.0,4.0,26.0
2026-08-11 13:27:49,-19.6,-22.9,3.0,4.0,26.0
2026-08-11 13:26:49,-19.6,-22.8,3.0,4.0,26.0
2026-08-11 13:25:49,-19.5,-22.7,3.0,4.0,26.0
2026-08-11 13:24:49,-19.5,-22.7,3.0,4.0,26.0
2026-08-11 13:23:49,-19.4,-22.6,3.0,4.0,25.0
2026-08-11 13:22:49,-19.4,-22.6,3.0,4.0,25.0
2026-08-11 13:21:49,-19.3,-22.5,3.0,4.0,26.0
2026-08-11 13:20:49,-19.2,-22.4,2.0,4.0,26.0
2026-08-11 13:19:49,-19.2,-22.3,2.0,4.0,26.0
2026-08-11 13:18:49,-19.2,-22.2,2.0,4.0,26.0
2026-08-11 13:17:49,-19.1,-22.2,2.0,4.0,26.0
2026-08-11 13:16:49,-19.1,-22.1,2.0,4.0,26.0
2026-08-11 13:15:49,-19.1,-22.0,1.0,4.0,26.0
2026-08-11 13:14:49,-19.2,-21.9,1.0,4.0,26.0
2026-08-11 13:13:49,-19.4,-22.0,1.0,3.0,26.0
2026-08-11 13:12:49,-19.6,-22.1,1.0,3.0,26.0
2026-08-11 13:11:49,-19.8,-22.3,1.0,4.0,26.0
2026-08-11 13:10:49,-20.0,-22.6,2.0,4.0,26.0
2026-08-11 13:09:49,-20.2,-22.8,3.0,4.0,26.0
2026-08-11 13:08:49,-20.2,-23.1,3.0,4.0,25.0
2026-08-11 13:07:49,-20.2,-23.3,4.0,4.0,26.0
2026-08-11 13:06:49,-20.1,-23.3,4.0,4.0,26.0
2026-08-11 13:05:49,-20.1,-23.3,4.0,4.0,25.0
2026-08-11 13:04:49,-20.0,-23.2,4.0,4.0,26.0
2026-08-11 13:03:49,-20.0,-23.2,4.0,4.0,26.0
2026-08-11 13:02:49,-20.0,-23.1,4.0,4.0,26.0
2026-08-11 13:01:49,-19.9,-23.1,4.0,4.0,26.0
2026-08-11 13:00:49,-19.9,-23.1,4.0,4.0,26.0
2026-08-11 12:59:49,-19.9,-23.0,4.0,4.0,26.0
2026-08-11 12:58:49,-19.8,-23.0,4.0,4.0,26.0
2026-08-11 12:57:49,-19.8,-23.0,4.0,4.0,26.0
2026-08-11 12:56:49,-19.8,-22.9,4.0,4.0,26.0
2026-08-11 12:55:49,-19.7,-22.9,4.0,4.0,26.0
2026-08-11 12:54:49,-19.7,-22.9,3.0,4.0,26.0
2026-08-11 12:53:49,-19.6,-22.8,3.0,4.0,26.0
2026-08-11 12:52:49,-19.6,-22.7,3.0,4.0,26.0
2026-08-11 12:51:49,-19.5,-22.7,3.0,4.0,26.0
2026-08-11 12:50:49,-19.5,-22.7,3.0,4.0,26.0
2026-08-11 12:49:49,-19.4,-22.6,3.0,4.0,26.0
2026-08-11 12:48:49,-19.4,-22.5,3.0,4.0,26.0
2026-08-11 12:47:49,-19.3,-22.5,3.0,4.0,26.0
2026-08-11 12:46:49,-19.2,-22.4,3.0,4.0,26.0
2026-08-11 12:45:49,-19.2,-22.3,3.0,4.0,26.0
2026-08-11 12:44:49,-19.1,-22.3,2.0,4.0,26.0
2026-08-11 12:43:49,-19.0,-22.2,2.0,4.0,26.0
2026-08-11 12:42:49,-19.0,-22.1,2.0,4.0,25.0
2026-08-11 12:41:49,-18.9,-22.0,2.0,4.0,25.0
2026-08-11 12:40:49,-18.9,-21.9,2.0,4.0,25.0
2026-08-11 12:39:49,-18.9,-21.8,2.0,4.0,25.0
2026-08-11 12:38:49,-19.1,-21.8,1.0,4.0,25.0
2026-08-11 12:37:49,-19.3,-21.8,1.0,4.0,25.0
2026-08-11 12:36:49,-19.5,-22.0,1.0,3.0,26.0
2026-08-11 12:35:49,-19.7,-22.2,1.0,4.0,26.0
2026-08-11 12:34:49,-19.8,-22.4,2.0,4.0,25.0
2026-08-11 12:33:49,-20.0,-22.7,3.0,4.0,26.0
2026-08-11 12:32:49,-20.0,-22.9,4.0,4.0,26.0
2026-08-11 12:31:49,-20.0,-23.1,4.0,4.0,26.0
2026-08-11 12:30:49,-19.9,-23.1,4.0,4.0,26.0
2026-08-11 12:29:49,-19.8,-23.1,4.0,4.0,26.0
2026-08-11 12:28:49,-19.8,-23.0,4.0,4.0,26.0
2026-08-11 12:27:49,-19.8,-22.9,4.0,4.0,26.0
2026-08-11 12:26:49,-19.7,-22.9,4.0,4.0,26.0
2026-08-11 12:25:49,-19.7,-22.9,4.0,4.0,26.0
2026-08-11 12:24:49,-19.7,-22.8,4.0,4.0,26.0
2026-08-11 12:23:49,-19.6,-22.8,4.0,4.0,26.0
2026-08-11 12:22:49,-19.6,-22.7,4.0,4.0,26.0
2026-08-11 12:21:49,-19.5,-22.7,4.0,4.0,26.0
2026-08-11 12:20:49,-19.5,-22.6,4.0,4.0,26.0
2026-08-11 12:19:49,-19.4,-22.6,3.0,4.0,26.0
2026-08-11 12:18:49,-19.4,-22.5,3.0,4.0,26.0
2026-08-11 12:17:49,-19.4,-22.5,3.0,4.0,26.0
2026-08-11 12:16:49,-19.3,-22.5,3.0,4.0,26.0
2026-08-11 12:15:49,-19.2,-22.4,3.0,4.0,26.0
2026-08-11 12:14:49,-19.2,-22.3,3.0,4.0,26.0
2026-08-11 12:13:49,-19.1,-22.3,3.0,4.0,26.0
2026-08-11 12:12:49,-19.0,-22.2,3.0,4.0,26.0
2026-08-11 12:11:49,-18.9,-22.2,3.0,4.0,25.0
2026-08-11 12:10:49,-18.9,-22.1,3.0,4.0,26.0
2026-08-11 12:09:49,-18.8,-22.0,2.0,4.0,26.0
2026-08-11 12:08:49,-18.7,-21.9,2.0,4.0,26.0
2026-08-11 12:07:49,-18.7,-21.8,2.0,4.0,26.0
2026-08-11 12:06:49,-18.6,-21.7,2.0,4.0,26.0
2026-08-11 12:05:49,-18.6,-21.6,2.0,4.0,26.0
2026-08-11 12:04:49,-18.7,-21.5,1.0,4.0,26.0
2026-08-11 12:03:49,-18.8,-21.5,1.0,4.0,26.0
2026-08-11 12:02:49,-19.1,-21.5,1.0,3.0,26.0
2026-08-11 12:01:49,-19.3,-21.7,1.0,3.0,26.0
2026-08-11 12:00:49,-19.4,-21.9,1.0,4.0,26.0
2026-08-11 11:59:49,-19.5,-22.1,2.0,4.0,26.0
2026-08-11 11:58:49,-19.6,-22.4,3.0,4.0,26.0
2026-08-11 11:57:49,-19.7,-22.6,3.0,4.0,26.0
2026-08-11 11:56:49,-19.6,-22.8,4.0,4.0,26.0
2026-08-11 11:55:49,-19.6,-22.7,4.0,4.0,26.0
2026-08-11 11:54:49,-19.5,-22.7,4.0,4.0,26.0
2026-08-11 11:53:49,-19.4,-22.6,4.0,4.0,26.0
2026-08-11 11:52:49,-19.4,-22.6,4.0,4.0,26.0
2026-08-11 11:51:49,-19.4,-22.5,4.0,4.0,26.0
2026-08-11 11:50:49,-19.3,-22.5,4.0,4.0,26.0
2026-08-11 11:49:49,-19.3,-22.4,4.0,4.0,26.0
2026-08-11 11:48:49,-19.3,-22.4,4.0,4.0,26.0
2026-08-11 11:47:49,-19.2,-22.3,4.0,4.0,26.0
2026-08-11 11:46:49,-19.2,-22.3,3.0,4.0,26.0
2026-08-11 11:45:49,-19.1,-22.2,3.0,4.0,26.0
2026-08-11 11:44:49,-19.1,-22.2,3.0,4.0,26.0
2026-08-11 11:43:49,-19.0,-22.1,3.0,4.0,26.0
2026-08-11 11:42:49,-19.0,-22.1,3.0,4.0,26.0
2026-08-11 11:41:49,-18.9,-22.0,3.0,4.0,26.0
2026-08-11 11:40:49,-18.9,-21.9,3.0,4.0,26.0
2026-08-11 11:39:49,-18.8,-21.8,3.0,4.0,26.0
2026-08-11 11:38:49,-18.8,-21.8,3.0,4.0,25.0
2026-08-11 11:37:49,-18.7,-21.7,3.0,4.0,26.0
2026-08-11 11:36:49,-18.6,-21.6,2.0,4.0,26.0
2026-08-11 11:35:49,-18.6,-21.6,2.0,4.0,26.0
2026-08-11 11:34:49,-18.5,-21.5,2.0,4.0,26.0
2026-08-11 11:33:49,-18.4,-21.4,2.0,4.0,26.0
2026-08-11 11:32:49,-18.4,-21.3,2.0,4.0,26.0
2026-08-11 11:31:49,-18.4,-21.2,2.0,4.0,26.0
2026-08-11 11:30:49,-18.4,-21.1,1.0,4.0,26.0
2026-08-11 11:29:49,-18.5,-21.0,1.0,4.0,26.0
2026-08-11 11:28:49,-18.7,-21.0,0.0,3.0,26.0
2026-08-11 11:27:49,-18.8,-21.2,1.0,4.0,26.0
2026-08-11 11:26:49,-19.0,-21.4,1.0,4.0,26.0
2026-08-11 11:25:49,-19.2,-21.6,2.0,4.0,26.0
2026-08-11 11:24:49,-19.2,-21.9,2.0,3.0,26.0
2026-08-11 11:23:49,-19.2,-22.1,3.0,4.0,26.0
2026-08-11 11:22:49,-19.0,-22.1,4.0,4.0,26.0
2026-08-11 11:21:49,-18.8,-22.0,3.0,4.0,26.0
2026-08-11 11:20:49,-18.6,-21.8,3.0,4.0,26.0
2026-08-11 11:19:49,-18.3,-21.6,3.0,4.0,26.0
2026-08-11 11:18:49,-17.8,-21.3,3.0,4.0,26.0
2026-08-11 11:17:49,-17.0,-20.8,3.0,4.0,26.0
2026-08-11 11:16:49,-15.7,-19.9,4.0,4.0,26.0
2026-08-11 11:15:49,-13.8,-18.4,4.0,4.0,26.0
2026-08-11 11:14:49,-15.6,-21.2,3.0,4.0,26.0
2026-08-11 11:13:49,-19.6,-22.6,3.0,4.0,26.0
2026-08-11 11:12:49,-19.6,-22.6,3.0,4.0,26.0
2026-08-11 11:11:49,-19.5,-22.6,3.0,4.0,26.0
2026-08-11 11:10:49,-19.4,-22.5,3.0,4.0,26.0
2026-08-11 11:09:49,-19.4,-22.5,3.0,4.0,25.0
2026-08-11 11:08:49,-19.3,-22.4,3.0,4.0,25.0
2026-08-11 11:07:49,-19.2,-22.4,3.0,4.0,25.0
2026-08-11 11:06:49,-19.1,-22.3,3.0,4.0,26.0
2026-08-11 11:05:49,-19.1,-22.2,3.0,4.0,26.0
2026-08-11 11:04:49,-19.0,-22.2,2.0,4.0,26.0
2026-08-11 11:03:49,-19.0,-22.0,2.0,4.0,26.0
2026-08-11 11:02:52,-18.7,-21.5,2.0,3.0,25.0
2026-08-11 10:35:26,-19.1,-22.2,2.0,3.0,24.0
2026-08-11 10:34:26,-19.1,-22.1,2.0,3.0,24.0
2026-08-11 10:33:26,-19.0,-22.0,2.0,3.0,24.0
2026-08-11 10:32:26,-18.9,-21.9,1.0,3.0,24.0
2026-08-11 10:31:26,-18.8,-21.9,1.0,3.0,25.0
2026-08-11 10:30:26,-18.7,-21.8,1.0,3.0,25.0
2026-08-11 10:29:26,-18.7,-21.7,1.0,3.0,25.0
2026-08-11 10:28:26,-18.6,-21.6,1.0,3.0,26.0
2026-08-11 10:27:26,-18.5,-21.5,1.0,3.0,26.0
2026-08-11 10:26:26,-18.6,-21.4,0.0,3.0,26.0
2026-08-11 10:25:26,-18.7,-21.4,0.0,3.0,26.0
2026-08-11 10:24:26,-18.7,-21.3,0.0,3.0,26.0
2026-08-11 09:36:51,-18.9,-21.9,2.0,4.0,26.0
2026-08-11 09:35:51,-18.8,-21.8,3.0,4.0,26.0
2026-08-11 09:34:51,-18.7,-21.7,3.0,4.0,26.0
2026-08-11 09:33:51,-18.6,-21.7,2.0,3.0,26.0
2026-08-11 09:32:51,-18.5,-21.6,1.0,4.0,26.0
2026-08-11 09:31:51,-18.5,-21.5,1.0,3.0,26.0
2026-08-11 09:30:51,-18.4,-21.5,1.0,3.0,26.0
2026-08-11 09:29:51,-18.3,-21.3,1.0,3.0,25.0
2026-08-11 09:28:51,-18.3,-21.2,1.0,3.0,25.0
2026-08-11 09:27:51,-18.4,-21.2,0.0,3.0,25.0
2026-08-11 09:26:51,-18.5,-21.1,0.0,3.0,26.0
2026-08-11 09:25:51,-18.8,-21.2,0.0,3.0,25.0
2026-08-11 09:24:51,-18.9,-21.4,0.0,3.0,24.0
2026-08-11 09:23:51,-19.1,-21.6,0.0,3.0,24.0
2026-08-11 09:22:51,-19.3,-21.8,1.0,3.0,24.0
2026-08-11 09:21:51,-19.3,-22.1,1.0,3.0,25.0
2026-08-11 09:20:51,-19.4,-22.2,2.0,3.0,25.0
2026-08-11 09:19:51,-19.3,-22.4,3.0,4.0,24.0
2026-08-11 09:18:51,-19.3,-22.3,3.0,3.0,25.0
2026-08-11 09:17:51,-19.2,-22.2,3.0,3.0,25.0
2026-08-11 09:16:51,-18.5,-20.9,0.0,2.0,26.0
2026-08-11 07:23:48,-19.2,-21.8,0.0,3.0,25.0
2026-08-11 07:22:48,-19.3,-22.0,1.0,3.0,25.0
2026-08-11 07:21:48,-19.3,-22.2,2.0,3.0,24.0
2026-08-11 07:20:48,-19.2,-22.3,3.0,3.0,25.0
2026-08-11 07:19:50,-19.1,-22.3,3.0,3.0,25.0
2026-08-11 07:18:48,-19.1,-22.2,2.0,3.0,25.0
2026-08-11 07:17:48,-19.0,-22.1,2.0,3.0,25.0
2026-08-11 07:16:48,-19.0,-22.1,2.0,3.0,25.0
2026-08-11 07:15:48,-18.9,-22.1,2.0,3.0,25.0
2026-08-11 07:14:48,-18.9,-22.0,2.0,3.0,24.0
2026-08-11 07:13:48,-18.9,-22.0,2.0,3.0,25.0
2026-08-11 07:12:48,-18.8,-21.9,2.0,3.0,26.0
2026-08-11 07:11:48,-18.8,-21.9,1.0,3.0,26.0
2026-08-11 07:10:48,-18.7,-21.8,1.0,3.0,25.0
2026-08-11 07:09:48,-18.6,-21.7,1.0,3.0,26.0
2026-08-11 07:08:48,-18.6,-21.7,1.0,3.0,25.0
2026-08-11 07:07:48,-18.5,-21.6,1.0,3.0,26.0
2026-08-11 07:06:48,-18.4,-21.6,1.0,3.0,26.0
2026-08-11 07:05:48,-18.3,-21.5,1.0,3.0,26.0
2026-08-11 07:04:48,-18.3,-21.4,1.0,3.0,25.0
2026-08-11 07:03:48,-18.6,-21.0,0.0,2.0,26.0
2026-08-11 06:20:04,-17.2,-19.9,0.0,2.0,26.0
2026-08-11 06:19:04,-17.4,-19.9,0.0,2.0,26.0
2026-08-11 06:18:04,-17.6,-19.9,0.0,1.0,26.0
2026-08-11 06:17:04,-17.7,-20.1,0.0,2.0,26.0
2026-08-11 06:16:04,-17.9,-20.2,0.0,2.0,26.0
2026-08-11 06:15:04,-18.0,-20.3,0.0,2.0,26.0
2026-08-11 06:14:04,-18.1,-20.5,0.0,3.0,26.0
2026-08-11 06:13:04,-18.2,-20.6,0.0,2.0,26.0
2026-08-11 06:12:04,-18.4,-20.8,0.0,2.0,26.0
2026-08-11 06:11:04,-18.6,-21.0,0.0,2.0,25.0
2026-08-11 06:10:04,-18.7,-21.2,0.0,3.0,26.0
2026-08-11 06:09:04,-18.9,-21.5,1.0,3.0,26.0
2026-08-11 06:08:04,-19.0,-21.7,2.0,3.0,26.0
2026-08-11 06:07:04,-18.9,-21.9,3.0,3.0,26.0
2026-08-11 06:06:04,-18.8,-21.9,3.0,3.0,26.0
2026-08-11 06:05:04,-18.8,-21.9,3.0,3.0,26.0
2026-08-11 06:04:04,-18.7,-21.8,3.0,3.0,26.0
2026-08-11 06:03:04,-18.7,-21.8,3.0,3.0,26.0
2026-08-11 06:02:04,-18.6,-21.7,3.0,3.0,26.0
2026-08-11 06:01:04,-18.5,-21.7,2.0,3.0,26.0
2026-08-11 06:00:04,-18.5,-21.6,2.0,3.0,26.0
2026-08-11 05:59:04,-18.4,-21.5,2.0,3.0,26.0
2026-08-11 05:58:04,-18.4,-21.5,2.0,3.0,25.0
2026-08-11 05:57:04,-18.3,-21.4,2.0,3.0,26.0
2026-08-11 05:56:04,-18.2,-21.3,2.0,3.0,26.0
2026-08-11 05:55:04,-18.2,-21.3,1.0,3.0,26.0
2026-08-11 05:54:04,-18.1,-21.2,1.0,3.0,26.0
2026-08-11 05:53:04,-18.1,-21.2,1.0,3.0,26.0
2026-08-11 05:52:04,-18.0,-21.1,1.0,3.0,26.0
2026-08-11 05:51:04,-17.9,-21.0,1.0,3.0,26.0
2026-08-11 05:50:04,-17.8,-21.0,1.0,3.0,26.0
2026-08-11 05:49:04,-17.8,-20.9,1.0,3.0,26.0
2026-08-11 05:48:04,-17.7,-20.8,1.0,3.0,26.0
2026-08-11 05:47:04,-17.6,-20.8,1.0,3.0,26.0
2026-08-11 05:46:04,-17.5,-20.7,0.0,3.0,26.0
2026-08-11 05:45:04,-17.5,-20.6,0.0,3.0,26.0
2026-08-11 05:44:04,-17.4,-20.5,0.0,3.0,26.0
2026-08-11 05:43:04,-17.3,-20.4,0.0,2.0,26.0
2026-08-11 05:42:04,-17.2,-20.3,0.0,2.0,26.0
2026-08-11 05:41:04,-17.2,-20.2,0.0,2.0,26.0
2026-08-11 05:40:04,-17.2,-20.0,0.0,2.0,26.0
2026-08-11 05:39:04,-18.0,-21.1,3.0,3.0,26.0
2026-08-11 04:58:08,-17.8,-21.0,2.0,3.0,27.0
2026-08-11 04:57:08,-17.8,-20.9,2.0,3.0,27.0
2026-08-11 04:56:08,-17.7,-20.8,2.0,3.0,26.0
2026-08-11 04:55:08,-17.6,-20.8,2.0,3.0,26.0
2026-08-11 04:54:08,-17.5,-20.7,1.0,3.0,26.0
2026-08-11 04:53:08,-17.5,-20.6,1.0,4.0,26.0
2026-08-11 04:52:08,-17.5,-20.5,1.0,3.0,26.0
2026-08-11 04:51:08,-17.3,-20.4,1.0,3.0,26.0
2026-08-11 04:50:08,-17.3,-20.4,1.0,3.0,26.0
2026-08-11 04:49:08,-17.2,-20.3,1.0,3.0,26.0
2026-08-11 04:48:08,-17.2,-20.2,1.0,3.0,26.0
2026-08-11 04:47:08,-17.2,-20.2,1.0,3.0,26.0
2026-08-11 04:46:08,-17.2,-20.1,0.0,3.0,26.0
2026-08-11 04:45:08,-17.1,-20.0,0.0,3.0,26.0
2026-08-11 04:44:08,-17.1,-20.0,0.0,3.0,26.0
2026-08-11 04:43:08,-17.1,-19.8,0.0,3.0,26.0
2026-08-11 04:42:08,-17.0,-19.8,0.0,3.0,27.0
2026-08-11 04:41:08,-16.9,-19.7,0.0,3.0,27.0
2026-08-11 04:40:08,-16.9,-19.5,0.0,3.0,27.0
2026-08-11 04:39:08,-16.8,-19.3,0.0,2.0,27.0
2026-08-11 04:38:08,-15.8,-18.6,1.0,3.0,27.0
2026-08-11 00:21:54,-15.7,-18.5,1.0,4.0,27.0
2026-08-11 00:20:54,-15.6,-18.4,1.0,3.0,27.0
2026-08-11 00:19:54,-15.5,-18.3,1.0,3.0,27.0
2026-08-11 00:18:54,-15.4,-18.2,1.0,3.0,27.0
2026-08-11 00:17:54,-15.3,-18.0,1.0,3.0,27.0
2026-08-11 00:16:54,-15.3,-17.9,0.0,4.0,27.0
2026-08-11 00:15:54,-15.2,-17.8,1.0,3.0,27.0
2026-08-11 00:14:54,-15.2,-17.7,0.0,3.0,27.0
2026-08-11 00:13:54,-15.1,-17.6,0.0,3.0,27.0
2026-08-11 00:12:54,-14.9,-17.4,0.0,3.0,27.0
2026-08-11 00:11:54,-14.8,-17.2,0.0,3.0,27.0
2026-08-11 00:10:54,-14.7,-17.1,0.0,3.0,27.0
2026-08-11 00:09:54,-14.6,-16.9,0.0,3.0,27.0
2026-08-11 00:08:54,-14.5,-16.7,0.0,3.0,27.0
2026-08-11 00:07:54,-14.4,-16.5,0.0,2.0,27.0
2026-08-11 00:06:54,-14.3,-16.3,0.0,2.0,27.0
2026-08-11 00:05:54,-14.3,-16.3,0.0,2.0,27.0
2026-08-11 00:04:54,-14.4,-16.4,0.0,2.0,27.0
2026-08-11 00:03:54,-14.4,-16.5,0.0,3.0,27.0
2026-08-11 00:02:54,-14.5,-16.5,0.0,2.0,27.0
2026-08-11 00:01:54,-14.5,-16.6,0.0,3.0,27.0
2026-08-11 00:00:54,-14.6,-16.7,0.0,3.0,27.0
2026-08-10 23:59:54,-14.7,-16.7,0.0,2.0,27.0
2026-08-10 23:58:54,-14.8,-16.8,0.0,3.0,27.0
2026-08-10 23:57:54,-14.9,-16.9,0.0,4.0,27.0
2026-08-10 23:56:54,-15.0,-17.0,0.0,3.0,27.0
2026-08-10 23:55:54,-15.0,-17.1,0.0,3.0,27.0
2026-08-10 23:54:54,-15.2,-17.2,0.0,3.0,28.0
2026-08-10 23:53:54,-15.2,-17.3,0.0,3.0,28.0
2026-08-10 23:52:54,-15.3,-17.4,0.0,4.0,27.0
2026-08-10 23:51:54,-15.5,-17.5,0.0,4.0,27.0
2026-08-10 23:50:54,-15.6,-17.7,0.0,4.0,27.0
2026-08-10 23:49:54,-15.8,-17.8,0.0,4.0,27.0
2026-08-10 23:48:54,-15.9,-17.9,1.0,4.0,27.0
2026-08-10 23:47:54,-16.1,-18.1,1.0,4.0,27.0
2026-08-10 23:46:54,-16.2,-18.3,1.0,5.0,28.0
2026-08-10 23:45:54,-16.4,-18.5,2.0,5.0,28.0
2026-08-10 23:44:54,-16.6,-18.7,3.0,5.0,28.0
2026-08-10 23:43:54,-16.7,-18.9,3.0,5.0,27.0
2026-08-10 23:42:54,-17.0,-19.2,4.0,5.0,27.0
2026-08-10 23:41:54,-17.3,-19.5,4.0,5.0,27.0
2026-08-10 23:40:54,-17.5,-19.8,5.0,5.0,27.0
2026-08-10 23:39:54,-17.7,-20.2,6.0,5.0,27.0
2026-08-10 23:38:54,-17.8,-20.4,7.0,5.0,27.0
2026-08-10 23:37:54,-17.8,-20.5,8.0,5.0,27.0
2026-08-10 23:36:54,-17.8,-20.5,8.0,5.0,27.0
2026-08-10 23:35:54,-17.8,-20.5,7.0,5.0,27.0
2026-08-10 23:34:54,-17.8,-20.4,7.0,5.0,27.0
2026-08-10 23:33:54,-17.7,-20.4,7.0,5.0,27.0
2026-08-10 23:32:54,-17.7,-20.4,7.0,5.0,27.0
2026-08-10 23:31:54,-17.7,-20.3,7.0,5.0,27.0
2026-08-10 23:30:54,-17.7,-20.3,7.0,5.0,27.0
2026-08-10 23:29:54,-17.6,-20.3,7.0,5.0,27.0
2026-08-10 23:28:54,-17.5,-20.2,7.0,5.0,27.0
2026-08-10 23:27:54,-17.5,-20.2,7.0,5.0,27.0
2026-08-10 23:26:54,-17.4,-20.2,7.0,5.0,27.0
2026-08-10 23:25:54,-17.4,-20.1,7.0,5.0,27.0
2026-08-10 23:24:54,-17.4,-20.1,7.0,5.0,27.0
2026-08-10 23:23:54,-17.4,-20.0,7.0,5.0,27.0
2026-08-10 23:22:54,-17.3,-20.0,7.0,5.0,27.0
2026-08-10 23:21:54,-17.3,-20.0,7.0,5.0,27.0
2026-08-10 23:20:54,-17.2,-19.9,7.0,5.0,27.0
2026-08-10 23:19:54,-17.2,-19.9,7.0,5.0,27.0
2026-08-10 23:18:54,-17.2,-19.9,7.0,5.0,27.0
2026-08-10 23:17:54,-17.1,-19.8,6.0,4.0,27.0
2026-08-10 23:16:54,-17.1,-19.8,6.0,4.0,27.0
2026-08-10 23:15:54,-17.1,-19.7,6.0,4.0,27.0
2026-08-10 23:14:54,-17.0,-19.7,6.0,4.0,27.0
2026-08-10 23:13:54,-16.9,-19.6,6.0,4.0,27.0
2026-08-10 23:12:54,-16.9,-19.6,6.0,4.0,27.0
2026-08-10 23:11:54,-16.8,-19.6,6.0,4.0,27.0
2026-08-10 23:10:54,-16.8,-19.5,6.0,4.0,27.0
2026-08-10 23:09:54,-16.8,-19.5,6.0,4.0,27.0
2026-08-10 23:08:54,-16.7,-19.4,6.0,4.0,27.0
2026-08-10 23:07:54,-16.7,-19.4,6.0,5.0,28.0
2026-08-10 23:06:54,-16.6,-19.3,6.0,4.0,27.0
2026-08-10 23:05:54,-16.6,-19.3,6.0,4.0,27.0
2026-08-10 23:04:54,-16.5,-19.2,6.0,4.0,27.0
2026-08-10 23:03:54,-16.5,-19.2,5.0,4.0,27.0
2026-08-10 23:02:54,-16.4,-19.1,5.0,4.0,27.0
2026-08-10 23:01:54,-16.4,-19.1,5.0,5.0,27.0
2026-08-10 23:00:54,-16.3,-19.0,5.0,4.0,27.0
2026-08-10 22:59:54,-16.3,-19.0,5.0,4.0,27.0
2026-08-10 22:58:54,-16.2,-18.9,5.0,4.0,27.0
2026-08-10 22:57:54,-16.1,-18.8,5.0,4.0,27.0
2026-08-10 22:56:54,-16.1,-18.8,5.0,4.0,27.0
2026-08-10 22:55:54,-16.0,-18.7,5.0,4.0,28.0
2026-08-10 22:54:54,-16.0,-18.7,5.0,4.0,28.0
2026-08-10 22:53:54,-15.9,-18.6,5.0,4.0,28.0
2026-08-10 22:52:54,-15.9,-18.6,5.0,4.0,27.0
2026-08-10 22:51:54,-15.8,-18.5,4.0,5.0,27.0
2026-08-10 22:50:54,-15.7,-18.4,4.0,4.0,27.0
2026-08-10 22:49:54,-15.6,-18.4,4.0,4.0,27.0
2026-08-10 22:48:54,-15.6,-18.3,4.0,4.0,28.0
2026-08-10 22:47:54,-15.5,-18.3,4.0,4.0,28.0
2026-08-10 22:46:54,-15.4,-18.2,4.0,4.0,28.0
2026-08-10 22:45:54,-15.4,-18.1,4.0,4.0,28.0
2026-08-10 22:44:54,-15.3,-18.0,4.0,4.0,28.0
2026-08-10 22:43:54,-15.2,-18.0,4.0,4.0,28.0
2026-08-10 22:42:54,-15.1,-17.9,4.0,4.0,28.0
2026-08-10 22:41:54,-15.0,-17.8,3.0,4.0,27.0
2026-08-10 22:40:54,-15.0,-17.7,3.0,4.0,27.0
2026-08-10 22:39:54,-14.9,-17.7,3.0,4.0,27.0
2026-08-10 22:38:54,-14.9,-17.6,3.0,4.0,28.0
2026-08-10 22:37:54,-14.7,-17.5,3.0,4.0,28.0
2026-08-10 22:36:54,-14.7,-17.4,3.0,4.0,28.0
2026-08-10 22:35:54,-14.6,-17.3,3.0,4.0,28.0
2026-08-10 22:34:54,-14.5,-17.2,3.0,4.0,28.0
2026-08-10 22:33:54,-14.4,-17.1,2.0,4.0,27.0
2026-08-10 22:32:54,-14.3,-17.0,2.0,4.0,27.0
2026-08-10 22:31:54,-14.2,-16.9,2.0,4.0,28.0
2026-08-10 22:30:54,-14.1,-16.8,2.0,4.0,28.0
2026-08-10 22:29:54,-14.1,-16.7,2.0,4.0,28.0
2026-08-10 22:28:54,-14.0,-16.6,1.0,4.0,27.0
2026-08-10 22:27:54,-13.9,-16.5,1.0,4.0,27.0
2026-08-10 22:26:54,-13.8,-16.4,1.0,4.0,28.0
2026-08-10 22:25:54,-13.6,-16.3,1.0,4.0,28.0
2026-08-10 22:24:54,-13.6,-16.2,1.0,4.0,28.0
2026-08-10 22:23:54,-13.5,-16.0,1.0,4.0,28.0
2026-08-10 22:22:54,-13.4,-15.8,1.0,4.0,28.0
2026-08-10 22:21:54,-13.3,-15.7,0.0,4.0,28.0
2026-08-10 22:20:54,-13.2,-15.6,0.0,4.0,28.0
2026-08-10 22:19:54,-13.1,-15.4,0.0,4.0,28.0
2026-08-10 22:18:54,-12.9,-15.2,0.0,3.0,28.0
2026-08-10 22:17:54,-12.8,-15.0,0.0,3.0,28.0
2026-08-10 22:16:54,-12.7,-14.7,0.0,3.0,28.0
2026-08-10 22:15:54,-12.6,-14.6,0.0,3.0,28.0
2026-08-10 22:14:54,-12.5,-14.5,0.0,2.0,28.0
2026-08-10 22:13:54,-12.6,-14.5,0.0,2.0,28.0
2026-08-10 22:12:54,-12.6,-14.6,0.0,3.0,28.0
2026-08-10 22:11:54,-12.6,-14.6,0.0,3.0,28.0
2026-08-10 22:10:54,-12.6,-14.6,0.0,3.0,28.0
2026-08-10 22:09:54,-12.7,-14.7,0.0,3.0,28.0
2026-08-10 22:08:54,-12.8,-14.7,0.0,3.0,28.0
2026-08-10 22:07:54,-12.8,-14.8,0.0,3.0,28.0
2026-08-10 22:06:54,-12.9,-14.8,0.0,3.0,28.0
2026-08-10 22:05:54,-12.9,-14.9,0.0,4.0,28.0
2026-08-10 22:04:54,-13.0,-14.9,0.0,4.0,28.0
2026-08-10 22:03:54,-13.0,-15.0,0.0,4.0,28.0
2026-08-10 22:02:54,-13.1,-15.1,0.0,4.0,28.0
2026-08-10 22:01:54,-13.2,-15.1,0.0,4.0,28.0
2026-08-10 22:00:54,-13.3,-15.2,0.0,4.0,28.0
2026-08-10 21:59:54,-13.3,-15.3,0.0,4.0,28.0
2026-08-10 21:58:54,-13.4,-15.4,1.0,5.0,28.0
2026-08-10 21:57:54,-13.5,-15.5,1.0,4.0,28.0
2026-08-10 21:56:54,-13.6,-15.6,1.0,5.0,28.0
2026-08-10 21:55:54,-13.7,-15.7,2.0,5.0,28.0
2026-08-10 21:54:54,-13.8,-15.8,2.0,5.0,28.0
2026-08-10 21:53:54,-14.0,-15.9,3.0,5.0,28.0
2026-08-10 21:52:54,-14.1,-16.1,3.0,4.0,28.0
2026-08-10 21:51:54,-14.3,-16.3,3.0,4.0,28.0
2026-08-10 21:50:54,-14.5,-16.5,4.0,4.0,28.0
2026-08-10 21:49:54,-14.6,-16.7,4.0,4.0,28.0
2026-08-10 21:48:54,-14.9,-17.0,5.0,3.0,28.0
2026-08-10 21:47:54,-15.1,-17.3,6.0,4.0,28.0
2026-08-10 21:46:54,-15.4,-17.7,6.0,4.0,28.0
2026-08-10 21:45:54,-15.5,-17.9,7.0,4.0,28.0
2026-08-10 21:44:54,-15.5,-18.0,7.0,4.0,28.0
2026-08-10 21:43:54,-15.5,-18.0,7.0,4.0,28.0
2026-08-10 21:42:54,-15.4,-17.9,7.0,4.0,28.0
2026-08-10 21:41:54,-15.4,-17.8,7.0,4.0,28.0
2026-08-10 21:40:54,-15.3,-17.8,7.0,4.0,28.0
2026-08-10 21:39:54,-15.3,-17.7,7.0,4.0,28.0
2026-08-10 21:38:54,-15.2,-17.7,7.0,4.0,28.0
2026-08-10 21:37:54,-15.2,-17.6,7.0,4.0,28.0
2026-08-10 21:36:54,-15.1,-17.6,7.0,4.0,28.0
2026-08-10 21:35:54,-15.1,-17.5,7.0,4.0,28.0
2026-08-10 21:34:54,-15.0,-17.5,7.0,4.0,28.0
2026-08-10 21:33:54,-15.0,-17.4,6.0,4.0,28.0
2026-08-10 21:32:54,-14.9,-17.3,6.0,4.0,28.0
2026-08-10 21:31:54,-14.8,-17.3,6.0,4.0,28.0
2026-08-10 21:30:54,-14.8,-17.2,6.0,4.0,28.0
2026-08-10 21:29:54,-14.7,-17.1,6.0,4.0,28.0
2026-08-10 21:28:54,-14.6,-17.1,6.0,4.0,28.0
2026-08-10 21:27:54,-14.6,-17.0,6.0,4.0,28.0
2026-08-10 21:26:54,-14.5,-16.9,5.0,4.0,28.0
2026-08-10 21:25:54,-14.5,-16.9,5.0,4.0,28.0
2026-08-10 21:24:54,-14.4,-16.8,5.0,4.0,28.0
2026-08-10 21:23:54,-14.3,-16.8,5.0,4.0,28.0
2026-08-10 21:22:54,-14.3,-16.7,5.0,4.0,28.0
2026-08-10 21:21:54,-14.2,-16.6,6.0,4.0,28.0
2026-08-10 21:20:54,-14.1,-16.5,6.0,4.0,28.0
2026-08-10 21:19:54,-14.0,-16.4,6.0,4.0,28.0
2026-08-10 21:18:54,-13.9,-16.4,5.0,4.0,28.0
2026-08-10 21:17:54,-13.9,-16.3,5.0,4.0,28.0
2026-08-10 21:16:54,-13.8,-16.2,5.0,4.0,28.0
2026-08-10 21:15:54,-13.7,-16.1,5.0,4.0,28.0
2026-08-10 21:14:54,-13.6,-16.1,5.0,4.0,28.0
2026-08-10 21:13:54,-13.6,-16.0,5.0,4.0,28.0
2026-08-10 21:12:54,-13.5,-15.9,4.0,4.0,28.0
2026-08-10 21:11:54,-13.4,-15.8,4.0,4.0,28.0
2026-08-10 21:10:54,-13.3,-15.7,4.0,4.0,28.0
2026-08-10 21:09:54,-13.2,-15.6,4.0,4.0,28.0
2026-08-10 21:08:54,-13.1,-15.5,4.0,4.0,28.0
2026-08-10 21:07:54,-13.0,-15.4,4.0,4.0,28.0
2026-08-10 21:06:54,-12.9,-15.3,4.0,4.0,28.0
2026-08-10 21:05:54,-12.8,-15.3,4.0,4.0,28.0
2026-08-10 21:04:54,-12.7,-15.2,3.0,4.0,28.0
2026-08-10 21:03:54,-12.5,-15.0,3.0,4.0,28.0
2026-08-10 21:02:54,-12.5,-14.9,3.0,4.0,28.0
2026-08-10 21:01:54,-12.3,-14.8,3.0,4.0,28.0
2026-08-10 21:00:54,-12.3,-14.7,3.0,4.0,28.0
2026-08-10 20:59:54,-12.1,-14.6,3.0,4.0,28.0
2026-08-10 20:58:54,-12.0,-14.5,3.0,4.0,28.0
2026-08-10 20:57:54,-11.9,-14.4,3.0,4.0,28.0
2026-08-10 20:56:54,-11.7,-14.2,3.0,5.0,28.0
2026-08-10 20:55:54,-11.6,-14.1,4.0,5.0,28.0
2026-08-10 20:54:54,-11.5,-14.0,3.0,5.0,27.0
2026-08-10 20:53:54,-11.4,-13.9,2.0,5.0,28.0
2026-08-10 20:52:54,-11.3,-13.7,2.0,4.0,27.0
2026-08-10 20:51:54,-11.1,-13.6,2.0,4.0,27.0
2026-08-10 20:50:54,-11.0,-13.5,2.0,4.0,27.0
2026-08-10 20:49:54,-10.8,-13.3,2.0,4.0,27.0
2026-08-10 20:48:54,-10.7,-13.2,2.0,4.0,27.0
2026-08-10 20:47:54,-10.5,-13.0,1.0,4.0,27.0
2026-08-10 20:46:54,-10.4,-12.9,1.0,4.0,28.0
2026-08-10 20:45:54,-10.2,-12.7,1.0,4.0,28.0
2026-08-10 20:44:54,-10.0,-12.6,1.0,4.0,28.0
2026-08-10 20:43:54,-9.9,-12.4,1.0,4.0,28.0
2026-08-10 20:42:54,-9.7,-12.2,1.0,4.0,28.0
2026-08-10 20:41:54,-9.5,-12.0,1.0,4.0,28.0
2026-08-10 20:40:54,-9.3,-11.7,0.0,4.0,28.0
2026-08-10 20:39:54,-9.1,-11.5,0.0,4.0,28.0
2026-08-10 20:38:54,-8.9,-11.2,0.0,4.0,28.0
2026-08-10 20:37:54,-8.7,-11.0,0.0,3.0,28.0
2026-08-10 20:36:54,-8.6,-10.9,0.0,3.0,28.0
2026-08-10 20:35:54,-8.6,-10.8,0.0,3.0,28.0
2026-08-10 20:34:54,-8.5,-10.8,0.0,3.0,28.0
2026-08-10 20:33:54,-8.5,-10.7,0.0,3.0,28.0
2026-08-10 20:32:54,-8.4,-10.7,0.0,3.0,28.0
2026-08-10 20:31:54,-8.4,-10.6,0.0,3.0,28.0
2026-08-10 20:30:54,-8.3,-10.5,0.0,4.0,28.0
2026-08-10 20:29:54,-8.3,-10.5,0.0,3.0,28.0
2026-08-10 20:28:54,-8.2,-10.4,0.0,4.0,28.0
2026-08-10 20:27:54,-8.1,-10.3,0.0,4.0,28.0
2026-08-10 20:26:54,-8.0,-10.2,0.0,4.0,27.0
2026-08-10 20:25:54,-7.9,-10.2,0.0,4.0,27.0
2026-08-10 20:24:54,-7.9,-10.1,0.0,4.0,27.0
2026-08-10 20:23:54,-7.8,-10.0,1.0,4.0,27.0
2026-08-10 20:22:54,-7.7,-9.9,1.0,4.0,27.0
2026-08-10 20:21:54,-7.6,-9.8,1.0,4.0,27.0
2026-08-10 20:20:54,-7.5,-9.7,1.0,4.0,27.0
2026-08-10 20:19:54,-7.5,-9.6,1.0,5.0,27.0
2026-08-10 20:18:54,-7.4,-9.5,1.0,5.0,27.0
2026-08-10 20:17:54,-7.2,-9.4,2.0,5.0,27.0
2026-08-10 20:16:54,-7.1,-9.3,2.0,5.0,27.0
2026-08-10 20:15:54,-7.0,-9.2,3.0,5.0,27.0
2026-08-10 20:14:54,-6.8,-9.1,3.0,5.0,27.0
2026-08-10 20:13:54,-6.7,-9.0,3.0,5.0,27.0
2026-08-10 20:12:54,-6.5,-8.9,3.0,5.0,27.0
2026-08-10 20:11:54,-6.3,-8.8,3.0,5.0,27.0
2026-08-10 20:10:54,-6.2,-8.7,4.0,5.0,27.0
2026-08-10 20:09:54,-6.0,-8.6,4.0,5.0,27.0
2026-08-10 20:08:54,-5.8,-8.5,4.0,5.0,27.0
2026-08-10 20:07:54,-5.6,-8.4,4.0,5.0,27.0
2026-08-10 20:06:54,-5.3,-8.5,4.0,5.0,27.0
2026-08-10 20:05:54,-5.2,-8.7,4.0,5.0,26.0
2026-08-10 20:04:54,-5.3,-9.4,4.0,5.0,26.0
2026-08-10 20:03:54,-5.8,-11.4,5.0,5.0,26.0
2026-08-10 20:02:54,-6.2,-12.9,5.0,5.0,26.0
2026-08-10 20:01:54,-6.0,-12.7,5.0,5.0,27.0
2026-08-10 20:00:54,-5.9,-12.6,4.0,4.0,26.0
2026-08-10 19:59:54,-5.7,-12.5,4.0,4.0,26.0
2026-08-10 19:58:54,-5.4,-12.3,4.0,4.0,26.0
2026-08-10 19:57:54,-5.2,-12.2,4.0,4.0,27.0
2026-08-10 19:56:54,-5.0,-12.0,4.0,4.0,27.0
2026-08-10 19:55:54,-4.7,-11.8,4.0,4.0,27.0
2026-08-10 19:54:54,-4.4,-11.6,4.0,4.0,27.0
2026-08-10 19:53:54,-4.1,-11.4,4.0,4.0,26.0
2026-08-10 19:52:54,-3.8,-11.3,4.0,4.0,26.0
2026-08-10 19:51:54,-3.5,-11.1,4.0,4.0,26.0
2026-08-10 19:50:54,-3.2,-11.0,4.0,4.0,26.0
2026-08-10 19:49:54,-3.0,-10.8,4.0,4.0,26.0
2026-08-10 19:48:54,-2.8,-10.6,4.0,4.0,26.0
2026-08-10 19:47:54,-2.6,-10.3,4.0,4.0,26.0
2026-08-10 19:46:54,-2.5,-10.1,4.0,4.0,26.0
2026-08-10 19:45:54,-2.4,-10.0,4.0,4.0,26.0
2026-08-10 19:44:54,-2.5,-10.0,4.0,4.0,26.0
2026-08-10 19:43:54,-2.5,-9.9,4.0,4.0,26.0
2026-08-10 19:42:54,-2.8,-10.0,4.0,4.0,26.0
2026-08-10 19:41:54,-3.1,-10.1,4.0,4.0,26.0
2026-08-10 19:40:54,-3.5,-10.3,4.0,4.0,26.0
2026-08-10 19:39:54,-4.2,-10.5,3.0,3.0,26.0
2026-08-10 19:38:54,-5.2,-10.9,3.0,3.0,26.0
2026-08-10 19:37:54,-6.3,-11.6,3.0,3.0,26.0
2026-08-10 19:36:54,-7.4,-12.3,3.0,3.0,26.0
2026-08-10 19:35:54,-8.3,-12.9,3.0,3.0,26.0
2026-08-10 19:34:54,-9.1,-13.4,3.0,3.0,26.0
2026-08-10 19:33:54,-9.8,-14.0,3.0,3.0,26.0
2026-08-10 19:32:54,-10.5,-14.5,3.0,3.0,26.0
2026-08-10 19:31:54,-11.2,-15.0,3.0,3.0,26.0
2026-08-10 19:30:54,-11.9,-15.5,3.0,3.0,27.0
2026-08-10 19:29:54,-12.6,-16.0,3.0,3.0,27.0
2026-08-10 19:28:54,-13.3,-16.5,3.0,4.0,27.0
2026-08-10 19:27:54,-14.0,-17.0,3.0,4.0,27.0
2026-08-10 19:26:54,-14.6,-17.6,4.0,4.0,27.0
2026-08-10 19:25:54,-15.2,-18.1,4.0,4.0,27.0
2026-08-10 19:24:54,-15.9,-18.7,4.0,4.0,27.0
2026-08-10 19:23:54,-16.6,-19.3,4.0,4.0,27.0
2026-08-10 19:22:54,-17.5,-19.8,4.0,4.0,27.0
2026-08-10 19:21:54,-18.3,-20.4,4.0,4.0,27.0
2026-08-10 19:20:54,-18.8,-20.9,5.0,4.0,27.0
2026-08-10 19:19:54,-19.1,-21.2,6.0,5.0,27.0
2026-08-10 19:18:54,-19.1,-21.6,5.0,5.0,27.0
2026-08-10 19:17:54,-19.0,-21.8,4.0,4.0,27.0
2026-08-10 19:16:54,-18.9,-21.8,2.0,4.0,27.0
2026-08-10 19:15:54,-18.9,-21.8,2.0,4.0,27.0
2026-08-10 19:14:54,-18.8,-21.7,2.0,4.0,27.0
2026-08-10 19:13:54,-18.8,-21.6,2.0,4.0,27.0
2026-08-10 19:12:54,-18.8,-21.5,2.0,4.0,27.0
2026-08-10 19:11:54,-18.7,-21.5,1.0,4.0,27.0
2026-08-10 19:10:54,-18.7,-21.4,1.0,4.0,27.0
2026-08-10 19:09:54,-18.7,-21.3,1.0,4.0,27.0
2026-08-10 19:08:54,-18.9,-21.3,0.0,4.0,27.0
2026-08-10 19:07:54,-19.1,-21.3,0.0,4.0,27.0
2026-08-10 19:06:54,-19.3,-21.5,0.0,4.0,27.0
2026-08-10 19:05:54,-19.4,-21.7,1.0,4.0,27.0
2026-08-10 19:04:54,-19.5,-21.9,1.0,4.0,27.0
2026-08-10 19:03:54,-19.6,-22.1,2.0,4.0,27.0
2026-08-10 19:02:54,-19.7,-22.3,2.0,4.0,27.0
2026-08-10 19:01:54,-19.6,-22.4,3.0,5.0,27.0
2026-08-10 19:00:54,-19.6,-22.5,4.0,5.0,27.0
2026-08-10 18:59:54,-19.6,-22.5,4.0,5.0,27.0
2026-08-10 18:58:54,-19.5,-22.4,3.0,5.0,27.0
2026-08-10 18:57:54,-19.5,-22.4,3.0,5.0,27.0
2026-08-10 18:56:54,-19.4,-22.4,3.0,5.0,27.0
2026-08-10 18:55:54,-19.4,-22.3,3.0,5.0,27.0
2026-08-10 18:54:54,-19.4,-22.3,3.0,5.0,27.0
2026-08-10 18:53:54,-19.3,-22.2,3.0,5.0,27.0
2026-08-10 18:52:54,-19.3,-22.2,3.0,5.0,27.0
2026-08-10 18:51:54,-19.2,-22.1,3.0,5.0,27.0
2026-08-10 18:50:54,-19.2,-22.1,3.0,4.0,27.0
2026-08-10 18:49:54,-19.2,-22.0,2.0,5.0,27.0
2026-08-10 18:48:54,-19.1,-22.0,2.0,4.0,27.0
2026-08-10 18:47:54,-19.0,-21.9,2.0,5.0,27.0
2026-08-10 18:46:54,-19.0,-21.9,2.0,5.0,27.0
2026-08-10 18:45:54,-18.9,-21.8,2.0,4.0,27.0
2026-08-10 18:44:54,-18.8,-21.7,2.0,4.0,27.0
2026-08-10 18:43:54,-18.8,-21.6,2.0,4.0,27.0
2026-08-10 18:42:54,-18.8,-21.6,2.0,4.0,27.0
2026-08-10 18:41:54,-18.7,-21.5,1.0,4.0,27.0
2026-08-10 18:40:54,-18.7,-21.4,1.0,4.0,27.0
2026-08-10 18:39:54,-18.8,-21.4,1.0,4.0,27.0
2026-08-10 18:38:54,-18.9,-21.3,0.0,4.0,27.0
2026-08-10 18:37:54,-19.1,-21.3,0.0,4.0,27.0
2026-08-10 18:36:54,-19.3,-21.5,0.0,4.0,27.0
2026-08-10 18:35:54,-19.4,-21.6,1.0,4.0,27.0
2026-08-10 18:34:54,-19.5,-21.9,1.0,4.0,27.0
2026-08-10 18:33:54,-19.7,-22.1,2.0,4.0,27.0
2026-08-10 18:32:54,-19.7,-22.3,2.0,4.0,27.0
2026-08-10 18:31:54,-19.7,-22.4,3.0,5.0,27.0
2026-08-10 18:30:54,-19.6,-22.5,4.0,5.0,27.0
2026-08-10 18:29:54,-19.6,-22.5,3.0,5.0,27.0
2026-08-10 18:28:54,-19.5,-22.4,3.0,5.0,27.0
2026-08-10 18:27:54,-19.5,-22.4,3.0,5.0,27.0
2026-08-10 18:26:54,-19.5,-22.3,3.0,5.0,27.0
2026-08-10 18:25:54,-19.5,-22.3,3.0,5.0,27.0
2026-08-10 18:24:54,-19.4,-22.3,3.0,4.0,27.0
2026-08-10 18:23:54,-19.4,-22.3,3.0,4.0,27.0
2026-08-10 18:22:54,-19.4,-22.2,3.0,5.0,27.0
2026-08-10 18:21:54,-19.3,-22.2,3.0,4.0,27.0
2026-08-10 18:20:54,-19.2,-22.2,3.0,5.0,27.0
2026-08-10 18:19:54,-19.2,-22.1,3.0,5.0,27.0
2026-08-10 18:18:54,-19.2,-22.0,2.0,4.0,27.0
2026-08-10 18:17:54,-19.1,-22.0,2.0,4.0,27.0
2026-08-10 18:16:54,-19.1,-21.9,2.0,5.0,27.0
2026-08-10 18:15:54,-19.0,-21.9,2.0,4.0,27.0
2026-08-10 18:14:54,-18.9,-21.8,2.0,4.0,27.0
2026-08-10 18:13:54,-18.9,-21.7,2.0,4.0,27.0
2026-08-10 18:12:54,-18.8,-21.6,2.0,4.0,27.0
2026-08-10 18:11:54,-18.8,-21.6,1.0,4.0,27.0
2026-08-10 18:10:54,-18.7,-21.5,1.0,4.0,27.0
2026-08-10 18:09:54,-18.7,-21.4,1.0,4.0,27.0
2026-08-10 18:08:54,-18.7,-21.4,1.0,4.0,27.0
2026-08-10 18:07:54,-18.8,-21.3,0.0,4.0,27.0
2026-08-10 18:06:54,-19.1,-21.3,0.0,4.0,27.0
2026-08-10 18:05:54,-19.3,-21.5,0.0,4.0,27.0
2026-08-10 18:04:54,-19.4,-21.6,1.0,4.0,27.0
2026-08-10 18:03:54,-19.5,-21.8,1.0,4.0,27.0
2026-08-10 18:02:54,-19.6,-22.0,2.0,4.0,27.0
2026-08-10 18:01:54,-19.7,-22.2,2.0,4.0,27.0
2026-08-10 18:00:54,-19.6,-22.4,3.0,5.0,27.0
2026-08-10 17:59:54,-19.5,-22.5,4.0,5.0,27.0
2026-08-10 17:58:54,-19.5,-22.4,3.0,5.0,27.0
2026-08-10 17:57:54,-19.5,-22.4,3.0,5.0,27.0
2026-08-10 17:56:54,-19.4,-22.4,3.0,5.0,27.0
2026-08-10 17:55:54,-19.4,-22.3,3.0,5.0,27.0
2026-08-10 17:54:54,-19.4,-22.3,3.0,5.0,27.0
2026-08-10 17:53:54,-19.3,-22.2,3.0,5.0,27.0
2026-08-10 17:52:54,-19.3,-22.2,3.0,5.0,27.0
2026-08-10 17:51:54,-19.3,-22.2,3.0,5.0,27.0
2026-08-10 17:50:54,-19.3,-22.1,3.0,5.0,27.0
2026-08-10 17:49:54,-19.2,-22.1,3.0,4.0,27.0
2026-08-10 17:48:54,-19.1,-22.0,3.0,4.0,27.0
2026-08-10 17:47:54,-19.1,-22.0,2.0,5.0,27.0
2026-08-10 17:46:54,-19.0,-21.9,2.0,4.0,27.0
2026-08-10 17:45:54,-19.0,-21.8,2.0,4.0,27.0
2026-08-10 17:44:54,-18.9,-21.8,2.0,4.0,27.0
2026-08-10 17:43:54,-18.8,-21.7,2.0,5.0,27.0
2026-08-10 17:42:54,-18.8,-21.7,2.0,4.0,27.0
2026-08-10 17:41:54,-18.7,-21.6,1.0,4.0,27.0
2026-08-10 17:40:54,-18.7,-21.5,1.0,4.0,27.0
2026-08-10 17:39:54,-18.7,-21.4,1.0,4.0,27.0
2026-08-10 17:38:54,-18.7,-21.4,1.0,4.0,27.0
2026-08-10 17:37:54,-18.7,-21.3,1.0,4.0,27.0
2026-08-10 17:36:54,-18.8,-21.3,0.0,4.0,27.0
2026-08-10 17:35:54,-19.0,-21.3,0.0,4.0,27.0
2026-08-10 17:34:54,-19.2,-21.4,0.0,4.0,27.0
2026-08-10 17:33:54,-19.3,-21.6,1.0,4.0,27.0
2026-08-10 17:32:54,-19.5,-21.8,1.0,4.0,27.0
2026-08-10 17:31:54,-19.5,-22.0,2.0,4.0,27.0
2026-08-10 17:30:54,-19.6,-22.1,2.0,4.0,27.0
2026-08-10 17:29:54,-19.5,-22.3,3.0,5.0,27.0
2026-08-10 17:28:54,-19.5,-22.4,3.0,5.0,27.0
2026-08-10 17:27:54,-19.4,-22.3,3.0,5.0,27.0
2026-08-10 17:26:54,-19.4,-22.3,3.0,4.0,27.0
2026-08-10 17:25:54,-19.4,-22.3,3.0,5.0,27.0
2026-08-10 17:24:54,-19.3,-22.2,3.0,5.0,27.0
2026-08-10 17:23:54,-19.3,-22.2,3.0,4.0,27.0
2026-08-10 17:22:54,-19.3,-22.2,3.0,5.0,27.0
2026-08-10 17:21:54,-19.2,-22.1,3.0,4.0,27.0
2026-08-10 17:20:54,-19.2,-22.1,3.0,4.0,27.0
2026-08-10 17:19:54,-19.2,-22.0,3.0,4.0,27.0
2026-08-10 17:18:54,-19.1,-22.0,3.0,5.0,27.0
2026-08-10 17:17:54,-19.1,-22.0,3.0,4.0,27.0
2026-08-10 17:16:54,-19.0,-21.9,2.0,4.0,27.0
2026-08-10 17:15:54,-19.0,-21.8,2.0,4.0,26.0
2026-08-10 17:14:54,-18.9,-21.8,2.0,5.0,26.0
2026-08-10 17:13:54,-18.8,-21.7,2.0,4.0,26.0
2026-08-10 17:12:54,-18.8,-21.7,2.0,4.0,27.0
2026-08-10 17:11:54,-18.7,-21.6,2.0,4.0,26.0
2026-08-10 17:10:54,-18.7,-21.5,2.0,4.0,26.0
2026-08-10 17:09:54,-18.6,-21.4,1.0,4.0,27.0
2026-08-10 17:08:54,-18.5,-21.4,1.0,4.0,27.0
2026-08-10 17:07:54,-18.5,-21.3,1.0,4.0,27.0
2026-08-10 17:06:54,-18.5,-21.2,1.0,4.0,27.0
2026-08-10 17:05:54,-18.6,-21.2,0.0,4.0,27.0
2026-08-10 17:04:54,-18.7,-21.1,0.0,4.0,27.0
2026-08-10 17:03:54,-19.0,-21.2,0.0,4.0,27.0
2026-08-10 17:02:54,-19.2,-21.4,0.0,4.0,27.0
2026-08-10 17:01:54,-19.3,-21.5,1.0,4.0,27.0
2026-08-10 17:00:54,-19.4,-21.7,1.0,4.0,26.0
2026-08-10 16:59:54,-19.5,-21.9,2.0,4.0,26.0
2026-08-10 16:58:54,-19.5,-22.1,2.0,4.0,26.0
2026-08-10 16:57:54,-19.4,-22.2,3.0,5.0,27.0
2026-08-10 16:56:54,-19.3,-22.2,3.0,5.0,27.0
2026-08-10 16:55:54,-19.3,-22.2,3.0,5.0,27.0
2026-08-10 16:54:54,-19.3,-22.2,3.0,5.0,27.0
2026-08-10 16:53:54,-19.2,-22.1,3.0,4.0,27.0
2026-08-10 16:52:54,-19.2,-22.1,3.0,5.0,27.0
2026-08-10 16:51:54,-19.2,-22.0,3.0,5.0,27.0
2026-08-10 16:50:54,-19.1,-22.0,3.0,5.0,27.0
2026-08-10 16:49:54,-19.1,-21.9,3.0,4.0,27.0
2026-08-10 16:48:54,-19.0,-21.9,3.0,4.0,27.0
2026-08-10 16:47:54,-19.0,-21.9,3.0,4.0,27.0
2026-08-10 16:46:54,-19.0,-21.8,2.0,5.0,27.0
2026-08-10 16:45:54,-18.9,-21.8,2.0,4.0,27.0
2026-08-10 16:44:54,-18.9,-21.7,2.0,4.0,27.0
2026-08-10 16:43:54,-18.8,-21.7,2.0,4.0,27.0
2026-08-10 16:42:54,-18.8,-21.6,2.0,4.0,27.0
2026-08-10 16:41:54,-18.7,-21.6,2.0,4.0,27.0
2026-08-10 16:40:54,-18.6,-21.5,2.0,4.0,27.0
2026-08-10 16:39:54,-18.6,-21.4,2.0,4.0,27.0
2026-08-10 16:38:54,-18.5,-21.3,1.0,4.0,27.0
2026-08-10 16:37:54,-18.5,-21.3,1.0,4.0,27.0
2026-08-10 16:36:54,-18.4,-21.2,1.0,4.0,27.0
2026-08-10 16:35:54,-18.4,-21.1,1.0,4.0,27.0
2026-08-10 16:34:54,-18.4,-21.0,1.0,4.0,27.0
2026-08-10 16:33:54,-18.4,-21.0,0.0,4.0,27.0
2026-08-10 16:32:54,-18.5,-20.9,0.0,4.0,27.0
2026-08-10 16:31:54,-18.7,-20.9,0.0,4.0,27.0
2026-08-10 16:30:54,-18.9,-21.1,0.0,4.0,27.0
2026-08-10 16:29:54,-19.0,-21.2,1.0,4.0,27.0
2026-08-10 16:28:54,-19.1,-21.4,1.0,4.0,27.0
2026-08-10 16:27:54,-19.2,-21.6,1.0,4.0,27.0
2026-08-10 16:26:54,-19.2,-21.8,2.0,4.0,27.0
2026-08-10 16:25:54,-19.1,-22.0,3.0,4.0,27.0
2026-08-10 16:24:54,-19.1,-22.0,3.0,4.0,27.0
2026-08-10 16:23:54,-19.1,-21.9,3.0,4.0,27.0
2026-08-10 16:22:54,-19.1,-21.9,3.0,4.0,26.0
2026-08-10 16:21:54,-19.0,-21.9,3.0,4.0,27.0
2026-08-10 16:20:54,-19.0,-21.8,2.0,4.0,26.0
2026-08-10 16:19:54,-18.9,-21.8,3.0,4.0,27.0
2026-08-10 16:18:54,-18.9,-21.8,2.0,4.0,27.0
2026-08-10 16:17:54,-18.9,-21.7,2.0,4.0,26.0
2026-08-10 16:16:54,-18.8,-21.7,2.0,4.0,26.0
2026-08-10 16:15:54,-18.8,-21.6,2.0,4.0,26.0
2026-08-10 16:14:54,-18.7,-21.6,2.0,4.0,26.0
2026-08-10 16:13:54,-18.6,-21.5,2.0,4.0,27.0
2026-08-10 16:12:54,-18.6,-21.5,2.0,4.0,26.0
2026-08-10 16:11:54,-18.6,-21.4,2.0,4.0,26.0
2026-08-10 16:10:54,-18.5,-21.3,1.0,4.0,26.0
2026-08-10 16:09:54,-18.5,-21.3,2.0,4.0,26.0
2026-08-10 16:08:54,-18.4,-21.2,1.0,4.0,26.0
2026-08-10 16:07:54,-18.4,-21.2,1.0,4.0,26.0
2026-08-10 16:06:54,-18.3,-21.1,1.0,4.0,27.0
2026-08-10 16:05:54,-18.2,-21.0,1.0,4.0,26.0
2026-08-10 16:04:54,-18.1,-20.9,1.0,4.0,26.0
2026-08-10 16:03:54,-18.0,-20.9,1.0,4.0,26.0
2026-08-10 16:02:54,-18.0,-20.8,1.0,4.0,26.0
2026-08-10 16:01:54,-17.9,-20.7,1.0,4.0,26.0
2026-08-10 16:00:54,-17.8,-20.6,1.0,4.0,27.0
2026-08-10 15:59:54,-17.7,-20.5,1.0,4.0,27.0
2026-08-10 15:58:54,-17.7,-20.4,0.0,4.0,27.0
2026-08-10 15:57:54,-17.6,-20.3,0.0,4.0,27.0
2026-08-10 15:56:54,-17.7,-20.2,0.0,4.0,27.0
2026-08-10 15:55:54,-17.8,-20.1,0.0,3.0,27.0
2026-08-10 15:54:54,-18.0,-20.1,0.0,3.0,27.0
2026-08-10 15:53:54,-18.1,-20.3,0.0,3.0,27.0
2026-08-10 15:52:54,-18.3,-20.4,0.0,3.0,27.0
2026-08-10 15:51:54,-18.5,-20.6,0.0,2.0,27.0
2026-08-10 15:50:54,-18.6,-20.7,0.0,2.0,27.0
2026-08-10 15:49:54,-18.8,-20.9,0.0,2.0,27.0
2026-08-10 15:48:54,-18.9,-21.2,1.0,2.0,27.0
2026-08-10 15:47:54,-19.1,-21.4,1.0,2.0,27.0
2026-08-10 15:46:54,-19.1,-21.6,1.0,2.0,27.0
2026-08-10 15:45:54,-19.1,-21.8,2.0,3.0,27.0
2026-08-10 15:44:54,-19.1,-21.9,2.0,3.0,27.0
2026-08-10 15:43:54,-19.0,-21.9,2.0,2.0,27.0
2026-08-10 15:42:54,-19.0,-21.9,2.0,3.0,27.0
2026-08-10 15:41:54,-18.9,-21.8,2.0,3.0,27.0
2026-08-10 15:40:54,-18.9,-21.8,2.0,3.0,27.0
2026-08-10 15:39:54,-18.9,-21.8,2.0,3.0,27.0
2026-08-10 15:38:54,-18.8,-21.7,2.0,3.0,27.0
2026-08-10 15:37:54,-18.8,-21.6,2.0,3.0,27.0
2026-08-10 15:36:54,-18.7,-21.6,2.0,3.0,27.0
2026-08-10 15:35:54,-18.7,-21.5,2.0,3.0,27.0
2026-08-10 15:34:54,-18.6,-21.5,2.0,3.0,27.0
2026-08-10 15:33:54,-18.6,-21.4,2.0,3.0,27.0
2026-08-10 15:32:54,-18.5,-21.4,2.0,3.0,27.0
2026-08-10 15:31:54,-18.5,-21.3,2.0,3.0,27.0
2026-08-10 15:30:54,-18.5,-21.2,2.0,3.0,27.0
2026-08-10 15:29:54,-18.4,-21.2,2.0,4.0,27.0
2026-08-10 15:28:54,-18.3,-21.1,3.0,4.0,27.0
2026-08-10 15:27:54,-18.3,-21.0,3.0,4.0,27.0
2026-08-10 15:26:54,-18.3,-20.9,4.0,4.0,27.0
2026-08-10 15:25:54,-18.2,-20.8,5.0,5.0,27.0
2026-08-10 15:24:54,-18.1,-20.8,5.0,5.0,26.0
2026-08-10 15:23:54,-18.0,-20.8,4.0,4.0,26.0
2026-08-10 15:22:54,-18.0,-20.8,2.0,4.0,26.0
2026-08-10 15:21:54,-17.9,-20.7,2.0,4.0,26.0
2026-08-10 15:20:54,-17.8,-20.6,2.0,4.0,26.0
2026-08-10 15:19:54,-17.7,-20.5,2.0,4.0,26.0
2026-08-10 15:18:54,-17.6,-20.4,2.0,4.0,26.0
2026-08-10 15:17:54,-17.5,-20.4,1.0,4.0,27.0
2026-08-10 15:16:54,-17.5,-20.2,1.0,4.0,26.0
2026-08-10 15:15:54,-17.4,-20.1,1.0,4.0,26.0
2026-08-10 15:14:54,-17.3,-20.0,1.0,4.0,26.0
2026-08-10 15:13:54,-17.2,-19.9,1.0,4.0,27.0
2026-08-10 15:12:54,-17.1,-19.7,0.0,4.0,27.0
2026-08-10 15:11:54,-17.1,-19.6,0.0,4.0,27.0
2026-08-10 15:10:54,-17.2,-19.5,0.0,4.0,27.0
2026-08-10 15:09:54,-17.3,-19.5,0.0,3.0,26.0
2026-08-10 15:08:54,-17.4,-19.6,0.0,3.0,26.0
2026-08-10 15:07:54,-17.5,-19.6,0.0,3.0,26.0
2026-08-10 15:06:54,-17.6,-19.7,0.0,3.0,26.0
2026-08-10 15:05:54,-17.7,-19.8,0.0,4.0,27.0
2026-08-10 15:04:54,-17.8,-19.9,0.0,4.0,27.0
2026-08-10 15:03:54,-18.0,-20.1,0.0,4.0,27.0
2026-08-10 15:02:54,-18.1,-20.1,1.0,4.0,27.0
2026-08-10 15:01:54,-18.2,-20.3,1.0,4.0,27.0
2026-08-10 15:00:54,-18.3,-20.5,1.0,3.0,27.0
2026-08-10 14:59:54,-18.5,-20.6,2.0,3.0,27.0
2026-08-10 14:58:54,-18.6,-20.8,2.0,3.0,27.0
2026-08-10 14:57:54,-18.8,-21.0,2.0,3.0,27.0
2026-08-10 14:56:54,-18.9,-21.2,3.0,3.0,27.0
2026-08-10 14:55:54,-19.1,-21.4,3.0,2.0,27.0
2026-08-10 14:54:54,-19.1,-21.6,3.0,3.0,27.0
2026-08-10 14:53:54,-19.1,-21.8,3.0,3.0,27.0
2026-08-10 14:52:54,-19.1,-21.8,4.0,3.0,27.0
2026-08-10 14:51:54,-19.0,-21.8,4.0,3.0,27.0
2026-08-10 14:50:54,-19.0,-21.7,4.0,3.0,27.0
2026-08-10 14:49:54,-19.0,-21.7,4.0,4.0,27.0
2026-08-10 14:48:54,-18.9,-21.6,4.0,4.0,27.0
2026-08-10 14:47:54,-18.9,-21.6,4.0,4.0,27.0
2026-08-10 14:46:54,-18.8,-21.5,4.0,4.0,26.0
2026-08-10 14:45:54,-18.8,-21.5,4.0,4.0,26.0
2026-08-10 14:44:54,-18.8,-21.4,5.0,4.0,26.0
2026-08-10 14:43:54,-18.7,-21.4,5.0,4.0,26.0
2026-08-10 14:42:54,-18.7,-21.3,5.0,5.0,26.0
2026-08-10 14:41:54,-18.6,-21.2,6.0,5.0,27.0
2026-08-10 14:40:54,-18.5,-21.2,5.0,5.0,27.0
2026-08-10 14:39:54,-18.5,-21.2,5.0,5.0,26.0
2026-08-10 14:38:54,-18.5,-21.2,5.0,4.0,26.0
2026-08-10 14:37:54,-18.4,-21.1,4.0,4.0,26.0
2026-08-10 14:36:54,-18.3,-21.1,4.0,4.0,27.0
2026-08-10 14:35:54,-18.3,-21.0,4.0,5.0,27.0
2026-08-10 14:34:54,-18.2,-21.0,4.0,4.0,27.0
2026-08-10 14:33:54,-18.1,-20.9,4.0,4.0,27.0
2026-08-10 14:32:54,-18.0,-20.8,4.0,4.0,27.0
2026-08-10 14:31:54,-18.0,-20.7,4.0,4.0,26.0
2026-08-10 14:30:54,-17.9,-20.6,4.0,4.0,26.0
2026-08-10 14:29:54,-17.8,-20.5,3.0,4.0,26.0
2026-08-10 14:28:54,-17.7,-20.5,3.0,4.0,27.0
2026-08-10 14:27:54,-17.5,-20.4,3.0,4.0,26.0
2026-08-10 14:26:54,-17.4,-20.3,3.0,4.0,26.0
2026-08-10 14:25:54,-17.2,-20.2,3.0,4.0,26.0
2026-08-10 14:24:54,-17.1,-20.1,3.0,4.0,26.0
2026-08-10 14:23:54,-17.0,-20.0,3.0,5.0,26.0
2026-08-10 14:22:54,-16.9,-19.9,3.0,4.0,27.0
2026-08-10 14:21:54,-16.7,-19.8,3.0,4.0,27.0
2026-08-10 14:20:54,-16.6,-19.6,2.0,4.0,27.0
2026-08-10 14:19:54,-16.5,-19.5,2.0,4.0,26.0
2026-08-10 14:18:54,-16.3,-19.3,2.0,4.0,27.0
2026-08-10 14:17:54,-16.2,-19.1,2.0,4.0,27.0
2026-08-10 14:16:54,-16.0,-18.9,2.0,4.0,27.0
2026-08-10 14:15:54,-15.9,-18.6,1.0,4.0,27.0
2026-08-10 14:14:54,-15.8,-18.4,0.0,3.0,27.0
2026-08-10 14:13:54,-15.7,-18.3,0.0,3.0,27.0
2026-08-10 14:12:54,-15.6,-18.2,0.0,3.0,27.0
2026-08-10 14:11:54,-15.4,-18.2,0.0,2.0,27.0
2026-08-10 14:10:54,-15.1,-18.1,0.0,3.0,27.0
2026-08-10 14:09:54,-14.5,-17.9,0.0,3.0,27.0
2026-08-10 14:08:54,-13.3,-17.4,0.0,4.0,27.0
2026-08-10 14:07:54,-11.5,-16.2,1.0,4.0,27.0
2026-08-10 14:06:54,-8.4,-14.4,3.0,6.0,28.0
2026-08-10 14:05:54,-4.9,-13.4,3.0,5.0,27.0
2026-08-10 14:04:54,-19.5,-22.0,0.0,2.0,26.0
2026-08-10 14:03:54,-19.5,-22.3,2.0,3.0,24.0
2026-08-10 14:02:54,-19.4,-22.4,3.0,3.0,22.0
2026-08-10 14:01:54,-19.4,-22.4,3.0,3.0,22.0
2026-08-10 14:00:54,-19.3,-22.3,3.0,4.0,22.0
2026-08-10 13:59:54,-19.3,-22.2,4.0,4.0,22.0
2026-08-10 13:58:54,-19.3,-22.2,3.0,4.0,21.0
2026-08-10 13:57:54,-19.2,-22.2,2.0,3.0,22.0
2026-08-10 13:56:54,-19.2,-22.1,2.0,3.0,22.0
2026-08-10 13:55:54,-19.1,-22.1,2.0,3.0,22.0
2026-08-10 13:54:54,-19.1,-22.0,2.0,3.0,22.0
2026-08-10 13:53:54,-19.0,-22.0,2.0,3.0,22.0
2026-08-10 13:52:54,-18.9,-21.9,2.0,3.0,22.0
2026-08-10 13:51:54,-18.9,-21.9,2.0,3.0,22.0
2026-08-10 13:50:54,-18.8,-21.8,1.0,3.0,23.0
2026-08-10 13:49:54,-18.7,-21.7,1.0,3.0,23.0
2026-08-10 13:48:54,-18.7,-21.6,1.0,3.0,23.0
2026-08-10 13:47:54,-18.6,-21.5,1.0,3.0,24.0
2026-08-10 13:46:54,-18.5,-21.4,1.0,3.0,24.0
2026-08-10 13:45:54,-18.6,-21.3,1.0,3.0,25.0
2026-08-10 13:44:54,-18.6,-21.3,0.0,3.0,26.0
2026-08-10 13:43:54,-18.7,-21.2,0.0,3.0,27.0
2026-08-10 13:42:54,-18.9,-21.2,0.0,2.0,29.0
2026-08-10 13:41:54,-19.1,-21.4,0.0,2.0,29.0
2026-08-10 13:40:54,-19.3,-21.6,0.0,2.0,28.0
2026-08-10 13:39:54,-19.4,-21.8,0.0,2.0,27.0
2026-08-10 13:38:54,-19.5,-22.0,0.0,2.0,26.0
2026-08-10 13:37:54,-19.5,-22.2,1.0,2.0,24.0
2026-08-10 13:36:54,-19.5,-22.4,2.0,3.0,22.0
2026-08-10 13:35:54,-19.4,-22.4,2.0,3.0,21.0
2026-08-10 13:34:54,-19.3,-22.4,2.0,2.0,21.0
2026-08-10 13:33:54,-19.3,-22.3,2.0,3.0,21.0
2026-08-10 13:32:54,-19.2,-22.3,2.0,2.0,22.0
2026-08-10 13:31:54,-19.2,-22.2,2.0,3.0,22.0
2026-08-10 13:30:54,-19.1,-22.1,2.0,3.0,22.0
2026-08-10 13:29:54,-19.1,-22.1,2.0,3.0,22.0
2026-08-10 13:28:54,-19.1,-22.0,1.0,3.0,22.0
2026-08-10 13:27:54,-19.0,-22.0,2.0,3.0,23.0
2026-08-10 13:26:54,-18.9,-21.9,2.0,3.0,23.0
2026-08-10 13:25:54,-18.9,-21.8,2.0,3.0,23.0
2026-08-10 13:24:54,-18.8,-21.7,2.0,3.0,23.0
2026-08-10 13:23:54,-18.7,-21.6,3.0,4.0,23.0
2026-08-10 13:22:54,-18.7,-21.6,2.0,3.0,22.0
2026-08-10 13:21:54,-18.7,-21.6,1.0,3.0,24.0
2026-08-10 13:20:54,-18.6,-21.5,0.0,3.0,24.0
2026-08-10 13:19:54,-18.7,-21.4,0.0,3.0,25.0
2026-08-10 13:18:54,-18.8,-21.3,0.0,3.0,26.0
2026-08-10 13:17:54,-19.0,-21.3,0.0,2.0,28.0
2026-08-10 13:16:54,-19.2,-21.4,0.0,2.0,29.0
2026-08-10 13:15:54,-19.3,-21.6,0.0,2.0,29.0
2026-08-10 13:14:54,-19.5,-21.8,0.0,2.0,28.0
2026-08-10 13:13:54,-19.6,-22.0,1.0,3.0,27.0
2026-08-10 13:12:54,-19.7,-22.3,1.0,3.0,25.0
2026-08-10 13:11:54,-19.7,-22.5,2.0,3.0,23.0
2026-08-10 13:10:54,-19.6,-22.6,3.0,3.0,21.0
2026-08-10 13:09:54,-19.6,-22.6,3.0,3.0,21.0
2026-08-10 13:08:54,-19.5,-22.5,3.0,3.0,21.0
2026-08-10 13:07:54,-19.5,-22.5,3.0,3.0,21.0
2026-08-10 13:06:54,-19.4,-22.5,3.0,3.0,21.0
2026-08-10 13:05:54,-19.4,-22.4,3.0,3.0,21.0
2026-08-10 13:04:54,-19.4,-22.4,3.0,3.0,21.0
2026-08-10 13:03:54,-19.3,-22.3,2.0,3.0,21.0
2026-08-10 13:02:54,-19.3,-22.2,2.0,3.0,21.0
2026-08-10 13:01:54,-19.2,-22.2,2.0,3.0,22.0
2026-08-10 13:00:54,-19.1,-22.1,2.0,3.0,21.0
2026-08-10 12:59:54,-19.1,-22.1,2.0,3.0,22.0
2026-08-10 12:58:54,-19.0,-22.0,2.0,3.0,22.0
2026-08-10 12:57:54,-19.0,-22.0,1.0,3.0,22.0
2026-08-10 12:56:54,-18.9,-21.9,1.0,3.0,22.0
2026-08-10 12:55:54,-18.8,-21.8,1.0,3.0,22.0
2026-08-10 12:54:54,-18.7,-21.8,1.0,3.0,22.0
2026-08-10 12:53:54,-18.7,-21.6,1.0,3.0,22.0
2026-08-10 12:52:54,-18.6,-21.6,1.0,3.0,23.0
2026-08-10 12:51:54,-18.6,-21.5,1.0,3.0,23.0
2026-08-10 12:50:54,-18.5,-21.4,1.0,3.0,24.0
2026-08-10 12:49:54,-18.5,-21.3,0.0,3.0,24.0
2026-08-10 12:48:54,-18.5,-21.2,0.0,3.0,25.0
2026-08-10 12:47:54,-18.6,-21.2,0.0,2.0,26.0
2026-08-10 12:46:54,-18.8,-21.1,0.0,2.0,29.0
2026-08-10 12:45:54,-19.0,-21.3,0.0,2.0,29.0
2026-08-10 12:44:54,-19.2,-21.5,0.0,2.0,28.0
2026-08-10 12:43:54,-19.3,-21.7,0.0,2.0,27.0
2026-08-10 12:42:54,-19.5,-22.0,0.0,2.0,26.0
2026-08-10 12:41:54,-19.5,-22.2,0.0,2.0,25.0
2026-08-10 12:40:54,-19.5,-22.4,2.0,2.0,23.0
2026-08-10 12:39:54,-19.4,-22.4,2.0,2.0,21.0
2026-08-10 12:38:54,-19.3,-22.4,2.0,2.0,21.0
2026-08-10 12:37:54,-19.3,-22.3,2.0,2.0,21.0
2026-08-10 12:36:54,-19.2,-22.3,2.0,2.0,21.0
2026-08-10 12:35:54,-19.2,-22.2,2.0,3.0,21.0
2026-08-10 12:34:54,-19.1,-22.1,2.0,3.0,22.0
2026-08-10 12:33:54,-19.1,-22.1,2.0,3.0,22.0
2026-08-10 12:32:54,-19.0,-22.0,2.0,3.0,22.0
2026-08-10 12:31:54,-19.0,-21.9,2.0,3.0,22.0
2026-08-10 12:30:54,-18.9,-21.9,2.0,3.0,23.0
2026-08-10 12:29:54,-18.9,-21.8,2.0,3.0,23.0
2026-08-10 12:28:54,-18.8,-21.7,2.0,3.0,21.0
2026-08-10 12:27:54,-18.7,-21.7,1.0,3.0,23.0
2026-08-10 12:26:54,-18.6,-21.6,1.0,3.0,23.0
2026-08-10 12:25:54,-18.6,-21.5,0.0,3.0,24.0
2026-08-10 12:24:54,-18.6,-21.4,0.0,3.0,24.0
2026-08-10 12:23:54,-18.7,-21.3,0.0,3.0,26.0
2026-08-10 12:22:54,-18.8,-21.3,0.0,2.0,27.0
2026-08-10 12:21:54,-19.0,-21.3,0.0,2.0,29.0
2026-08-10 12:20:54,-19.2,-21.5,0.0,2.0,28.0
2026-08-10 12:19:54,-19.3,-21.7,0.0,2.0,28.0
2026-08-10 12:18:54,-19.5,-21.9,0.0,3.0,27.0
2026-08-10 12:17:54,-19.6,-22.1,1.0,3.0,26.0
2026-08-10 12:16:54,-19.6,-22.3,1.0,3.0,24.0
2026-08-10 12:15:54,-19.6,-22.5,3.0,3.0,22.0
2026-08-10 12:14:54,-19.5,-22.5,3.0,3.0,21.0
2026-08-10 12:13:54,-19.4,-22.5,3.0,3.0,21.0
2026-08-10 12:12:54,-19.4,-22.4,3.0,3.0,21.0
2026-08-10 12:11:54,-19.4,-22.4,2.0,3.0,21.0
2026-08-10 12:10:54,-19.4,-22.4,2.0,3.0,21.0
2026-08-10 12:09:54,-19.3,-22.3,2.0,3.0,21.0
2026-08-10 12:08:54,-19.3,-22.3,2.0,3.0,21.0
2026-08-10 12:07:54,-19.2,-22.2,2.0,3.0,21.0
2026-08-10 12:06:54,-19.2,-22.2,2.0,3.0,21.0
2026-08-10 12:05:54,-19.1,-22.1,2.0,3.0,21.0
2026-08-10 12:04:54,-19.1,-22.1,2.0,3.0,21.0
2026-08-10 12:03:54,-19.0,-22.0,2.0,3.0,21.0
2026-08-10 12:02:54,-19.0,-21.9,1.0,3.0,21.0
2026-08-10 12:01:54,-18.9,-21.9,1.0,3.0,22.0
2026-08-10 12:00:54,-18.8,-21.8,1.0,3.0,22.0
2026-08-10 11:59:54,-18.7,-21.7,1.0,3.0,22.0
2026-08-10 11:58:54,-18.6,-21.6,1.0,3.0,22.0
2026-08-10 11:57:54,-18.6,-21.6,1.0,3.0,22.0
2026-08-10 11:56:54,-18.5,-21.5,1.0,3.0,23.0
2026-08-10 11:55:54,-18.4,-21.4,0.0,3.0,23.0
2026-08-10 11:54:54,-18.4,-21.3,0.0,3.0,24.0
2026-08-10 11:53:54,-18.3,-21.2,0.0,3.0,24.0
2026-08-10 11:52:54,-18.4,-21.1,0.0,3.0,25.0
2026-08-10 11:51:54,-18.5,-21.0,0.0,2.0,27.0
2026-08-10 11:50:54,-18.6,-21.0,0.0,2.0,28.0
2026-08-10 11:49:54,-18.8,-21.1,0.0,2.0,30.0
2026-08-10 11:48:54,-19.0,-21.2,0.0,2.0,30.0
2026-08-10 11:47:54,-19.1,-21.4,0.0,2.0,29.0
2026-08-10 11:46:54,-19.3,-21.6,0.0,2.0,28.0
2026-08-10 11:45:54,-19.5,-21.8,0.0,2.0,26.0
2026-08-10 11:44:54,-19.6,-22.1,1.0,3.0,25.0
2026-08-10 11:43:54,-19.6,-22.3,2.0,3.0,23.0
2026-08-10 11:42:54,-19.6,-22.5,4.0,3.0,21.0
2026-08-10 11:41:54,-19.6,-22.6,3.0,3.0,20.0
2026-08-10 11:40:54,-19.5,-22.5,3.0,3.0,20.0
2026-08-10 11:39:54,-19.5,-22.5,3.0,3.0,21.0
2026-08-10 11:38:54,-19.4,-22.5,2.0,3.0,21.0
2026-08-10 11:37:54,-19.4,-22.4,2.0,3.0,21.0
2026-08-10 11:36:54,-19.3,-22.4,2.0,3.0,21.0
2026-08-10 11:35:54,-19.3,-22.3,2.0,3.0,21.0
2026-08-10 11:34:54,-19.2,-22.2,2.0,3.0,21.0
2026-08-10 11:33:54,-19.2,-22.2,2.0,3.0,21.0
2026-08-10 11:32:54,-19.1,-22.1,2.0,3.0,21.0
2026-08-10 11:31:54,-19.1,-22.1,1.0,3.0,21.0
2026-08-10 11:30:54,-19.0,-22.0,1.0,3.0,21.0
2026-08-10 11:29:54,-19.0,-22.0,1.0,3.0,22.0
2026-08-10 11:28:54,-18.9,-21.9,1.0,3.0,21.0
2026-08-10 11:27:54,-18.8,-21.9,1.0,3.0,22.0
2026-08-10 11:26:54,-18.8,-21.8,1.0,3.0,22.0
2026-08-10 11:25:54,-18.7,-21.7,1.0,3.0,22.0
2026-08-10 11:24:54,-18.7,-21.6,0.0,3.0,23.0
2026-08-10 11:23:54,-18.6,-21.5,0.0,3.0,23.0
2026-08-10 11:22:54,-18.6,-21.4,0.0,2.0,23.0
2026-08-10 11:21:54,-18.6,-21.3,0.0,2.0,24.0
2026-08-10 11:20:54,-18.7,-21.3,0.0,2.0,26.0
2026-08-10 11:19:54,-18.9,-21.2,0.0,2.0,27.0
2026-08-10 11:18:54,-19.0,-21.3,0.0,2.0,29.0
2026-08-10 11:17:54,-19.2,-21.5,0.0,2.0,28.0
2026-08-10 11:16:54,-19.3,-21.7,0.0,2.0,27.0
2026-08-10 11:15:54,-19.5,-21.9,0.0,2.0,26.0
2026-08-10 11:14:54,-19.6,-22.1,1.0,3.0,24.0
2026-08-10 11:13:54,-19.6,-22.3,1.0,3.0,23.0
2026-08-10 11:12:54,-19.5,-22.5,3.0,3.0,21.0
2026-08-10 11:11:54,-19.4,-22.5,3.0,3.0,20.0
2026-08-10 11:10:54,-19.4,-22.4,3.0,3.0,20.0
2026-08-10 11:09:54,-19.4,-22.4,2.0,3.0,20.0
2026-08-10 11:08:54,-19.3,-22.3,2.0,3.0,21.0
2026-08-10 11:07:54,-19.3,-22.3,2.0,3.0,21.0
2026-08-10 11:06:54,-19.2,-22.2,2.0,3.0,21.0
2026-08-10 11:05:54,-19.2,-22.2,2.0,3.0,21.0
2026-08-10 11:04:54,-19.1,-22.1,2.0,3.0,21.0
2026-08-10 11:03:54,-19.1,-22.1,2.0,3.0,21.0
2026-08-10 11:02:54,-19.0,-22.0,1.0,3.0,21.0
2026-08-10 11:01:54,-19.0,-21.9,1.0,3.0,21.0
2026-08-10 11:00:54,-18.9,-21.9,1.0,3.0,21.0
2026-08-10 10:59:54,-18.8,-21.8,1.0,3.0,22.0
2026-08-10 10:58:54,-18.8,-21.8,1.0,3.0,22.0
2026-08-10 10:57:54,-18.7,-21.7,1.0,3.0,22.0
2026-08-10 10:56:54,-18.6,-21.6,1.0,3.0,22.0
2026-08-10 10:55:54,-18.6,-21.5,0.0,3.0,22.0
2026-08-10 10:54:54,-18.5,-21.4,0.0,2.0,23.0
2026-08-10 10:53:54,-18.5,-21.3,0.0,2.0,23.0
2026-08-10 10:52:54,-18.5,-21.2,0.0,2.0,24.0
2026-08-10 10:51:54,-18.5,-21.2,0.0,2.0,25.0
2026-08-10 10:50:54,-18.6,-21.1,0.0,2.0,26.0
2026-08-10 10:49:54,-18.8,-21.1,0.0,2.0,29.0
2026-08-10 10:48:54,-19.0,-21.3,0.0,2.0,29.0
2026-08-10 10:47:54,-19.1,-21.5,0.0,2.0,28.0
2026-08-10 10:46:54,-19.3,-21.7,0.0,2.0,27.0
2026-08-10 10:45:54,-19.4,-21.8,0.0,3.0,26.0
2026-08-10 10:44:54,-19.5,-22.0,1.0,2.0,24.0
2026-08-10 10:43:54,-19.4,-22.3,2.0,3.0,23.0
2026-08-10 10:42:54,-19.3,-22.4,3.0,3.0,20.0
2026-08-10 10:41:54,-19.3,-22.3,3.0,3.0,20.0
2026-08-10 10:40:54,-19.3,-22.3,2.0,3.0,20.0
2026-08-10 10:39:54,-19.2,-22.2,2.0,3.0,21.0
2026-08-10 10:38:54,-19.2,-22.2,2.0,3.0,21.0
2026-08-10 10:37:54,-19.1,-22.1,2.0,3.0,21.0
2026-08-10 10:36:54,-19.1,-22.1,2.0,3.0,21.0
2026-08-10 10:35:54,-19.0,-22.0,2.0,3.0,21.0
2026-08-10 10:34:54,-19.0,-22.0,2.0,3.0,21.0
2026-08-10 10:33:54,-18.9,-21.9,1.0,3.0,21.0
2026-08-10 10:32:54,-18.8,-21.8,1.0,3.0,21.0
2026-08-10 10:31:54,-18.8,-21.8,1.0,3.0,21.0
2026-08-10 10:30:54,-18.7,-21.7,1.0,3.0,22.0
2026-08-10 10:29:54,-18.6,-21.6,1.0,3.0,22.0
2026-08-10 10:28:54,-18.6,-21.6,1.0,3.0,22.0
2026-08-10 10:27:54,-18.5,-21.5,1.0,3.0,22.0
2026-08-10 10:26:54,-18.5,-21.4,0.0,3.0,22.0
2026-08-10 10:25:54,-18.4,-21.3,0.0,3.0,23.0
2026-08-10 10:24:54,-18.3,-21.2,0.0,2.0,23.0
2026-08-10 10:23:54,-18.3,-21.1,0.0,2.0,24.0
2026-08-10 10:22:54,-18.3,-21.0,0.0,2.0,24.0
2026-08-10 10:21:54,-18.4,-21.0,0.0,2.0,26.0
2026-08-10 10:20:54,-18.6,-20.9,0.0,2.0,28.0
2026-08-10 10:19:54,-18.8,-21.0,0.0,2.0,29.0
2026-08-10 10:18:54,-19.0,-21.2,0.0,2.0,29.0
2026-08-10 10:17:54,-19.1,-21.4,0.0,2.0,27.0
2026-08-10 10:16:54,-19.2,-21.6,0.0,2.0,26.0
2026-08-10 10:15:54,-19.3,-21.8,0.0,2.0,26.0
2026-08-10 10:14:54,-19.4,-22.0,1.0,3.0,23.0
2026-08-10 10:13:54,-19.3,-22.2,2.0,3.0,21.0
2026-08-10 10:12:54,-19.2,-22.2,2.0,3.0,20.0
2026-08-10 10:11:54,-19.2,-22.1,2.0,3.0,21.0
2026-08-10 10:10:54,-19.1,-22.1,2.0,3.0,21.0
2026-08-10 10:09:54,-19.0,-22.0,2.0,3.0,21.0
2026-08-10 10:08:54,-19.0,-22.0,2.0,3.0,21.0
2026-08-10 10:07:54,-19.0,-21.9,1.0,3.0,21.0
2026-08-10 10:06:54,-18.9,-21.9,2.0,3.0,21.0
2026-08-10 10:05:54,-18.9,-21.8,1.0,3.0,21.0
2026-08-10 10:04:54,-18.8,-21.8,1.0,3.0,21.0
2026-08-10 10:03:54,-18.7,-21.7,1.0,3.0,21.0
2026-08-10 10:02:54,-18.7,-21.6,1.0,3.0,21.0
2026-08-10 10:01:54,-18.6,-21.6,1.0,3.0,22.0
2026-08-10 10:00:54,-18.5,-21.5,1.0,3.0,22.0
2026-08-10 09:59:54,-18.4,-21.4,1.0,3.0,22.0
2026-08-10 09:58:54,-18.4,-21.4,0.0,3.0,22.0
2026-08-10 09:57:54,-18.3,-21.2,0.0,2.0,22.0
2026-08-10 09:56:54,-18.3,-21.1,0.0,2.0,23.0
2026-08-10 09:55:54,-18.2,-21.1,0.0,2.0,23.0
2026-08-10 09:54:54,-18.2,-21.0,0.0,2.0,24.0
2026-08-10 09:53:54,-18.2,-20.9,0.0,2.0,25.0
2026-08-10 09:52:54,-18.3,-20.8,0.0,2.0,26.0
2026-08-10 09:51:54,-18.5,-20.8,0.0,1.0,29.0
2026-08-10 09:50:54,-18.7,-21.0,0.0,2.0,29.0
2026-08-10 09:49:54,-18.8,-21.1,0.0,2.0,28.0
2026-08-10 09:48:54,-19.0,-21.3,0.0,2.0,27.0
2026-08-10 09:47:54,-19.1,-21.5,0.0,2.0,27.0
2026-08-10 09:46:54,-19.2,-21.7,0.0,3.0,26.0
2026-08-10 09:45:54,-19.2,-21.9,1.0,3.0,23.0
2026-08-10 09:44:54,-19.1,-22.1,2.0,3.0,21.0
2026-08-10 09:43:54,-19.0,-22.1,2.0,3.0,21.0
2026-08-10 09:42:54,-19.0,-22.0,2.0,3.0,21.0
2026-08-10 09:41:54,-18.9,-21.9,2.0,3.0,21.0
2026-08-10 09:40:54,-18.9,-21.9,2.0,3.0,21.0
2026-08-10 09:39:54,-18.9,-21.8,2.0,3.0,21.0
2026-08-10 09:38:54,-18.8,-21.8,1.0,3.0,21.0
2026-08-10 09:37:54,-18.7,-21.7,1.0,3.0,21.0
2026-08-10 09:36:54,-18.7,-21.7,1.0,2.0,21.0
2026-08-10 09:35:54,-18.6,-21.6,1.0,3.0,21.0
2026-08-10 09:34:54,-18.5,-21.5,1.0,3.0,21.0
2026-08-10 09:33:54,-18.5,-21.5,1.0,3.0,22.0
2026-08-10 09:32:54,-18.4,-21.4,1.0,3.0,22.0
2026-08-10 09:31:54,-18.3,-21.3,1.0,3.0,22.0
2026-08-10 09:30:54,-18.3,-21.2,0.0,2.0,22.0
2026-08-10 09:29:54,-18.2,-21.1,0.0,2.0,22.0
2026-08-10 09:28:54,-18.1,-21.0,0.0,2.0,23.0
2026-08-10 09:27:54,-18.0,-21.0,0.0,2.0,23.0
2026-08-10 09:26:54,-18.0,-20.8,0.0,2.0,24.0
2026-08-10 09:25:54,-18.0,-20.7,0.0,2.0,24.0
2026-08-10 09:24:54,-18.1,-20.7,0.0,2.0,26.0
2026-08-10 09:23:54,-18.2,-20.6,0.0,2.0,28.0
2026-08-10 09:22:54,-18.4,-20.7,0.0,1.0,30.0
2026-08-10 09:21:54,-18.5,-20.8,0.0,2.0,29.0
2026-08-10 09:20:54,-18.7,-21.0,0.0,2.0,28.0
2026-08-10 09:19:54,-18.8,-21.2,0.0,2.0,27.0
2026-08-10 09:18:54,-19.0,-21.4,0.0,2.0,27.0
2026-08-10 09:17:54,-19.1,-21.6,0.0,2.0,25.0
2026-08-10 09:16:54,-19.0,-21.8,1.0,3.0,23.0
2026-08-10 09:15:54,-18.9,-21.9,2.0,3.0,21.0
2026-08-10 09:14:54,-18.9,-21.9,2.0,3.0,21.0
2026-08-10 09:13:54,-18.9,-21.8,2.0,3.0,21.0
2026-08-10 09:12:54,-18.8,-21.8,2.0,3.0,21.0
2026-08-10 09:11:54,-18.7,-21.7,2.0,3.0,21.0
2026-08-10 09:10:54,-18.7,-21.6,1.0,2.0,21.0
2026-08-10 09:09:54,-18.6,-21.6,1.0,2.0,21.0
2026-08-10 09:08:54,-18.5,-21.5,1.0,2.0,21.0
2026-08-10 09:07:54,-18.5,-21.5,1.0,3.0,21.0
2026-08-10 09:06:54,-18.4,-21.4,1.0,2.0,21.0
2026-08-10 09:05:54,-18.3,-21.3,1.0,3.0,21.0
2026-08-10 09:04:54,-18.3,-21.2,1.0,2.0,22.0
2026-08-10 09:03:54,-18.2,-21.2,1.0,2.0,22.0
2026-08-10 09:02:54,-18.1,-21.1,1.0,2.0,22.0
2026-08-10 09:01:54,-18.0,-21.0,0.0,2.0,22.0
2026-08-10 09:00:54,-18.0,-20.9,0.0,2.0,23.0
2026-08-10 08:59:54,-17.9,-20.8,0.0,2.0,23.0
2026-08-10 08:58:54,-17.8,-20.7,0.0,2.0,23.0
2026-08-10 08:57:54,-17.8,-20.6,0.0,2.0,24.0
2026-08-10 08:56:54,-17.8,-20.5,0.0,2.0,25.0
2026-08-10 08:55:54,-17.8,-20.4,0.0,2.0,27.0
2026-08-10 08:54:54,-18.0,-20.3,0.0,2.0,29.0
2026-08-10 08:53:54,-18.2,-20.4,0.0,1.0,31.0
2026-08-10 08:52:54,-18.3,-20.5,0.0,1.0,30.0
2026-08-10 08:51:54,-18.5,-20.7,0.0,2.0,30.0
2026-08-10 08:50:54,-18.6,-20.9,0.0,2.0,29.0
2026-08-10 08:49:54,-18.7,-21.1,0.0,2.0,28.0
2026-08-10 08:48:54,-18.9,-21.2,0.0,2.0,27.0
2026-08-10 08:47:54,-19.0,-21.4,0.0,2.0,26.0
2026-08-10 08:46:54,-19.0,-21.6,1.0,2.0,25.0
2026-08-10 08:45:54,-19.0,-21.8,2.0,3.0,23.0
2026-08-10 08:44:54,-19.0,-22.0,3.0,3.0,21.0
2026-08-10 08:43:54,-18.9,-21.9,3.0,3.0,21.0
2026-08-10 08:42:54,-18.9,-21.8,3.0,3.0,21.0
2026-08-10 08:41:54,-18.8,-21.8,2.0,3.0,21.0
2026-08-10 08:40:54,-18.7,-21.7,2.0,3.0,21.0
2026-08-10 08:39:54,-18.6,-21.7,2.0,3.0,21.0
2026-08-10 08:38:54,-18.6,-21.6,2.0,3.0,21.0
2026-08-10 08:37:54,-18.6,-21.5,2.0,3.0,21.0
2026-08-10 08:36:54,-18.5,-21.5,1.0,3.0,21.0
2026-08-10 08:35:54,-18.4,-21.4,1.0,3.0,21.0
2026-08-10 08:34:54,-18.4,-21.3,1.0,2.0,21.0
2026-08-10 08:33:54,-18.3,-21.3,1.0,2.0,21.0
2026-08-10 08:32:54,-18.2,-21.2,1.0,3.0,22.0
2026-08-10 08:31:54,-18.2,-21.1,1.0,2.0,22.0
2026-08-10 08:30:54,-18.1,-21.1,1.0,2.0,22.0
2026-08-10 08:29:54,-18.0,-21.0,1.0,3.0,22.0
2026-08-10 08:28:54,-18.0,-20.9,1.0,2.0,22.0
2026-08-10 08:27:54,-17.9,-20.8,0.0,2.0,23.0
2026-08-10 08:26:54,-17.8,-20.7,0.0,2.0,23.0
2026-08-10 08:25:54,-17.7,-20.6,0.0,2.0,23.0
2026-08-10 08:24:54,-17.6,-20.5,0.0,2.0,23.0
2026-08-10 08:23:54,-17.5,-20.4,0.0,2.0,24.0
2026-08-10 08:22:54,-17.4,-20.3,0.0,2.0,25.0
2026-08-10 08:21:54,-17.4,-20.2,0.0,2.0,26.0
2026-08-10 08:20:54,-17.5,-20.1,0.0,2.0,27.0
2026-08-10 08:19:54,-17.6,-20.0,0.0,1.0,29.0
2026-08-10 08:18:54,-17.7,-20.0,0.0,1.0,32.0
2026-08-10 08:17:54,-17.9,-20.1,0.0,1.0,31.0
2026-08-10 08:16:54,-18.0,-20.2,0.0,2.0,31.0
2026-08-10 08:15:54,-18.1,-20.4,0.0,2.0,31.0
2026-08-10 08:14:54,-18.2,-20.5,0.0,2.0,30.0
2026-08-10 08:13:54,-18.4,-20.7,0.0,2.0,30.0
2026-08-10 08:12:54,-18.5,-20.8,0.0,2.0,29.0
2026-08-10 08:11:54,-18.7,-21.0,0.0,2.0,28.0
2026-08-10 08:10:54,-18.8,-21.2,0.0,2.0,27.0
2026-08-10 08:09:54,-19.0,-21.4,0.0,2.0,27.0
2026-08-10 08:08:54,-19.1,-21.6,1.0,3.0,25.0
2026-08-10 08:07:54,-19.1,-21.8,2.0,3.0,23.0
2026-08-10 08:06:54,-19.0,-22.0,3.0,3.0,21.0
2026-08-10 08:05:54,-19.0,-21.9,3.0,3.0,20.0
2026-08-10 08:04:54,-18.9,-21.9,3.0,3.0,21.0
2026-08-10 08:03:54,-18.9,-21.8,3.0,3.0,21.0
2026-08-10 08:02:54,-18.8,-21.8,3.0,3.0,21.0
2026-08-10 08:01:54,-18.7,-21.7,3.0,3.0,21.0
2026-08-10 08:00:54,-18.7,-21.7,3.0,3.0,21.0
2026-08-10 07:59:54,-18.6,-21.6,3.0,3.0,21.0
2026-08-10 07:58:54,-18.6,-21.6,2.0,3.0,21.0
2026-08-10 07:57:54,-18.5,-21.5,2.0,2.0,21.0
2026-08-10 07:56:54,-18.5,-21.4,2.0,3.0,21.0
2026-08-10 07:55:54,-18.4,-21.4,2.0,3.0,21.0
2026-08-10 07:54:54,-18.3,-21.3,2.0,3.0,21.0
2026-08-10 07:53:54,-18.3,-21.2,1.0,2.0,21.0
2026-08-10 07:52:54,-18.2,-21.2,1.0,3.0,21.0
2026-08-10 07:51:54,-18.2,-21.1,1.0,3.0,22.0
2026-08-10 07:50:54,-18.1,-21.0,1.0,3.0,22.0
2026-08-10 07:49:54,-18.0,-21.0,1.0,2.0,22.0
2026-08-10 07:48:54,-17.9,-20.9,1.0,3.0,22.0
2026-08-10 07:47:54,-17.9,-20.8,1.0,2.0,22.0
2026-08-10 07:46:54,-17.8,-20.7,0.0,2.0,22.0
2026-08-10 07:45:54,-17.7,-20.6,0.0,2.0,23.0
2026-08-10 07:44:54,-17.6,-20.6,0.0,2.0,23.0
2026-08-10 07:43:54,-17.5,-20.5,0.0,2.0,23.0
2026-08-10 07:42:54,-17.4,-20.3,0.0,2.0,23.0
2026-08-10 07:41:54,-17.3,-20.2,0.0,2.0,24.0
2026-08-10 07:40:54,-17.2,-20.1,0.0,2.0,25.0
2026-08-10 07:39:54,-17.1,-20.0,0.0,2.0,26.0
2026-08-10 07:38:54,-17.1,-19.8,0.0,2.0,26.0
2026-08-10 07:37:54,-17.1,-19.7,0.0,2.0,27.0
2026-08-10 07:36:54,-17.2,-19.6,0.0,1.0,29.0
2026-08-10 07:35:54,-17.3,-19.6,0.0,1.0,33.0
2026-08-10 07:34:54,-17.4,-19.6,0.0,1.0,33.0
2026-08-10 07:33:54,-17.5,-19.7,0.0,1.0,32.0
2026-08-10 07:32:54,-17.6,-19.8,0.0,2.0,32.0
2026-08-10 07:31:54,-17.7,-20.0,0.0,1.0,32.0
2026-08-10 07:30:54,-17.8,-20.1,0.0,2.0,31.0
2026-08-10 07:29:54,-18.0,-20.2,0.0,2.0,31.0
2026-08-10 07:28:54,-18.1,-20.4,0.0,2.0,30.0
2026-08-10 07:27:54,-18.3,-20.5,0.0,2.0,30.0
2026-08-10 07:26:54,-18.4,-20.6,0.0,2.0,30.0
2026-08-10 07:25:54,-18.6,-20.8,0.0,2.0,29.0
2026-08-10 07:24:54,-18.7,-21.0,0.0,3.0,28.0
2026-08-10 07:23:54,-18.9,-21.3,1.0,3.0,27.0
2026-08-10 07:22:54,-19.0,-21.4,1.0,3.0,26.0
2026-08-10 07:21:54,-19.1,-21.7,2.0,3.0,24.0
2026-08-10 07:20:54,-19.1,-21.9,3.0,3.0,22.0
2026-08-10 07:19:54,-19.0,-22.0,4.0,3.0,20.0
2026-08-10 07:18:54,-19.0,-21.9,4.0,3.0,20.0
2026-08-10 07:17:54,-18.9,-21.9,4.0,3.0,20.0
2026-08-10 07:16:54,-18.8,-21.8,3.0,3.0,20.0
2026-08-10 07:15:54,-18.8,-21.8,3.0,3.0,20.0
2026-08-10 07:14:54,-18.8,-21.7,3.0,3.0,20.0
2026-08-10 07:13:54,-18.7,-21.7,3.0,3.0,20.0
2026-08-10 07:12:54,-18.7,-21.6,3.0,3.0,21.0
2026-08-10 07:11:54,-18.6,-21.6,3.0,3.0,21.0
2026-08-10 07:10:54,-18.6,-21.5,3.0,3.0,21.0
2026-08-10 07:09:54,-18.5,-21.5,3.0,3.0,21.0
2026-08-10 07:08:54,-18.5,-21.4,3.0,3.0,21.0
2026-08-10 07:07:54,-18.4,-21.4,3.0,3.0,21.0
2026-08-10 07:06:54,-18.3,-21.3,2.0,3.0,21.0
2026-08-10 07:05:54,-18.3,-21.2,2.0,3.0,21.0
2026-08-10 07:04:54,-18.2,-21.2,2.0,3.0,21.0
2026-08-10 07:03:54,-18.1,-21.1,2.0,3.0,21.0
2026-08-10 07:02:54,-18.1,-21.0,2.0,3.0,21.0
2026-08-10 07:01:54,-18.0,-21.0,1.0,3.0,21.0
2026-08-10 07:00:54,-17.9,-20.9,1.0,3.0,21.0
2026-08-10 06:59:54,-17.9,-20.8,1.0,3.0,21.0
2026-08-10 06:58:54,-17.8,-20.7,1.0,3.0,21.0
2026-08-10 06:57:54,-17.7,-20.7,1.0,3.0,21.0
2026-08-10 06:56:54,-17.6,-20.6,1.0,3.0,21.0
2026-08-10 06:55:54,-17.5,-20.5,1.0,3.0,21.0
2026-08-10 06:54:54,-17.5,-20.4,0.0,3.0,21.0
2026-08-10 06:53:54,-17.4,-20.3,0.0,3.0,21.0
2026-08-10 06:52:54,-17.3,-20.3,0.0,2.0,21.0
2026-08-10 06:51:54,-17.2,-20.2,0.0,2.0,20.0
2026-08-10 06:50:54,-17.2,-20.1,0.0,3.0,20.0
2026-08-10 06:49:54,-17.2,-20.1,0.0,2.0,19.0
2026-08-10 06:48:54,-17.1,-19.9,0.0,2.0,20.0
2026-08-10 06:47:54,-17.1,-19.8,0.0,2.0,20.0
2026-08-10 06:46:54,-17.0,-19.7,0.0,2.0,21.0
2026-08-10 06:45:54,-16.9,-19.6,0.0,2.0,22.0
2026-08-10 06:44:54,-16.9,-19.4,0.0,2.0,24.0
2026-08-10 06:43:54,-16.9,-19.3,0.0,1.0,27.0
2026-08-10 06:42:54,-16.9,-19.2,0.0,1.0,33.0
2026-08-10 06:41:54,-17.0,-19.3,0.0,1.0,33.0
2026-08-10 06:40:54,-17.1,-19.4,0.0,1.0,33.0
2026-08-10 06:39:54,-17.2,-19.4,0.0,1.0,33.0
2026-08-10 06:38:54,-17.3,-19.5,0.0,2.0,33.0
2026-08-10 06:37:54,-17.4,-19.6,0.0,2.0,32.0
2026-08-10 06:36:54,-17.5,-19.7,0.0,2.0,32.0
2026-08-10 06:35:54,-17.6,-19.9,0.0,2.0,32.0
2026-08-10 06:34:54,-17.7,-20.0,0.0,2.0,32.0
2026-08-10 06:33:54,-17.9,-20.1,0.0,2.0,31.0
2026-08-10 06:32:54,-18.0,-20.2,0.0,2.0,31.0
2026-08-10 06:31:54,-18.1,-20.4,0.0,3.0,30.0
2026-08-10 06:30:54,-18.3,-20.6,0.0,3.0,30.0
2026-08-10 06:29:54,-18.4,-20.7,0.0,3.0,29.0
2026-08-10 06:28:54,-18.6,-20.9,1.0,3.0,28.0
2026-08-10 06:27:54,-18.8,-21.1,1.0,3.0,27.0
2026-08-10 06:26:54,-18.9,-21.4,2.0,3.0,26.0
2026-08-10 06:25:54,-19.0,-21.6,2.0,3.0,24.0
2026-08-10 06:24:54,-19.1,-21.8,3.0,3.0,23.0
2026-08-10 06:23:54,-19.0,-22.0,5.0,3.0,20.0
2026-08-10 06:22:54,-18.9,-21.9,4.0,3.0,20.0
2026-08-10 06:21:54,-18.9,-21.9,4.0,3.0,20.0
2026-08-10 06:20:54,-18.9,-21.8,4.0,3.0,20.0
2026-08-10 06:19:54,-18.8,-21.8,4.0,3.0,20.0
2026-08-10 06:18:54,-18.8,-21.7,4.0,3.0,20.0
2026-08-10 06:17:54,-18.7,-21.7,4.0,3.0,20.0
2026-08-10 06:16:54,-18.7,-21.7,4.0,3.0,20.0
2026-08-10 06:15:54,-18.7,-21.6,4.0,3.0,20.0
2026-08-10 06:14:54,-18.6,-21.6,4.0,3.0,20.0
2026-08-10 06:13:54,-18.6,-21.5,4.0,3.0,21.0
2026-08-10 06:12:54,-18.5,-21.5,3.0,3.0,21.0
2026-08-10 06:11:54,-18.5,-21.4,3.0,3.0,21.0
2026-08-10 06:10:54,-18.4,-21.4,3.0,3.0,21.0
2026-08-10 06:09:54,-18.4,-21.3,3.0,3.0,20.0
2026-08-10 06:08:54,-18.3,-21.2,3.0,3.0,21.0
2026-08-10 06:07:54,-18.2,-21.2,3.0,3.0,21.0
2026-08-10 06:06:54,-18.2,-21.1,3.0,3.0,21.0
2026-08-10 06:05:54,-18.1,-21.1,3.0,3.0,21.0
2026-08-10 06:04:54,-18.0,-21.0,3.0,3.0,21.0
2026-08-10 06:03:54,-18.0,-20.9,2.0,3.0,21.0
2026-08-10 06:02:54,-17.9,-20.8,2.0,3.0,20.0
2026-08-10 06:01:54,-17.8,-20.8,2.0,3.0,20.0
2026-08-10 06:00:54,-17.8,-20.7,2.0,3.0,20.0
2026-08-10 05:59:54,-17.7,-20.6,2.0,3.0,20.0
2026-08-10 05:58:54,-17.6,-20.6,2.0,3.0,20.0
2026-08-10 05:57:54,-17.5,-20.5,1.0,3.0,20.0
2026-08-10 05:56:54,-17.4,-20.4,1.0,3.0,20.0
2026-08-10 05:55:54,-17.3,-20.3,1.0,3.0,19.0
2026-08-10 05:54:54,-17.3,-20.2,1.0,3.0,19.0
2026-08-10 05:53:54,-17.2,-20.2,1.0,3.0,18.0
2026-08-10 05:52:54,-17.3,-20.2,0.0,3.0,17.0
2026-08-10 05:51:54,-17.2,-20.1,0.0,3.0,18.0
2026-08-10 05:50:54,-17.2,-20.0,0.0,3.0,18.0
2026-08-10 05:49:54,-17.1,-19.9,0.0,3.0,18.0
2026-08-10 05:48:54,-17.0,-19.8,0.0,3.0,18.0
2026-08-10 05:47:54,-16.9,-19.6,0.0,3.0,18.0
2026-08-10 05:46:54,-16.7,-19.5,0.0,3.0,19.0
2026-08-10 05:45:54,-16.7,-19.4,0.0,2.0,19.0
2026-08-10 05:44:54,-16.6,-19.2,0.0,3.0,20.0
2026-08-10 05:43:54,-16.5,-19.1,0.0,2.0,21.0
2026-08-10 05:42:54,-16.4,-18.9,0.0,2.0,22.0
2026-08-10 05:41:54,-16.3,-18.9,0.0,2.0,24.0
2026-08-10 05:40:54,-16.4,-18.9,0.0,2.0,28.0
2026-08-10 05:39:54,-16.5,-19.0,0.0,2.0,28.0
2026-08-10 05:38:54,-16.6,-19.1,0.0,2.0,27.0
2026-08-10 05:37:54,-16.7,-19.3,0.0,2.0,27.0
2026-08-10 05:36:54,-16.8,-19.4,0.0,2.0,27.0
2026-08-10 05:35:54,-16.9,-19.5,0.0,2.0,27.0
2026-08-10 05:34:54,-17.0,-19.7,0.0,3.0,26.0
2026-08-10 05:33:54,-17.2,-19.9,0.0,3.0,26.0
2026-08-10 05:32:54,-17.3,-20.1,0.0,3.0,24.0
2026-08-10 05:31:54,-17.6,-20.3,0.0,3.0,24.0
2026-08-10 05:30:54,-17.8,-20.5,0.0,3.0,24.0
2026-08-10 05:29:54,-18.0,-20.7,1.0,3.0,23.0
2026-08-10 05:28:54,-18.3,-21.0,1.0,3.0,22.0
2026-08-10 05:27:54,-18.5,-21.3,2.0,3.0,20.0
2026-08-10 05:26:54,-18.7,-21.5,3.0,3.0,19.0
2026-08-10 05:25:54,-18.7,-21.7,4.0,3.0,16.0
2026-08-10 05:24:54,-18.7,-21.7,4.0,3.0,15.0
2026-08-10 05:23:54,-18.7,-21.7,4.0,3.0,15.0
2026-08-10 05:22:54,-18.6,-21.7,4.0,3.0,15.0
2026-08-10 05:21:54,-18.6,-21.6,4.0,3.0,15.0
2026-08-10 05:20:54,-18.5,-21.6,4.0,3.0,15.0
2026-08-10 05:19:54,-18.5,-21.5,4.0,3.0,15.0
2026-08-10 05:18:54,-18.4,-21.5,4.0,3.0,15.0
2026-08-10 05:17:54,-18.4,-21.5,4.0,3.0,16.0
2026-08-10 05:16:54,-18.4,-21.4,4.0,3.0,16.0
2026-08-10 05:15:54,-18.3,-21.4,4.0,3.0,16.0
2026-08-10 05:14:54,-18.2,-21.3,3.0,3.0,16.0
2026-08-10 05:13:54,-18.2,-21.3,3.0,3.0,16.0
2026-08-10 05:12:54,-18.2,-21.2,3.0,3.0,16.0
2026-08-10 05:11:54,-18.2,-21.2,3.0,3.0,16.0
2026-08-10 05:10:54,-18.1,-21.2,3.0,3.0,16.0
2026-08-10 05:09:54,-18.1,-21.1,3.0,3.0,16.0
2026-08-10 05:08:54,-18.0,-21.1,3.0,3.0,16.0
2026-08-10 05:07:54,-17.9,-21.0,3.0,3.0,16.0
2026-08-10 05:06:54,-17.9,-21.0,3.0,3.0,16.0
2026-08-10 05:05:54,-17.8,-20.9,3.0,3.0,16.0
2026-08-10 05:04:54,-17.8,-20.8,2.0,3.0,16.0
2026-08-10 05:03:54,-17.7,-20.8,2.0,3.0,16.0
2026-08-10 05:02:54,-17.7,-20.7,2.0,3.0,16.0
2026-08-10 05:01:54,-17.6,-20.6,2.0,3.0,16.0
2026-08-10 05:00:54,-17.5,-20.6,2.0,3.0,17.0
2026-08-10 04:59:54,-17.5,-20.5,2.0,3.0,17.0
2026-08-10 04:58:54,-17.4,-20.4,1.0,3.0,17.0
2026-08-10 04:57:54,-17.4,-20.4,1.0,3.0,17.0
2026-08-10 04:56:54,-17.3,-20.3,1.0,3.0,17.0
2026-08-10 04:55:54,-17.2,-20.2,1.0,3.0,17.0
2026-08-10 04:54:54,-17.2,-20.1,1.0,3.0,17.0
2026-08-10 04:53:54,-17.1,-20.0,1.0,3.0,18.0
2026-08-10 04:52:54,-17.0,-19.9,0.0,3.0,18.0
2026-08-10 04:51:54,-16.9,-19.8,1.0,3.0,18.0
2026-08-10 04:50:54,-16.8,-19.7,0.0,3.0,18.0
2026-08-10 04:49:54,-16.7,-19.6,0.0,3.0,18.0
2026-08-10 04:48:54,-16.7,-19.5,0.0,3.0,19.0
2026-08-10 04:47:54,-16.6,-19.3,0.0,3.0,19.0
2026-08-10 04:46:54,-16.6,-19.2,0.0,3.0,19.0
2026-08-10 04:45:54,-16.4,-19.0,0.0,3.0,20.0
2026-08-10 04:44:54,-16.3,-18.9,0.0,3.0,21.0
2026-08-10 04:43:54,-16.2,-18.8,0.0,2.0,22.0
2026-08-10 04:42:54,-16.0,-18.7,0.0,2.0,24.0
2026-08-10 04:41:54,-16.0,-18.7,0.0,2.0,29.0
2026-08-10 04:40:54,-16.1,-18.8,0.0,2.0,28.0
2026-08-10 04:39:54,-16.3,-18.9,0.0,2.0,28.0
2026-08-10 04:38:54,-16.4,-19.0,0.0,2.0,28.0
2026-08-10 04:37:54,-16.5,-19.1,0.0,2.0,28.0
2026-08-10 04:36:54,-16.6,-19.2,0.0,3.0,27.0
2026-08-10 04:35:54,-16.8,-19.4,0.0,3.0,27.0
2026-08-10 04:34:54,-16.9,-19.6,0.0,3.0,26.0
2026-08-10 04:33:54,-17.1,-19.7,0.0,3.0,26.0
2026-08-10 04:32:54,-17.3,-19.9,0.0,3.0,26.0
2026-08-10 04:31:54,-17.5,-20.1,0.0,3.0,25.0
2026-08-10 04:30:54,-17.6,-20.3,0.0,3.0,24.0
2026-08-10 04:29:54,-17.8,-20.5,1.0,3.0,23.0
2026-08-10 04:28:54,-18.1,-20.8,1.0,3.0,23.0
2026-08-10 04:27:54,-18.3,-21.1,2.0,3.0,22.0
2026-08-10 04:26:54,-18.5,-21.4,3.0,3.0,20.0
2026-08-10 04:25:54,-18.6,-21.6,4.0,3.0,18.0
2026-08-10 04:24:54,-18.7,-21.7,5.0,3.0,15.0
2026-08-10 04:23:54,-18.6,-21.7,5.0,3.0,15.0
2026-08-10 04:22:54,-18.6,-21.7,5.0,3.0,15.0
2026-08-10 04:21:54,-18.6,-21.6,5.0,3.0,15.0
2026-08-10 04:20:54,-18.5,-21.6,5.0,3.0,15.0
2026-08-10 04:19:54,-18.5,-21.6,5.0,3.0,15.0
2026-08-10 04:18:54,-18.5,-21.5,5.0,3.0,15.0
2026-08-10 04:17:54,-18.4,-21.5,4.0,3.0,15.0
2026-08-10 04:16:54,-18.4,-21.5,4.0,3.0,15.0
2026-08-10 04:15:54,-18.4,-21.4,4.0,3.0,15.0
2026-08-10 04:14:54,-18.3,-21.4,4.0,3.0,16.0
2026-08-10 04:13:54,-18.3,-21.3,4.0,3.0,16.0
2026-08-10 04:12:54,-18.2,-21.3,4.0,3.0,16.0
2026-08-10 04:11:54,-18.1,-21.3,4.0,3.0,16.0
2026-08-10 04:10:54,-18.1,-21.2,4.0,3.0,16.0
2026-08-10 04:09:54,-18.1,-21.2,4.0,3.0,16.0
2026-08-10 04:08:54,-18.0,-21.1,4.0,3.0,16.0
2026-08-10 04:07:54,-18.0,-21.1,3.0,3.0,16.0
2026-08-10 04:06:54,-18.0,-21.0,3.0,3.0,16.0
2026-08-10 04:05:54,-17.9,-21.0,3.0,3.0,16.0
2026-08-10 04:04:54,-17.9,-21.0,3.0,3.0,16.0
2026-08-10 04:03:54,-17.9,-20.9,3.0,3.0,16.0
2026-08-10 04:02:54,-17.8,-20.9,3.0,3.0,16.0
2026-08-10 04:01:54,-17.8,-20.8,3.0,3.0,16.0
2026-08-10 04:00:54,-17.7,-20.8,3.0,3.0,16.0
2026-08-10 03:59:54,-17.7,-20.7,3.0,3.0,16.0
2026-08-10 03:58:54,-17.6,-20.6,2.0,3.0,16.0
2026-08-10 03:57:54,-17.5,-20.6,2.0,3.0,16.0
2026-08-10 03:56:54,-17.5,-20.5,2.0,3.0,16.0
2026-08-10 03:55:54,-17.4,-20.5,2.0,3.0,17.0
2026-08-10 03:54:54,-17.4,-20.4,2.0,3.0,17.0
2026-08-10 03:53:54,-17.3,-20.3,2.0,3.0,17.0
2026-08-10 03:52:54,-17.2,-20.2,1.0,3.0,17.0
2026-08-10 03:51:54,-17.2,-20.1,1.0,3.0,17.0
2026-08-10 03:50:54,-17.1,-20.1,1.0,3.0,17.0
2026-08-10 03:49:54,-17.1,-20.0,1.0,3.0,17.0
2026-08-10 03:48:54,-16.9,-19.9,1.0,3.0,17.0
2026-08-10 03:47:54,-16.9,-19.8,1.0,3.0,18.0
2026-08-10 03:46:54,-16.8,-19.7,1.0,3.0,18.0
2026-08-10 03:45:54,-16.7,-19.6,0.0,3.0,18.0
2026-08-10 03:44:54,-16.7,-19.5,0.0,3.0,18.0
2026-08-10 03:43:54,-16.5,-19.4,0.0,3.0,18.0
2026-08-10 03:42:54,-16.4,-19.3,0.0,3.0,19.0
2026-08-10 03:41:54,-16.4,-19.1,0.0,3.0,19.0
2026-08-10 03:40:54,-16.3,-19.0,0.0,3.0,19.0
2026-08-10 03:39:54,-16.2,-18.9,0.0,3.0,20.0
2026-08-10 03:38:54,-16.1,-18.7,0.0,3.0,20.0
2026-08-10 03:37:54,-16.0,-18.5,0.0,3.0,21.0
2026-08-10 03:36:54,-15.9,-18.4,0.0,2.0,22.0
2026-08-10 03:35:54,-15.8,-18.3,0.0,2.0,24.0
2026-08-10 03:34:54,-15.7,-18.2,0.0,1.0,29.0
2026-08-10 03:33:54,-15.8,-18.3,0.0,2.0,29.0
2026-08-10 03:32:54,-15.8,-18.4,0.0,2.0,29.0
2026-08-10 03:31:54,-16.0,-18.5,0.0,2.0,28.0
2026-08-10 03:30:54,-16.1,-18.6,0.0,2.0,29.0
2026-08-10 03:29:54,-16.1,-18.7,0.0,2.0,28.0
2026-08-10 03:28:54,-16.2,-18.9,0.0,3.0,28.0
2026-08-10 03:27:54,-16.4,-19.0,0.0,3.0,27.0
2026-08-10 03:26:54,-16.5,-19.1,0.0,3.0,27.0
2026-08-10 03:25:54,-16.7,-19.2,0.0,3.0,27.0
2026-08-10 03:24:54,-16.8,-19.4,0.0,3.0,27.0
2026-08-10 03:23:54,-17.0,-19.6,0.0,3.0,26.0
2026-08-10 03:22:54,-17.2,-19.7,0.0,3.0,26.0
2026-08-10 03:21:54,-17.4,-19.9,0.0,3.0,24.0
2026-08-10 03:20:54,-17.6,-20.1,0.0,3.0,25.0
2026-08-10 03:19:54,-17.7,-20.4,1.0,3.0,24.0
2026-08-10 03:18:54,-17.9,-20.6,1.0,4.0,23.0
2026-08-10 03:17:54,-18.1,-20.9,2.0,3.0,22.0
2026-08-10 03:16:54,-18.4,-21.2,3.0,3.0,20.0
2026-08-10 03:15:54,-18.6,-21.5,4.0,3.0,19.0
2026-08-10 03:14:54,-18.7,-21.7,5.0,3.0,16.0
2026-08-10 03:13:54,-18.7,-21.7,6.0,3.0,15.0
2026-08-10 03:12:54,-18.7,-21.7,6.0,3.0,15.0
2026-08-10 03:11:54,-18.7,-21.6,5.0,3.0,15.0
2026-08-10 03:10:54,-18.6,-21.6,5.0,3.0,15.0
2026-08-10 03:09:54,-18.5,-21.6,5.0,3.0,15.0
2026-08-10 03:08:54,-18.5,-21.6,5.0,3.0,15.0
2026-08-10 03:07:54,-18.5,-21.5,5.0,3.0,15.0
2026-08-10 03:06:54,-18.5,-21.5,5.0,3.0,15.0
2026-08-10 03:05:54,-18.5,-21.5,5.0,3.0,15.0
2026-08-10 03:04:54,-18.4,-21.4,5.0,3.0,15.0
2026-08-10 03:03:54,-18.4,-21.4,5.0,3.0,15.0
2026-08-10 03:02:54,-18.3,-21.4,5.0,3.0,16.0
2026-08-10 03:01:54,-18.3,-21.3,5.0,3.0,16.0
2026-08-10 03:00:54,-18.3,-21.3,5.0,3.0,16.0
2026-08-10 02:59:54,-18.2,-21.3,5.0,3.0,16.0
2026-08-10 02:58:54,-18.2,-21.2,4.0,3.0,16.0
2026-08-10 02:57:54,-18.1,-21.2,4.0,3.0,16.0
2026-08-10 02:56:54,-18.1,-21.1,4.0,3.0,16.0
2026-08-10 02:55:54,-18.1,-21.1,4.0,3.0,16.0
2026-08-10 02:54:54,-18.0,-21.1,4.0,3.0,16.0
2026-08-10 02:53:54,-18.0,-21.0,4.0,3.0,16.0
2026-08-10 02:52:54,-17.9,-21.0,4.0,3.0,16.0
2026-08-10 02:51:54,-17.8,-20.9,4.0,3.0,16.0
2026-08-10 02:50:54,-17.8,-20.9,4.0,3.0,16.0
2026-08-10 02:49:54,-17.8,-20.8,4.0,3.0,16.0
2026-08-10 02:48:54,-17.7,-20.8,3.0,3.0,16.0
2026-08-10 02:47:54,-17.7,-20.8,3.0,3.0,16.0
2026-08-10 02:46:54,-17.7,-20.7,3.0,3.0,16.0
2026-08-10 02:45:54,-17.6,-20.6,3.0,3.0,16.0
2026-08-10 02:44:54,-17.6,-20.6,3.0,3.0,16.0
2026-08-10 02:43:54,-17.4,-20.5,3.0,3.0,16.0
2026-08-10 02:42:54,-17.4,-20.5,3.0,3.0,16.0
2026-08-10 02:41:54,-17.4,-20.4,3.0,3.0,17.0
2026-08-10 02:40:54,-17.3,-20.4,3.0,3.0,17.0
2026-08-10 02:39:54,-17.2,-20.3,2.0,3.0,17.0
2026-08-10 02:38:54,-17.2,-20.2,2.0,3.0,17.0
2026-08-10 02:37:54,-17.2,-20.2,2.0,3.0,17.0
2026-08-10 02:36:54,-17.1,-20.1,2.0,3.0,17.0
2026-08-10 02:35:54,-17.1,-20.0,2.0,3.0,17.0
2026-08-10 02:34:54,-17.0,-20.0,2.0,3.0,17.0
2026-08-10 02:33:54,-16.9,-19.9,1.0,3.0,17.0
2026-08-10 02:32:54,-16.8,-19.8,1.0,3.0,17.0
2026-08-10 02:31:54,-16.7,-19.7,1.0,3.0,18.0
2026-08-10 02:30:54,-16.7,-19.6,1.0,3.0,18.0
2026-08-10 02:29:54,-16.6,-19.5,1.0,3.0,18.0
2026-08-10 02:28:54,-16.5,-19.4,1.0,3.0,18.0
2026-08-10 02:27:54,-16.4,-19.3,0.0,3.0,18.0
2026-08-10 02:26:54,-16.4,-19.2,0.0,3.0,19.0
2026-08-10 02:25:54,-16.3,-19.1,0.0,3.0,19.0
2026-08-10 02:24:54,-16.2,-19.0,0.0,3.0,19.0
2026-08-10 02:23:54,-16.1,-18.9,0.0,3.0,19.0
2026-08-10 02:22:54,-16.0,-18.7,0.0,3.0,20.0
2026-08-10 02:21:54,-15.9,-18.6,0.0,3.0,20.0
2026-08-10 02:20:54,-15.8,-18.4,0.0,2.0,21.0
2026-08-10 02:19:54,-15.7,-18.3,0.0,3.0,21.0
2026-08-10 02:18:54,-15.6,-18.1,0.0,2.0,22.0
2026-08-10 02:17:54,-15.4,-18.0,0.0,2.0,24.0
2026-08-10 02:16:54,-15.3,-17.9,0.0,1.0,28.0
2026-08-10 02:15:54,-15.4,-18.0,0.0,2.0,30.0
2026-08-10 02:14:54,-15.5,-18.1,0.0,2.0,30.0
2026-08-10 02:13:54,-15.6,-18.2,0.0,2.0,30.0
2026-08-10 02:12:54,-15.8,-18.3,0.0,2.0,30.0
2026-08-10 02:11:54,-15.9,-18.4,0.0,2.0,29.0
2026-08-10 02:10:54,-15.9,-18.5,0.0,2.0,29.0
2026-08-10 02:09:54,-16.1,-18.6,0.0,3.0,29.0
2026-08-10 02:08:54,-16.2,-18.7,0.0,3.0,29.0
2026-08-10 02:07:54,-16.3,-18.8,0.0,3.0,28.0
2026-08-10 02:06:54,-16.4,-19.0,0.0,3.0,28.0
2026-08-10 02:05:54,-16.5,-19.1,0.0,3.0,28.0
2026-08-10 02:04:54,-16.7,-19.3,0.0,3.0,27.0
2026-08-10 02:03:54,-16.9,-19.5,0.0,3.0,27.0
2026-08-10 02:02:54,-17.1,-19.6,0.0,4.0,26.0
2026-08-10 02:01:54,-17.3,-19.8,1.0,3.0,26.0
2026-08-10 02:00:54,-17.5,-20.1,1.0,4.0,25.0
2026-08-10 01:59:54,-17.7,-20.3,2.0,3.0,24.0
2026-08-10 01:58:54,-17.9,-20.6,2.0,3.0,23.0
2026-08-10 01:57:54,-18.1,-20.9,3.0,3.0,22.0
2026-08-10 01:56:54,-18.4,-21.2,4.0,3.0,20.0
2026-08-10 01:55:54,-18.6,-21.5,5.0,3.0,17.0
2026-08-10 01:54:54,-18.5,-21.5,6.0,3.0,15.0
2026-08-10 01:53:54,-18.5,-21.5,6.0,3.0,15.0
2026-08-10 01:52:54,-18.5,-21.5,6.0,3.0,15.0
2026-08-10 01:51:54,-18.5,-21.5,6.0,3.0,15.0
2026-08-10 01:50:54,-18.4,-21.4,6.0,3.0,15.0
2026-08-10 01:49:54,-18.4,-21.4,6.0,3.0,15.0
2026-08-10 01:48:54,-18.4,-21.4,5.0,3.0,15.0
2026-08-10 01:47:54,-18.3,-21.4,5.0,3.0,15.0
2026-08-10 01:46:54,-18.3,-21.3,5.0,3.0,15.0
2026-08-10 01:45:54,-18.3,-21.3,5.0,3.0,16.0
2026-08-10 01:44:54,-18.2,-21.2,5.0,3.0,16.0
2026-08-10 01:43:54,-18.2,-21.2,5.0,3.0,16.0
2026-08-10 01:42:54,-18.2,-21.2,5.0,3.0,16.0
2026-08-10 01:41:54,-18.1,-21.2,5.0,3.0,16.0
2026-08-10 01:40:54,-18.1,-21.1,5.0,3.0,16.0
2026-08-10 01:39:54,-18.1,-21.1,5.0,3.0,16.0
2026-08-10 01:38:54,-18.0,-21.0,5.0,3.0,16.0
2026-08-10 01:37:54,-18.0,-21.0,5.0,3.0,16.0
2026-08-10 01:36:54,-17.9,-21.0,4.0,3.0,16.0
2026-08-10 01:35:54,-17.9,-20.9,4.0,3.0,16.0
2026-08-10 01:34:54,-17.9,-20.9,4.0,3.0,16.0
2026-08-10 01:33:54,-17.8,-20.8,4.0,3.0,16.0
2026-08-10 01:32:54,-17.8,-20.8,4.0,3.0,16.0
2026-08-10 01:31:54,-17.8,-20.8,4.0,3.0,16.0
2026-08-10 01:30:54,-17.7,-20.7,4.0,3.0,16.0
2026-08-10 01:29:54,-17.6,-20.7,4.0,3.0,16.0
2026-08-10 01:28:54,-17.6,-20.6,4.0,3.0,16.0
2026-08-10 01:27:54,-17.5,-20.6,4.0,3.0,16.0
2026-08-10 01:26:54,-17.5,-20.6,4.0,3.0,16.0
2026-08-10 01:25:54,-17.5,-20.5,3.0,3.0,16.0
2026-08-10 01:24:54,-17.4,-20.5,3.0,3.0,16.0
2026-08-10 01:23:54,-17.4,-20.4,3.0,3.0,16.0
2026-08-10 01:22:54,-17.4,-20.4,3.0,3.0,16.0
2026-08-10 01:21:54,-17.3,-20.3,3.0,3.0,16.0
2026-08-10 01:20:54,-17.3,-20.3,3.0,3.0,16.0
2026-08-10 01:19:54,-17.2,-20.2,3.0,3.0,17.0
2026-08-10 01:18:54,-17.1,-20.2,3.0,3.0,17.0
2026-08-10 01:17:54,-17.0,-20.1,2.0,3.0,17.0
2026-08-10 01:16:54,-17.0,-20.0,2.0,3.0,17.0
2026-08-10 01:15:54,-16.9,-19.9,2.0,3.0,17.0
2026-08-10 01:14:54,-16.9,-19.9,2.0,3.0,17.0
2026-08-10 01:13:54,-16.8,-19.8,2.0,3.0,17.0
2026-08-10 01:12:54,-16.7,-19.7,2.0,3.0,17.0
2026-08-10 01:11:54,-16.7,-19.7,1.0,3.0,17.0
2026-08-10 01:10:54,-16.6,-19.6,1.0,3.0,17.0
2026-08-10 01:09:54,-16.5,-19.5,1.0,3.0,17.0
2026-08-10 01:08:54,-16.4,-19.4,1.0,3.0,18.0
2026-08-10 01:07:54,-16.4,-19.3,1.0,3.0,18.0
2026-08-10 01:06:54,-16.3,-19.2,1.0,3.0,18.0
2026-08-10 01:05:54,-16.2,-19.1,1.0,3.0,18.0
2026-08-10 01:04:54,-16.2,-19.0,0.0,3.0,18.0
2026-08-10 01:03:54,-16.1,-18.9,0.0,3.0,19.0
2026-08-10 01:02:54,-16.0,-18.8,0.0,3.0,19.0
2026-08-10 01:01:54,-15.9,-18.7,0.0,3.0,19.0
2026-08-10 01:00:54,-15.8,-18.5,0.0,3.0,19.0
2026-08-10 00:59:54,-15.7,-18.4,0.0,3.0,20.0
2026-08-10 00:58:54,-15.5,-18.3,0.0,3.0,20.0
2026-08-10 00:57:54,-15.5,-18.1,0.0,2.0,21.0
2026-08-10 00:56:54,-15.3,-17.9,0.0,2.0,21.0
2026-08-10 00:55:54,-15.2,-17.7,0.0,2.0,22.0
2026-08-10 00:54:54,-15.1,-17.6,0.0,2.0,24.0
2026-08-10 00:53:54,-14.9,-17.5,0.0,1.0,27.0
2026-08-10 00:52:54,-15.0,-17.6,0.0,1.0,30.0
2026-08-10 00:51:54,-15.1,-17.6,0.0,1.0,30.0
2026-08-10 00:50:54,-15.1,-17.7,0.0,2.0,30.0
2026-08-10 00:49:54,-15.2,-17.8,0.0,2.0,30.0
2026-08-10 00:48:54,-15.3,-17.9,0.0,2.0,30.0
2026-08-10 00:47:54,-15.5,-18.0,0.0,2.0,29.0
2026-08-10 00:46:54,-15.6,-18.1,0.0,2.0,29.0
2026-08-10 00:45:54,-15.7,-18.2,0.0,3.0,29.0
2026-08-10 00:44:54,-15.8,-18.4,0.0,3.0,29.0
2026-08-10 00:43:54,-15.9,-18.5,0.0,3.0,28.0
2026-08-10 00:42:54,-16.1,-18.6,0.0,3.0,28.0
2026-08-10 00:41:54,-16.3,-18.8,0.0,3.0,28.0
2026-08-10 00:40:54,-16.4,-18.9,0.0,3.0,27.0
2026-08-10 00:39:54,-16.6,-19.1,0.0,3.0,27.0
2026-08-10 00:38:54,-16.7,-19.3,0.0,2.0,26.0
2026-08-10 00:37:54,-17.0,-19.5,1.0,2.0,26.0
2026-08-10 00:36:54,-17.2,-19.8,1.0,2.0,24.0
2026-08-10 00:35:54,-17.5,-20.0,1.0,2.0,24.0
2026-08-10 00:34:54,-17.7,-20.4,2.0,2.0,23.0
2026-08-10 00:33:54,-18.0,-20.7,3.0,2.0,21.0
2026-08-10 00:32:54,-18.2,-21.0,3.0,2.0,19.0
2026-08-10 00:31:54,-18.3,-21.2,5.0,2.0,16.0
2026-08-10 00:30:54,-18.3,-21.2,5.0,2.0,15.0
2026-08-10 00:29:54,-18.3,-21.2,5.0,2.0,15.0
2026-08-10 00:28:54,-18.2,-21.2,5.0,2.0,15.0
2026-08-10 00:27:54,-18.2,-21.1,5.0,2.0,15.0
2026-08-10 00:26:54,-18.2,-21.1,5.0,2.0,15.0
2026-08-10 00:25:54,-18.1,-21.1,5.0,2.0,15.0
2026-08-10 00:24:54,-18.1,-21.1,5.0,2.0,15.0
2026-08-10 00:23:54,-18.1,-21.0,5.0,2.0,15.0
2026-08-10 00:22:54,-18.0,-21.0,4.0,2.0,15.0
2026-08-10 00:21:54,-18.0,-20.9,4.0,2.0,15.0
2026-08-10 00:20:54,-18.0,-20.9,4.0,2.0,16.0
2026-08-10 00:19:54,-17.9,-20.9,4.0,2.0,16.0
2026-08-10 00:18:54,-17.8,-20.8,4.0,2.0,16.0
2026-08-10 00:17:54,-17.8,-20.8,4.0,2.0,16.0
2026-08-10 00:16:54,-17.8,-20.8,4.0,2.0,16.0
2026-08-10 00:15:54,-17.7,-20.7,4.0,2.0,16.0
2026-08-10 00:14:54,-17.7,-20.7,4.0,2.0,16.0
2026-08-10 00:13:54,-17.6,-20.6,3.0,2.0,16.0
2026-08-10 00:12:54,-17.6,-20.6,3.0,2.0,16.0
2026-08-10 00:11:54,-17.5,-20.6,3.0,2.0,16.0
2026-08-10 00:10:54,-17.5,-20.5,3.0,2.0,16.0
2026-08-10 00:09:54,-17.4,-20.5,3.0,2.0,16.0
2026-08-10 00:08:54,-17.4,-20.4,3.0,2.0,16.0
2026-08-10 00:07:54,-17.4,-20.4,3.0,2.0,16.0
2026-08-10 00:06:54,-17.3,-20.3,3.0,2.0,16.0
2026-08-10 00:05:54,-17.2,-20.3,3.0,2.0,16.0
2026-08-10 00:04:54,-17.2,-20.2,3.0,3.0,16.0
2026-08-10 00:03:54,-17.2,-20.2,3.0,3.0,17.0
2026-08-10 00:02:54,-17.1,-20.1,3.0,3.0,17.0
2026-08-10 00:01:54,-17.1,-20.1,3.0,3.0,17.0
2026-08-10 00:00:54,-17.0,-20.0,4.0,3.0,17.0
2026-08-09 23:59:54,-16.9,-19.9,4.0,3.0,18.0
2026-08-09 23:58:54,-16.9,-19.9,4.0,3.0,17.0
2026-08-09 23:57:54,-16.8,-19.8,3.0,3.0,16.0
2026-08-09 23:56:54,-16.7,-19.8,1.0,3.0,17.0
2026-08-09 23:55:54,-16.7,-19.7,1.0,3.0,17.0
2026-08-09 23:54:54,-16.6,-19.6,1.0,3.0,17.0
2026-08-09 23:53:54,-16.5,-19.5,1.0,3.0,17.0
2026-08-09 23:52:54,-16.5,-19.4,1.0,3.0,17.0
2026-08-09 23:51:54,-16.4,-19.4,1.0,3.0,17.0
2026-08-09 23:50:54,-16.3,-19.3,1.0,3.0,17.0
2026-08-09 23:49:54,-16.2,-19.2,0.0,2.0,18.0
2026-08-09 23:48:54,-16.2,-19.1,0.0,2.0,18.0
2026-08-09 23:47:54,-16.1,-19.0,0.0,2.0,18.0
2026-08-09 23:46:54,-16.0,-18.9,0.0,3.0,18.0
2026-08-09 23:45:54,-15.9,-18.7,0.0,2.0,18.0
2026-08-09 23:44:54,-15.8,-18.6,0.0,2.0,19.0
2026-08-09 23:43:54,-15.7,-18.5,0.0,3.0,19.0
2026-08-09 23:42:54,-15.7,-18.3,0.0,2.0,20.0
2026-08-09 23:41:54,-15.6,-18.2,0.0,2.0,20.0
2026-08-09 23:40:54,-15.5,-18.0,0.0,2.0,20.0
2026-08-09 23:39:54,-15.4,-17.9,0.0,2.0,21.0
2026-08-09 23:38:54,-15.3,-17.7,0.0,2.0,23.0
2026-08-09 23:37:54,-15.2,-17.6,0.0,2.0,25.0
2026-08-09 23:36:54,-15.1,-17.5,0.0,1.0,30.0
2026-08-09 23:35:54,-15.1,-17.6,0.0,1.0,30.0
2026-08-09 23:34:54,-15.2,-17.7,0.0,1.0,30.0
2026-08-09 23:33:54,-15.2,-17.7,0.0,1.0,30.0
2026-08-09 23:32:54,-15.3,-17.8,0.0,2.0,30.0
2026-08-09 23:31:54,-15.5,-17.9,0.0,2.0,30.0
2026-08-09 23:30:54,-15.5,-18.0,0.0,2.0,29.0
2026-08-09 23:29:54,-15.6,-18.1,0.0,2.0,29.0
2026-08-09 23:28:54,-15.7,-18.2,0.0,2.0,29.0
2026-08-09 23:27:54,-15.8,-18.3,0.0,2.0,29.0
2026-08-09 23:26:54,-16.0,-18.5,0.0,3.0,29.0
2026-08-09 23:25:54,-16.1,-18.6,0.0,3.0,28.0
2026-08-09 23:24:54,-16.2,-18.7,0.0,3.0,28.0
2026-08-09 23:23:54,-16.4,-18.9,0.0,3.0,28.0
2026-08-09 23:22:54,-16.6,-19.0,0.0,3.0,27.0
2026-08-09 23:21:54,-16.7,-19.2,0.0,3.0,27.0
2026-08-09 23:20:54,-16.9,-19.4,0.0,4.0,26.0
2026-08-09 23:19:54,-17.1,-19.6,0.0,3.0,26.0
2026-08-09 23:18:54,-17.3,-19.8,1.0,3.0,25.0
2026-08-09 23:17:54,-17.4,-20.0,1.0,3.0,24.0
2026-08-09 23:16:54,-17.7,-20.3,2.0,3.0,23.0
2026-08-09 23:15:54,-17.9,-20.6,3.0,3.0,22.0
2026-08-09 23:14:54,-18.2,-20.9,3.0,3.0,21.0
2026-08-09 23:13:54,-18.4,-21.2,4.0,3.0,18.0
2026-08-09 23:12:54,-18.4,-21.4,6.0,3.0,15.0
2026-08-09 23:11:54,-18.4,-21.3,6.0,3.0,15.0
2026-08-09 23:10:54,-18.4,-21.3,6.0,3.0,15.0
2026-08-09 23:09:54,-18.3,-21.3,6.0,3.0,15.0
2026-08-09 23:08:54,-18.3,-21.3,6.0,3.0,15.0
2026-08-09 23:07:54,-18.3,-21.2,6.0,3.0,15.0
2026-08-09 23:06:54,-18.2,-21.2,5.0,3.0,15.0
2026-08-09 23:05:54,-18.2,-21.2,5.0,3.0,15.0
2026-08-09 23:04:54,-18.2,-21.1,5.0,3.0,15.0
2026-08-09 23:03:54,-18.1,-21.1,5.0,3.0,15.0
2026-08-09 23:02:54,-18.1,-21.1,5.0,3.0,15.0
2026-08-09 23:01:54,-18.1,-21.0,5.0,3.0,15.0
2026-08-09 23:00:54,-18.0,-21.0,5.0,3.0,15.0
2026-08-09 22:59:54,-18.0,-21.0,5.0,3.0,15.0
2026-08-09 22:58:54,-17.9,-20.9,5.0,3.0,15.0
2026-08-09 22:57:54,-17.9,-20.9,5.0,3.0,15.0
2026-08-09 22:56:54,-17.8,-20.9,5.0,3.0,15.0
2026-08-09 22:55:54,-17.8,-20.8,5.0,3.0,15.0
2026-08-09 22:54:54,-17.8,-20.8,4.0,3.0,15.0
2026-08-09 22:53:54,-17.7,-20.7,4.0,3.0,15.0
2026-08-09 22:52:54,-17.7,-20.7,4.0,3.0,15.0
2026-08-09 22:51:54,-17.7,-20.7,4.0,3.0,15.0
2026-08-09 22:50:54,-17.6,-20.6,4.0,3.0,15.0
2026-08-09 22:49:54,-17.5,-20.6,4.0,3.0,16.0
2026-08-09 22:48:54,-17.5,-20.6,4.0,3.0,16.0
2026-08-09 22:47:54,-17.4,-20.5,4.0,3.0,16.0
2026-08-09 22:46:54,-17.4,-20.5,4.0,3.0,16.0
2026-08-09 22:45:54,-17.4,-20.4,4.0,3.0,16.0
2026-08-09 22:44:54,-17.3,-20.3,3.0,3.0,16.0
2026-08-09 22:43:54,-17.3,-20.3,3.0,3.0,16.0
2026-08-09 22:42:54,-17.2,-20.3,3.0,3.0,16.0
2026-08-09 22:41:54,-17.1,-20.2,3.0,3.0,16.0
2026-08-09 22:40:54,-17.1,-20.2,3.0,3.0,16.0
2026-08-09 22:39:54,-17.1,-20.1,3.0,3.0,16.0
2026-08-09 22:38:54,-17.0,-20.1,3.0,3.0,16.0
2026-08-09 22:37:54,-16.9,-20.0,3.0,3.0,16.0
2026-08-09 22:36:54,-16.8,-19.9,2.0,3.0,16.0
2026-08-09 22:35:54,-16.8,-19.9,2.0,3.0,16.0
2026-08-09 22:34:54,-16.7,-19.8,2.0,3.0,16.0
2026-08-09 22:33:54,-16.7,-19.7,2.0,3.0,16.0
2026-08-09 22:32:54,-16.6,-19.7,2.0,3.0,17.0
2026-08-09 22:31:54,-16.5,-19.6,2.0,3.0,17.0
2026-08-09 22:30:54,-16.5,-19.5,1.0,3.0,17.0
2026-08-09 22:29:54,-16.5,-19.5,1.0,3.0,17.0
2026-08-09 22:28:54,-16.4,-19.4,1.0,3.0,17.0
2026-08-09 22:27:54,-16.3,-19.3,1.0,3.0,17.0
2026-08-09 22:26:54,-16.2,-19.2,1.0,3.0,17.0
2026-08-09 22:25:54,-16.2,-19.1,1.0,3.0,17.0
2026-08-09 22:24:54,-16.1,-19.0,1.0,3.0,18.0
2026-08-09 22:23:54,-16.0,-18.9,0.0,3.0,18.0
2026-08-09 22:22:54,-15.9,-18.8,0.0,2.0,18.0
2026-08-09 22:21:54,-15.8,-18.7,0.0,3.0,18.0
2026-08-09 22:20:54,-15.8,-18.6,0.0,3.0,18.0
2026-08-09 22:19:54,-15.6,-18.5,0.0,3.0,18.0
2026-08-09 22:18:54,-15.6,-18.4,0.0,2.0,19.0
2026-08-09 22:17:54,-15.5,-18.2,0.0,2.0,19.0
2026-08-09 22:16:54,-15.4,-18.1,0.0,2.0,20.0
2026-08-09 22:15:54,-15.3,-17.9,0.0,2.0,20.0
2026-08-09 22:14:54,-15.2,-17.8,0.0,2.0,21.0
2026-08-09 22:13:54,-15.1,-17.6,0.0,2.0,22.0
2026-08-09 22:12:54,-15.0,-17.4,0.0,2.0,23.0
2026-08-09 22:11:54,-14.9,-17.3,0.0,1.0,26.0
2026-08-09 22:10:54,-14.8,-17.3,0.0,1.0,30.0
2026-08-09 22:09:54,-14.9,-17.3,0.0,1.0,30.0
2026-08-09 22:08:54,-14.9,-17.4,0.0,1.0,30.0
2026-08-09 22:07:54,-15.1,-17.5,0.0,1.0,30.0
2026-08-09 22:06:54,-15.1,-17.5,0.0,2.0,30.0
2026-08-09 22:05:54,-15.2,-17.6,0.0,2.0,30.0
2026-08-09 22:04:54,-15.3,-17.7,0.0,2.0,30.0
2026-08-09 22:03:54,-15.4,-17.8,0.0,2.0,30.0
2026-08-09 22:02:54,-15.5,-17.9,0.0,2.0,29.0
2026-08-09 22:01:54,-15.5,-18.0,0.0,2.0,29.0
2026-08-09 22:00:54,-15.7,-18.1,0.0,3.0,29.0
2026-08-09 21:59:54,-15.8,-18.3,0.0,3.0,29.0
2026-08-09 21:58:54,-15.9,-18.4,0.0,3.0,28.0
2026-08-09 21:57:54,-16.1,-18.5,0.0,3.0,28.0
2026-08-09 21:56:54,-16.3,-18.6,0.0,3.0,28.0
2026-08-09 21:55:54,-16.4,-18.8,0.0,3.0,27.0
2026-08-09 21:54:54,-16.5,-19.0,0.0,3.0,27.0
2026-08-09 21:53:54,-16.7,-19.2,0.0,4.0,26.0
2026-08-09 21:52:54,-16.9,-19.4,1.0,4.0,26.0
2026-08-09 21:51:54,-17.0,-19.6,1.0,3.0,25.0
2026-08-09 21:50:54,-17.3,-19.8,2.0,3.0,24.0
2026-08-09 21:49:54,-17.5,-20.1,2.0,3.0,23.0
2026-08-09 21:48:54,-17.7,-20.4,3.0,3.0,22.0
2026-08-09 21:47:54,-17.9,-20.7,4.0,3.0,20.0
2026-08-09 21:46:54,-18.1,-21.0,5.0,3.0,18.0
2026-08-09 21:45:54,-18.0,-21.1,6.0,3.0,15.0
2026-08-09 21:44:54,-18.0,-21.0,6.0,3.0,15.0
2026-08-09 21:43:54,-18.0,-21.0,6.0,3.0,15.0
2026-08-09 21:42:54,-18.0,-21.0,6.0,3.0,15.0
2026-08-09 21:41:54,-18.0,-20.9,6.0,3.0,15.0
2026-08-09 21:40:54,-17.9,-20.9,5.0,3.0,15.0
2026-08-09 21:39:54,-17.9,-20.9,5.0,3.0,15.0
2026-08-09 21:38:54,-17.9,-20.8,5.0,3.0,15.0
2026-08-09 21:37:54,-17.8,-20.8,5.0,3.0,15.0
2026-08-09 21:36:54,-17.7,-20.8,5.0,3.0,15.0
2026-08-09 21:35:54,-17.7,-20.7,5.0,3.0,15.0
2026-08-09 21:34:54,-17.6,-20.7,5.0,3.0,15.0
2026-08-09 21:33:54,-17.6,-20.7,5.0,3.0,15.0
2026-08-09 21:32:54,-17.5,-20.6,5.0,3.0,15.0
2026-08-09 21:31:54,-17.5,-20.6,5.0,3.0,15.0
2026-08-09 21:30:54,-17.5,-20.5,5.0,3.0,15.0
2026-08-09 21:29:54,-17.5,-20.5,5.0,3.0,15.0
2026-08-09 21:28:54,-17.4,-20.5,4.0,3.0,16.0
2026-08-09 21:27:54,-17.3,-20.4,4.0,3.0,16.0
2026-08-09 21:26:54,-17.3,-20.4,4.0,3.0,16.0
2026-08-09 21:25:54,-17.2,-20.3,4.0,3.0,16.0
2026-08-09 21:24:54,-17.2,-20.3,4.0,3.0,16.0
2026-08-09 21:23:54,-17.2,-20.3,4.0,3.0,16.0
2026-08-09 21:22:54,-17.1,-20.2,4.0,3.0,16.0
2026-08-09 21:21:54,-17.0,-20.1,4.0,3.0,16.0
2026-08-09 21:20:54,-16.9,-20.1,4.0,3.0,16.0
2026-08-09 21:19:54,-16.9,-20.0,4.0,3.0,16.0
2026-08-09 21:18:54,-16.9,-20.0,3.0,3.0,16.0
2026-08-09 21:17:54,-16.8,-19.9,3.0,3.0,16.0
2026-08-09 21:16:54,-16.8,-19.9,3.0,3.0,16.0
2026-08-09 21:15:54,-16.7,-19.8,3.0,3.0,16.0
2026-08-09 21:14:54,-16.7,-19.7,3.0,3.0,16.0
2026-08-09 21:13:54,-16.6,-19.7,3.0,3.0,16.0
2026-08-09 21:12:54,-16.5,-19.6,3.0,3.0,16.0
2026-08-09 21:11:54,-16.4,-19.5,2.0,3.0,16.0
2026-08-09 21:10:54,-16.3,-19.5,2.0,3.0,17.0
2026-08-09 21:09:54,-16.3,-19.4,2.0,3.0,17.0
2026-08-09 21:08:54,-16.3,-19.3,2.0,3.0,17.0
2026-08-09 21:07:54,-16.2,-19.2,2.0,3.0,17.0
2026-08-09 21:06:54,-16.1,-19.2,2.0,3.0,17.0
2026-08-09 21:05:54,-16.0,-19.1,1.0,3.0,17.0
2026-08-09 21:04:54,-16.0,-19.0,1.0,3.0,17.0
2026-08-09 21:03:54,-15.9,-18.9,1.0,3.0,17.0
2026-08-09 21:02:54,-15.8,-18.8,1.0,3.0,18.0
2026-08-09 21:01:54,-15.7,-18.7,1.0,3.0,18.0
2026-08-09 21:00:54,-15.6,-18.6,1.0,3.0,18.0
2026-08-09 20:59:54,-15.5,-18.5,0.0,3.0,18.0
2026-08-09 20:58:54,-15.5,-18.4,0.0,3.0,19.0
2026-08-09 20:57:54,-15.5,-18.3,0.0,3.0,19.0
2026-08-09 20:56:54,-15.4,-18.1,0.0,3.0,19.0
2026-08-09 20:55:54,-15.2,-18.0,0.0,3.0,19.0
2026-08-09 20:54:54,-15.1,-17.9,0.0,3.0,20.0
2026-08-09 20:53:54,-15.0,-17.7,0.0,3.0,20.0
2026-08-09 20:52:54,-14.9,-17.5,0.0,3.0,21.0
2026-08-09 20:51:54,-14.8,-17.4,0.0,3.0,21.0
2026-08-09 20:50:54,-14.7,-17.2,0.0,2.0,22.0
2026-08-09 20:49:54,-14.6,-17.0,0.0,2.0,24.0
2026-08-09 20:48:54,-14.4,-16.9,0.0,2.0,27.0
2026-08-09 20:47:54,-14.4,-16.8,0.0,1.0,31.0
2026-08-09 20:46:54,-14.5,-16.9,0.0,1.0,31.0
2026-08-09 20:45:54,-14.6,-16.9,0.0,2.0,31.0
2026-08-09 20:44:54,-14.7,-17.0,0.0,2.0,31.0
2026-08-09 20:43:54,-14.7,-17.1,0.0,2.0,31.0
2026-08-09 20:42:54,-14.8,-17.1,0.0,2.0,31.0
2026-08-09 20:41:54,-14.9,-17.2,0.0,2.0,31.0
2026-08-09 20:40:54,-15.0,-17.3,0.0,2.0,31.0
2026-08-09 20:39:54,-15.1,-17.4,0.0,3.0,30.0
2026-08-09 20:38:54,-15.2,-17.6,0.0,3.0,29.0
2026-08-09 20:37:54,-15.4,-17.7,0.0,3.0,28.0
2026-08-09 20:36:54,-15.6,-17.8,0.0,3.0,30.0
2026-08-09 20:35:54,-15.7,-18.0,0.0,3.0,29.0
2026-08-09 20:34:54,-15.9,-18.1,0.0,3.0,29.0
2026-08-09 20:33:54,-16.0,-18.3,0.0,3.0,28.0
2026-08-09 20:32:54,-16.2,-18.5,0.0,3.0,27.0
2026-08-09 20:31:54,-16.3,-18.7,0.0,3.0,28.0
2026-08-09 20:30:54,-16.4,-18.8,0.0,3.0,27.0
2026-08-09 20:29:54,-16.6,-19.0,0.0,3.0,27.0
2026-08-09 20:28:54,-16.8,-19.2,0.0,3.0,27.0
2026-08-09 20:27:54,-16.9,-19.4,0.0,4.0,26.0
2026-08-09 20:26:54,-17.1,-19.6,1.0,4.0,25.0
2026-08-09 20:25:54,-17.3,-19.8,1.0,3.0,24.0
2026-08-09 20:24:54,-17.5,-20.1,2.0,3.0,23.0
2026-08-09 20:23:54,-17.7,-20.4,3.0,3.0,22.0
2026-08-09 20:22:54,-17.9,-20.7,3.0,3.0,21.0
2026-08-09 20:21:54,-18.0,-21.0,4.0,3.0,19.0
2026-08-09 20:20:54,-18.1,-21.2,6.0,3.0,16.0
2026-08-09 20:19:54,-18.0,-21.2,6.0,3.0,15.0
2026-08-09 20:18:54,-18.0,-21.2,6.0,3.0,15.0
2026-08-09 20:17:54,-18.0,-21.2,6.0,3.0,15.0
2026-08-09 20:16:54,-18.0,-21.1,6.0,3.0,15.0
2026-08-09 20:15:54,-18.0,-21.1,6.0,3.0,15.0
2026-08-09 20:14:54,-17.9,-21.1,6.0,3.0,15.0
2026-08-09 20:13:54,-17.9,-21.0,5.0,3.0,15.0
2026-08-09 20:12:54,-17.8,-21.0,5.0,3.0,15.0
2026-08-09 20:11:54,-17.8,-21.0,5.0,3.0,15.0
2026-08-09 20:10:54,-17.7,-20.9,5.0,3.0,15.0
2026-08-09 20:09:54,-17.7,-20.9,5.0,3.0,15.0
2026-08-09 20:08:54,-17.7,-20.8,5.0,3.0,15.0
2026-08-09 20:07:54,-17.6,-20.8,5.0,3.0,15.0
2026-08-09 20:06:54,-17.6,-20.8,5.0,3.0,15.0
2026-08-09 20:05:54,-17.6,-20.7,5.0,3.0,15.0
2026-08-09 20:04:54,-17.5,-20.7,5.0,3.0,15.0
2026-08-09 20:03:54,-17.5,-20.7,4.0,3.0,15.0
2026-08-09 20:02:54,-17.4,-20.6,4.0,3.0,15.0
2026-08-09 20:01:54,-17.4,-20.6,4.0,3.0,15.0
2026-08-09 20:00:54,-17.3,-20.5,4.0,3.0,15.0
2026-08-09 19:59:54,-17.3,-20.5,4.0,3.0,15.0
2026-08-09 19:58:54,-17.2,-20.5,4.0,3.0,16.0
2026-08-09 19:57:54,-17.2,-20.4,4.0,3.0,16.0
2026-08-09 19:56:54,-17.2,-20.4,4.0,3.0,16.0
2026-08-09 19:55:54,-17.1,-20.3,4.0,3.0,16.0
2026-08-09 19:54:54,-17.1,-20.3,4.0,3.0,16.0
2026-08-09 19:53:54,-17.0,-20.2,3.0,3.0,16.0
2026-08-09 19:52:54,-17.0,-20.2,3.0,3.0,16.0
2026-08-09 19:51:54,-16.9,-20.1,3.0,3.0,16.0
2026-08-09 19:50:54,-16.8,-20.0,3.0,3.0,16.0
2026-08-09 19:49:54,-16.8,-20.0,3.0,3.0,16.0
2026-08-09 19:48:54,-16.7,-19.9,3.0,3.0,16.0
2026-08-09 19:47:54,-16.7,-19.9,3.0,3.0,16.0
2026-08-09 19:46:54,-16.7,-19.8,3.0,3.0,16.0
2026-08-09 19:45:54,-16.6,-19.8,2.0,3.0,16.0
2026-08-09 19:44:54,-16.6,-19.7,2.0,3.0,16.0
2026-08-09 19:43:54,-16.5,-19.6,2.0,3.0,16.0
2026-08-09 19:42:54,-16.4,-19.5,2.0,3.0,17.0
2026-08-09 19:41:54,-16.3,-19.5,2.0,3.0,17.0
2026-08-09 19:40:54,-16.2,-19.4,2.0,3.0,17.0
2026-08-09 19:39:54,-16.2,-19.3,1.0,3.0,17.0
2026-08-09 19:38:54,-16.1,-19.2,1.0,3.0,17.0
2026-08-09 19:37:54,-16.0,-19.1,1.0,3.0,17.0
2026-08-09 19:36:54,-16.0,-19.0,1.0,3.0,17.0
2026-08-09 19:35:54,-15.9,-18.9,1.0,3.0,18.0
2026-08-09 19:34:54,-15.9,-18.8,0.0,3.0,18.0
2026-08-09 19:33:54,-15.8,-18.7,0.0,3.0,18.0
2026-08-09 19:32:54,-15.7,-18.6,0.0,3.0,18.0
2026-08-09 19:31:54,-15.7,-18.5,0.0,3.0,18.0
2026-08-09 19:30:54,-15.6,-18.4,0.0,3.0,19.0
2026-08-09 19:29:54,-15.5,-18.2,0.0,3.0,19.0
2026-08-09 19:28:54,-15.4,-18.1,0.0,3.0,19.0
2026-08-09 19:27:54,-15.4,-18.0,0.0,3.0,20.0
2026-08-09 19:26:54,-15.3,-17.8,0.0,2.0,20.0
2026-08-09 19:25:54,-15.2,-17.6,0.0,2.0,21.0
2026-08-09 19:24:54,-15.1,-17.4,0.0,2.0,22.0
2026-08-09 19:23:54,-14.9,-17.3,0.0,2.0,24.0
2026-08-09 19:22:54,-14.8,-17.2,0.0,1.0,30.0
2026-08-09 19:21:54,-14.9,-17.3,0.0,1.0,30.0
2026-08-09 19:20:54,-15.0,-17.4,0.0,2.0,30.0
2026-08-09 19:19:54,-15.1,-17.4,0.0,2.0,30.0
2026-08-09 19:18:54,-15.2,-17.5,0.0,2.0,30.0
2026-08-09 19:17:54,-15.2,-17.6,0.0,2.0,30.0
2026-08-09 19:16:54,-15.3,-17.7,0.0,2.0,29.0
2026-08-09 19:15:54,-15.4,-17.8,0.0,2.0,29.0
2026-08-09 19:14:54,-15.6,-17.9,0.0,2.0,29.0
2026-08-09 19:13:54,-15.7,-18.0,0.0,3.0,29.0
2026-08-09 19:12:54,-15.7,-18.1,0.0,3.0,28.0
2026-08-09 19:11:54,-15.9,-18.3,0.0,3.0,28.0
2026-08-09 19:10:54,-16.0,-18.4,0.0,3.0,28.0
2026-08-09 19:09:54,-16.1,-18.5,0.0,3.0,27.0
2026-08-09 19:08:54,-16.3,-18.7,0.0,3.0,27.0
2026-08-09 19:07:54,-16.5,-18.8,0.0,3.0,27.0
2026-08-09 19:06:54,-16.6,-19.0,0.0,3.0,26.0
2026-08-09 19:05:54,-16.8,-19.2,0.0,4.0,26.0
2026-08-09 19:04:54,-17.0,-19.4,1.0,4.0,25.0
2026-08-09 19:03:54,-17.1,-19.7,1.0,4.0,24.0
2026-08-09 19:02:54,-17.3,-20.0,2.0,3.0,23.0
2026-08-09 19:01:54,-17.5,-20.3,3.0,3.0,22.0
2026-08-09 19:00:54,-17.7,-20.6,3.0,3.0,20.0
2026-08-09 18:59:54,-17.8,-20.9,5.0,3.0,18.0
2026-08-09 18:58:54,-17.8,-21.0,6.0,3.0,15.0
2026-08-09 18:57:54,-17.8,-21.0,6.0,3.0,15.0
2026-08-09 18:56:54,-17.8,-20.9,6.0,3.0,15.0
2026-08-09 18:55:54,-17.7,-20.9,6.0,3.0,15.0
2026-08-09 18:54:54,-17.7,-20.9,6.0,3.0,15.0
2026-08-09 18:53:54,-17.6,-20.8,6.0,3.0,15.0
2026-08-09 18:52:54,-17.6,-20.8,5.0,3.0,15.0
2026-08-09 18:51:54,-17.5,-20.8,5.0,3.0,15.0
2026-08-09 18:50:54,-17.5,-20.7,5.0,3.0,15.0
2026-08-09 18:49:54,-17.5,-20.7,5.0,3.0,15.0
2026-08-09 18:48:54,-17.4,-20.6,5.0,3.0,15.0
2026-08-09 18:47:54,-17.4,-20.6,5.0,3.0,15.0
2026-08-09 18:46:54,-17.4,-20.6,5.0,3.0,15.0
2026-08-09 18:45:54,-17.3,-20.5,5.0,3.0,15.0
2026-08-09 18:44:54,-17.3,-20.5,5.0,3.0,15.0
2026-08-09 18:43:54,-17.3,-20.4,5.0,3.0,15.0
2026-08-09 18:42:54,-17.2,-20.4,4.0,3.0,16.0
2026-08-09 18:41:54,-17.1,-20.3,4.0,3.0,16.0
2026-08-09 18:40:54,-17.1,-20.3,4.0,3.0,16.0
2026-08-09 18:39:54,-17.0,-20.3,4.0,3.0,16.0
2026-08-09 18:38:54,-16.9,-20.2,4.0,3.0,16.0
2026-08-09 18:37:54,-16.9,-20.1,4.0,3.0,16.0
2026-08-09 18:36:54,-16.8,-20.1,4.0,3.0,16.0
2026-08-09 18:35:54,-16.8,-20.0,4.0,3.0,16.0
2026-08-09 18:34:54,-16.7,-20.0,4.0,3.0,16.0
2026-08-09 18:33:54,-16.7,-19.9,3.0,3.0,16.0
2026-08-09 18:32:54,-16.6,-19.8,3.0,3.0,16.0
2026-08-09 18:31:54,-16.6,-19.8,3.0,3.0,16.0
2026-08-09 18:30:54,-16.5,-19.7,3.0,3.0,16.0
2026-08-09 18:29:54,-16.4,-19.6,3.0,3.0,16.0
2026-08-09 18:28:54,-16.4,-19.6,3.0,3.0,16.0
2026-08-09 18:27:54,-16.3,-19.5,3.0,3.0,16.0
2026-08-09 18:26:54,-16.2,-19.5,3.0,3.0,17.0
2026-08-09 18:25:54,-16.2,-19.4,2.0,3.0,17.0
2026-08-09 18:24:54,-16.1,-19.3,2.0,3.0,17.0
2026-08-09 18:23:54,-16.1,-19.2,2.0,3.0,17.0
2026-08-09 18:22:54,-16.0,-19.1,2.0,3.0,17.0
2026-08-09 18:21:54,-15.9,-19.0,2.0,3.0,17.0
2026-08-09 18:20:54,-15.8,-19.0,1.0,3.0,17.0
2026-08-09 18:19:54,-15.7,-18.8,1.0,3.0,18.0
2026-08-09 18:18:54,-15.7,-18.7,1.0,3.0,18.0
2026-08-09 18:17:54,-15.6,-18.6,1.0,3.0,18.0
2026-08-09 18:16:54,-15.5,-18.5,1.0,3.0,18.0
2026-08-09 18:15:54,-15.5,-18.4,0.0,3.0,18.0
2026-08-09 18:14:54,-15.4,-18.2,0.0,3.0,19.0
2026-08-09 18:13:54,-15.3,-18.1,0.0,3.0,19.0
2026-08-09 18:12:54,-15.2,-17.9,0.0,3.0,20.0
2026-08-09 18:11:54,-15.1,-17.8,0.0,3.0,20.0
2026-08-09 18:10:54,-15.0,-17.6,0.0,3.0,20.0
2026-08-09 18:09:54,-15.0,-17.4,0.0,3.0,21.0
2026-08-09 18:08:54,-14.9,-17.3,0.0,2.0,22.0
2026-08-09 18:07:54,-14.7,-17.1,0.0,2.0,24.0
2026-08-09 18:06:54,-14.6,-17.0,0.0,2.0,27.0
2026-08-09 18:05:54,-14.6,-17.0,0.0,2.0,31.0
2026-08-09 18:04:54,-14.7,-17.0,0.0,2.0,31.0
2026-08-09 18:03:54,-14.7,-17.1,0.0,2.0,31.0
2026-08-09 18:02:54,-14.8,-17.2,0.0,2.0,30.0
2026-08-09 18:01:54,-14.9,-17.3,0.0,2.0,30.0
2026-08-09 18:00:54,-15.0,-17.3,0.0,2.0,30.0
2026-08-09 17:59:54,-15.1,-17.4,0.0,2.0,30.0
2026-08-09 17:58:54,-15.1,-17.5,0.0,3.0,30.0
2026-08-09 17:57:54,-15.2,-17.6,0.0,3.0,30.0
2026-08-09 17:56:54,-15.3,-17.7,0.0,3.0,30.0
2026-08-09 17:55:54,-15.4,-17.8,0.0,3.0,29.0
2026-08-09 17:54:54,-15.5,-17.9,0.0,3.0,29.0
2026-08-09 17:53:54,-15.6,-18.0,0.0,3.0,29.0
2026-08-09 17:52:54,-15.7,-18.1,0.0,3.0,29.0
2026-08-09 17:51:54,-15.9,-18.3,0.0,3.0,28.0
2026-08-09 17:50:54,-15.9,-18.4,0.0,3.0,28.0
2026-08-09 17:49:54,-16.2,-18.6,0.0,3.0,27.0
2026-08-09 17:48:54,-16.3,-18.8,0.0,3.0,27.0
2026-08-09 17:47:54,-16.5,-19.0,0.0,3.0,26.0
2026-08-09 17:46:54,-16.8,-19.2,1.0,3.0,25.0
2026-08-09 17:45:54,-17.1,-19.5,1.0,3.0,24.0
2026-08-09 17:44:54,-17.3,-19.9,1.0,3.0,23.0
2026-08-09 17:43:54,-17.6,-20.3,2.0,3.0,22.0
2026-08-09 17:42:54,-17.8,-20.6,3.0,3.0,20.0
2026-08-09 17:41:54,-17.8,-20.9,5.0,4.0,17.0
2026-08-09 17:40:54,-17.7,-21.0,5.0,4.0,16.0
2026-08-09 17:39:54,-17.7,-20.9,5.0,4.0,16.0
2026-08-09 17:38:54,-17.8,-20.9,6.0,4.0,16.0
2026-08-09 17:37:54,-17.7,-20.8,6.0,4.0,15.0
2026-08-09 17:36:54,-17.6,-20.8,5.0,4.0,16.0
2026-08-09 17:35:54,-17.6,-20.8,5.0,4.0,16.0
2026-08-09 17:34:54,-17.6,-20.7,5.0,4.0,15.0
2026-08-09 17:33:54,-17.5,-20.7,4.0,4.0,16.0
2026-08-09 17:32:54,-17.4,-20.7,4.0,4.0,16.0
2026-08-09 17:31:54,-17.4,-20.6,4.0,4.0,15.0
2026-08-09 17:30:54,-17.3,-20.6,3.0,3.0,15.0
2026-08-09 17:29:54,-17.3,-20.5,3.0,3.0,15.0
2026-08-09 17:28:54,-17.2,-20.5,3.0,3.0,15.0
2026-08-09 17:27:54,-17.1,-20.4,3.0,4.0,15.0
2026-08-09 17:26:54,-17.1,-20.3,3.0,3.0,15.0
2026-08-09 17:25:54,-17.0,-20.3,2.0,4.0,15.0
2026-08-09 17:24:54,-16.9,-20.2,2.0,4.0,15.0
2026-08-09 17:23:54,-16.9,-20.2,2.0,4.0,16.0
2026-08-09 17:22:54,-16.9,-20.1,2.0,4.0,16.0
2026-08-09 17:21:54,-16.8,-20.0,2.0,4.0,16.0
2026-08-09 17:20:54,-16.8,-19.9,2.0,4.0,16.0
2026-08-09 17:19:54,-16.7,-19.9,1.0,4.0,16.0
2026-08-09 17:18:54,-16.6,-19.8,1.0,4.0,16.0
2026-08-09 17:17:54,-16.6,-19.7,1.0,4.0,16.0
2026-08-09 17:16:54,-16.5,-19.6,1.0,4.0,16.0
2026-08-09 17:15:54,-16.5,-19.5,1.0,4.0,17.0
2026-08-09 17:14:54,-16.4,-19.4,1.0,4.0,17.0
2026-08-09 17:13:54,-16.4,-19.2,1.0,4.0,17.0
2026-08-09 17:12:54,-16.3,-19.1,0.0,4.0,17.0
2026-08-09 17:11:54,-16.2,-19.0,0.0,4.0,18.0
2026-08-09 17:10:54,-16.1,-18.9,0.0,3.0,18.0
2026-08-09 17:09:54,-16.1,-18.7,0.0,3.0,19.0
2026-08-09 17:08:54,-16.1,-18.6,0.0,3.0,19.0
2026-08-09 17:07:54,-16.0,-18.4,0.0,3.0,20.0
2026-08-09 17:06:54,-15.9,-18.2,0.0,3.0,20.0
2026-08-09 17:05:54,-15.8,-18.1,0.0,3.0,22.0
2026-08-09 17:04:54,-15.7,-18.0,0.0,2.0,26.0
2026-08-09 17:03:54,-15.8,-18.1,0.0,2.0,28.0
2026-08-09 17:02:54,-16.0,-18.2,0.0,3.0,28.0
2026-08-09 17:01:54,-16.1,-18.3,0.0,3.0,28.0
2026-08-09 17:00:54,-16.1,-18.4,0.0,3.0,27.0
2026-08-09 16:59:54,-16.3,-18.5,0.0,3.0,27.0
2026-08-09 16:58:54,-16.4,-18.7,0.0,3.0,27.0
2026-08-09 16:57:54,-16.5,-18.8,0.0,3.0,27.0
2026-08-09 16:56:54,-16.6,-19.0,0.0,3.0,26.0
2026-08-09 16:55:54,-16.8,-19.1,0.0,4.0,26.0
2026-08-09 16:54:54,-17.0,-19.3,0.0,4.0,26.0
2026-08-09 16:53:54,-17.2,-19.5,0.0,3.0,25.0
2026-08-09 16:52:54,-17.3,-19.8,0.0,3.0,24.0
2026-08-09 16:51:54,-17.6,-20.0,1.0,3.0,23.0
2026-08-09 16:50:54,-17.8,-20.3,1.0,3.0,22.0
2026-08-09 16:49:54,-18.0,-20.7,2.0,3.0,21.0
2026-08-09 16:48:54,-18.2,-21.0,3.0,3.0,19.0
2026-08-09 16:47:54,-18.4,-21.4,4.0,3.0,17.0
2026-08-09 16:46:54,-18.4,-21.5,5.0,3.0,14.0
2026-08-09 16:45:54,-18.4,-21.5,5.0,3.0,14.0
2026-08-09 16:44:54,-18.2,-21.4,5.0,3.0,14.0
2026-08-09 16:43:54,-18.2,-21.4,5.0,3.0,14.0
2026-08-09 16:42:54,-18.2,-21.4,5.0,3.0,14.0
2026-08-09 16:41:54,-18.2,-21.4,5.0,3.0,14.0
2026-08-09 16:40:54,-18.2,-21.3,5.0,3.0,14.0
2026-08-09 16:39:54,-18.2,-21.3,5.0,3.0,14.0
2026-08-09 16:38:54,-18.2,-21.2,4.0,3.0,14.0
2026-08-09 16:37:54,-18.1,-21.2,4.0,3.0,14.0
2026-08-09 16:36:54,-18.1,-21.2,4.0,3.0,14.0
2026-08-09 16:35:54,-18.0,-21.2,4.0,3.0,14.0
2026-08-09 16:34:54,-18.0,-21.1,4.0,3.0,14.0
2026-08-09 16:33:54,-17.9,-21.1,4.0,3.0,14.0
2026-08-09 16:32:54,-17.9,-21.1,4.0,3.0,14.0
2026-08-09 16:31:54,-17.9,-21.0,4.0,3.0,14.0
2026-08-09 16:30:54,-17.9,-21.0,4.0,3.0,14.0
2026-08-09 16:29:54,-17.9,-21.0,4.0,3.0,15.0
2026-08-09 16:28:54,-17.8,-20.9,4.0,3.0,15.0
2026-08-09 16:27:54,-17.8,-20.9,4.0,3.0,15.0
2026-08-09 16:26:54,-17.8,-20.8,4.0,4.0,16.0
2026-08-09 16:25:54,-17.7,-20.8,5.0,4.0,16.0
2026-08-09 16:24:54,-17.6,-20.8,4.0,3.0,15.0
2026-08-09 16:23:54,-17.6,-20.7,4.0,4.0,15.0
2026-08-09 16:22:54,-17.5,-20.7,4.0,4.0,15.0
2026-08-09 16:21:54,-17.5,-20.6,3.0,3.0,14.0
2026-08-09 16:20:54,-17.4,-20.6,3.0,3.0,15.0
2026-08-09 16:19:54,-17.4,-20.5,3.0,3.0,15.0
2026-08-09 16:18:54,-17.3,-20.5,3.0,4.0,15.0
2026-08-09 16:17:54,-17.3,-20.4,3.0,3.0,15.0
2026-08-09 16:16:54,-17.2,-20.4,3.0,3.0,15.0
2026-08-09 16:15:54,-17.2,-20.3,2.0,4.0,15.0
2026-08-09 16:14:54,-17.1,-20.2,2.0,4.0,15.0
2026-08-09 16:13:54,-17.0,-20.2,2.0,4.0,15.0
2026-08-09 16:12:54,-17.0,-20.1,2.0,4.0,15.0
2026-08-09 16:11:54,-16.9,-20.0,2.0,4.0,15.0
2026-08-09 16:10:54,-16.9,-20.0,2.0,4.0,16.0
2026-08-09 16:09:54,-16.7,-19.9,1.0,4.0,16.0
2026-08-09 16:08:54,-16.7,-19.8,1.0,4.0,16.0
2026-08-09 16:07:54,-16.6,-19.7,1.0,4.0,16.0
2026-08-09 16:06:54,-16.6,-19.6,1.0,4.0,16.0
2026-08-09 16:05:54,-16.5,-19.5,1.0,4.0,16.0
2026-08-09 16:04:54,-16.5,-19.4,1.0,4.0,17.0
2026-08-09 16:03:54,-16.4,-19.3,1.0,4.0,17.0
2026-08-09 16:02:54,-16.4,-19.2,0.0,4.0,17.0
2026-08-09 16:01:54,-16.3,-19.0,0.0,4.0,17.0
2026-08-09 16:00:54,-16.2,-18.9,0.0,4.0,18.0
2026-08-09 15:59:54,-16.1,-18.8,0.0,4.0,18.0
2026-08-09 15:58:54,-16.1,-18.6,0.0,4.0,18.0
2026-08-09 15:57:54,-16.0,-18.4,0.0,3.0,19.0
2026-08-09 15:56:54,-15.9,-18.2,0.0,3.0,20.0
2026-08-09 15:55:54,-15.9,-18.1,0.0,3.0,21.0
2026-08-09 15:54:54,-15.7,-18.0,0.0,3.0,23.0
2026-08-09 15:53:54,-15.7,-18.0,0.0,3.0,28.0
2026-08-09 15:52:54,-15.9,-18.1,0.0,3.0,28.0
2026-08-09 15:51:54,-16.0,-18.2,0.0,3.0,28.0
2026-08-09 15:50:54,-16.1,-18.3,0.0,3.0,28.0
2026-08-09 15:49:54,-16.2,-18.4,0.0,3.0,28.0
2026-08-09 15:48:54,-16.4,-18.5,0.0,4.0,28.0
2026-08-09 15:47:54,-16.5,-18.7,0.0,3.0,27.0
2026-08-09 15:46:54,-16.7,-18.8,0.0,3.0,27.0
2026-08-09 15:45:54,-16.8,-19.0,0.0,3.0,27.0
2026-08-09 15:44:54,-17.0,-19.1,0.0,3.0,27.0
2026-08-09 15:43:54,-17.2,-19.4,0.0,3.0,26.0
2026-08-09 15:42:54,-17.4,-19.6,1.0,3.0,25.0
2026-08-09 15:41:54,-17.6,-19.9,1.0,3.0,24.0
2026-08-09 15:40:54,-17.9,-20.2,1.0,3.0,23.0
2026-08-09 15:39:54,-18.1,-20.6,1.0,3.0,22.0
2026-08-09 15:38:54,-18.3,-21.0,2.0,3.0,21.0
2026-08-09 15:37:54,-18.5,-21.4,4.0,3.0,19.0
2026-08-09 15:36:54,-18.7,-21.6,6.0,3.0,16.0
2026-08-09 15:35:54,-18.7,-21.6,6.0,3.0,16.0
2026-08-09 15:34:54,-18.6,-21.6,6.0,3.0,16.0
2026-08-09 15:33:54,-18.6,-21.5,6.0,3.0,15.0
2026-08-09 15:32:54,-18.5,-21.5,5.0,3.0,15.0
2026-08-09 15:31:54,-18.5,-21.5,5.0,3.0,14.0
2026-08-09 15:30:54,-18.5,-21.4,4.0,3.0,14.0
2026-08-09 15:29:54,-18.4,-21.4,3.0,3.0,14.0
2026-08-09 15:28:54,-18.3,-21.4,3.0,3.0,14.0
2026-08-09 15:27:54,-18.3,-21.3,3.0,3.0,14.0
2026-08-09 15:26:54,-18.3,-21.3,3.0,3.0,14.0
2026-08-09 15:25:54,-18.2,-21.3,4.0,3.0,14.0
2026-08-09 15:24:54,-18.2,-21.2,4.0,3.0,14.0
2026-08-09 15:23:54,-18.2,-21.2,4.0,3.0,15.0
2026-08-09 15:22:54,-18.1,-21.2,5.0,3.0,15.0
2026-08-09 15:21:54,-18.0,-21.1,3.0,3.0,14.0
2026-08-09 15:20:54,-18.1,-21.1,3.0,3.0,14.0
2026-08-09 15:19:54,-18.0,-21.0,3.0,3.0,14.0
2026-08-09 15:18:54,-18.0,-21.0,3.0,3.0,14.0
2026-08-09 15:17:54,-17.9,-20.9,3.0,3.0,14.0
2026-08-09 15:16:54,-17.8,-20.9,3.0,3.0,14.0
2026-08-09 15:15:54,-17.8,-20.8,2.0,3.0,14.0
2026-08-09 15:14:54,-17.7,-20.8,2.0,3.0,14.0
2026-08-09 15:13:54,-17.7,-20.7,2.0,3.0,14.0
2026-08-09 15:12:54,-17.6,-20.6,2.0,3.0,14.0
2026-08-09 15:11:54,-17.5,-20.6,2.0,3.0,14.0
2026-08-09 15:10:54,-17.4,-20.5,2.0,3.0,15.0
2026-08-09 15:09:54,-17.4,-20.4,1.0,3.0,15.0
2026-08-09 15:08:54,-17.4,-20.4,1.0,3.0,15.0
2026-08-09 15:07:54,-17.3,-20.3,1.0,3.0,15.0
2026-08-09 15:06:54,-17.2,-20.2,1.0,3.0,15.0
2026-08-09 15:05:54,-17.2,-20.1,1.0,3.0,15.0
2026-08-09 15:04:54,-17.2,-20.0,1.0,3.0,15.0
2026-08-09 15:03:54,-17.1,-19.9,0.0,3.0,16.0
2026-08-09 15:02:54,-17.0,-19.9,0.0,3.0,16.0
2026-08-09 15:01:54,-17.0,-19.8,0.0,3.0,16.0
2026-08-09 15:00:54,-16.9,-19.7,0.0,3.0,16.0
2026-08-09 14:59:54,-16.9,-19.6,0.0,3.0,16.0
2026-08-09 14:58:54,-16.8,-19.5,0.0,3.0,17.0
2026-08-09 14:57:54,-16.7,-19.3,0.0,3.0,17.0
2026-08-09 14:56:54,-16.7,-19.2,0.0,3.0,17.0
2026-08-09 14:55:54,-16.6,-19.0,0.0,3.0,18.0
2026-08-09 14:54:54,-16.5,-18.8,0.0,3.0,19.0
2026-08-09 14:53:54,-16.5,-18.7,0.0,3.0,20.0
2026-08-09 14:52:54,-16.4,-18.6,0.0,3.0,22.0
2026-08-09 14:51:54,-16.5,-18.6,0.0,2.0,27.0
2026-08-09 14:50:54,-16.6,-18.7,0.0,3.0,27.0
2026-08-09 14:49:54,-16.7,-18.8,0.0,3.0,26.0
2026-08-09 14:48:54,-16.8,-19.0,0.0,3.0,26.0
2026-08-09 14:47:54,-16.9,-19.1,0.0,3.0,26.0
2026-08-09 14:46:54,-17.1,-19.3,0.0,3.0,25.0
2026-08-09 14:45:54,-17.2,-19.5,0.0,3.0,24.0
2026-08-09 14:44:54,-17.4,-19.6,0.0,4.0,24.0
2026-08-09 14:43:54,-17.6,-19.8,0.0,4.0,23.0
2026-08-09 14:42:54,-17.8,-20.1,0.0,4.0,23.0
2026-08-09 14:41:54,-18.0,-20.3,0.0,3.0,22.0
2026-08-09 14:40:54,-18.2,-20.6,1.0,3.0,21.0
2026-08-09 14:39:54,-18.3,-20.9,2.0,3.0,20.0
2026-08-09 14:38:54,-18.5,-21.2,2.0,3.0,18.0
2026-08-09 14:37:54,-18.6,-21.6,4.0,3.0,16.0
2026-08-09 14:36:54,-18.7,-21.6,5.0,3.0,13.0
2026-08-09 14:35:54,-18.7,-21.6,5.0,3.0,13.0
2026-08-09 14:34:54,-18.6,-21.6,5.0,3.0,13.0
2026-08-09 14:33:54,-18.6,-21.5,5.0,3.0,13.0
2026-08-09 14:32:54,-18.6,-21.5,4.0,3.0,13.0
2026-08-09 14:31:54,-18.5,-21.5,4.0,3.0,13.0
2026-08-09 14:30:54,-18.5,-21.4,4.0,3.0,13.0
2026-08-09 14:29:54,-18.4,-21.4,4.0,3.0,13.0
2026-08-09 14:28:54,-18.4,-21.4,4.0,3.0,13.0
2026-08-09 14:27:54,-18.4,-21.3,4.0,3.0,13.0
2026-08-09 14:26:54,-18.4,-21.3,4.0,3.0,13.0
2026-08-09 14:25:54,-18.3,-21.3,4.0,3.0,13.0
2026-08-09 14:24:54,-18.3,-21.2,4.0,3.0,13.0
2026-08-09 14:23:54,-18.3,-21.2,4.0,3.0,13.0
2026-08-09 14:22:54,-18.2,-21.1,4.0,3.0,13.0
2026-08-09 14:21:54,-18.1,-21.1,3.0,3.0,13.0
2026-08-09 14:20:54,-18.1,-21.1,3.0,3.0,13.0
2026-08-09 14:19:54,-18.1,-21.0,3.0,3.0,13.0
2026-08-09 14:18:54,-18.0,-21.0,3.0,3.0,13.0
2026-08-09 14:17:54,-18.0,-20.9,3.0,3.0,13.0
2026-08-09 14:16:54,-17.9,-20.9,3.0,3.0,13.0
2026-08-09 14:15:54,-17.9,-20.8,3.0,3.0,13.0
2026-08-09 14:14:54,-17.8,-20.8,3.0,3.0,14.0
2026-08-09 14:13:54,-17.7,-20.7,3.0,3.0,14.0
2026-08-09 14:12:54,-17.7,-20.7,2.0,3.0,14.0
2026-08-09 14:11:54,-17.7,-20.6,2.0,3.0,14.0
2026-08-09 14:10:54,-17.6,-20.5,2.0,3.0,14.0
2026-08-09 14:09:54,-17.6,-20.5,2.0,3.0,14.0
2026-08-09 14:08:54,-17.5,-20.4,2.0,3.0,14.0
2026-08-09 14:07:54,-17.4,-20.4,2.0,3.0,14.0
2026-08-09 14:06:54,-17.4,-20.3,2.0,3.0,14.0
2026-08-09 14:05:54,-17.3,-20.2,1.0,3.0,14.0
2026-08-09 14:04:54,-17.2,-20.1,1.0,3.0,14.0
2026-08-09 14:03:54,-17.2,-20.0,1.0,3.0,14.0
2026-08-09 14:02:54,-17.1,-20.0,1.0,3.0,15.0
2026-08-09 14:01:54,-17.0,-19.9,1.0,3.0,15.0
2026-08-09 14:00:54,-16.9,-19.8,1.0,3.0,15.0
2026-08-09 13:59:54,-16.9,-19.7,1.0,3.0,15.0
2026-08-09 13:58:54,-16.8,-19.6,0.0,3.0,16.0
2026-08-09 13:57:54,-16.7,-19.5,0.0,3.0,16.0
2026-08-09 13:56:54,-16.6,-19.3,0.0,3.0,16.0
2026-08-09 13:55:54,-16.6,-19.2,0.0,3.0,16.0
2026-08-09 13:54:54,-16.5,-19.1,0.0,3.0,17.0
2026-08-09 13:53:54,-16.5,-18.9,0.0,3.0,17.0
2026-08-09 13:52:54,-16.4,-18.8,0.0,3.0,18.0
2026-08-09 13:51:54,-16.3,-18.6,0.0,3.0,18.0
2026-08-09 13:50:54,-16.2,-18.4,0.0,3.0,20.0
2026-08-09 13:49:54,-16.2,-18.3,0.0,2.0,22.0
2026-08-09 13:48:54,-16.2,-18.3,0.0,2.0,27.0
2026-08-09 13:47:54,-16.3,-18.4,0.0,2.0,27.0
2026-08-09 13:46:54,-16.4,-18.5,0.0,3.0,26.0
2026-08-09 13:45:54,-16.5,-18.6,0.0,3.0,26.0
2026-08-09 13:44:54,-16.7,-18.7,0.0,3.0,26.0
2026-08-09 13:43:54,-16.7,-18.9,0.0,3.0,26.0
2026-08-09 13:42:54,-16.8,-19.0,0.0,3.0,25.0
2026-08-09 13:41:54,-17.0,-19.2,0.0,3.0,24.0
2026-08-09 13:40:54,-17.2,-19.4,0.0,4.0,24.0
2026-08-09 13:39:54,-17.3,-19.5,0.0,4.0,24.0
2026-08-09 13:38:54,-17.5,-19.7,0.0,3.0,23.0
2026-08-09 13:37:54,-17.7,-20.0,0.0,3.0,23.0
2026-08-09 13:36:54,-18.0,-20.2,1.0,3.0,22.0
2026-08-09 13:35:54,-18.2,-20.5,2.0,3.0,20.0
2026-08-09 13:34:54,-18.4,-20.9,2.0,3.0,20.0
2026-08-09 13:33:54,-18.6,-21.3,3.0,3.0,18.0
2026-08-09 13:32:54,-18.8,-21.6,4.0,3.0,16.0
2026-08-09 13:31:54,-18.9,-21.7,5.0,3.0,13.0
2026-08-09 13:30:54,-18.8,-21.6,5.0,3.0,13.0
2026-08-09 13:29:54,-18.8,-21.6,5.0,3.0,13.0
2026-08-09 13:28:54,-18.7,-21.6,5.0,3.0,13.0
2026-08-09 13:27:54,-18.7,-21.6,5.0,3.0,13.0
2026-08-09 13:26:54,-18.6,-21.5,5.0,3.0,13.0
2026-08-09 13:25:54,-18.6,-21.5,5.0,3.0,13.0
2026-08-09 13:24:54,-18.6,-21.5,5.0,3.0,13.0
2026-08-09 13:23:54,-18.6,-21.4,5.0,3.0,13.0
2026-08-09 13:22:54,-18.6,-21.4,4.0,3.0,13.0
2026-08-09 13:21:54,-18.5,-21.4,4.0,3.0,13.0
2026-08-09 13:20:54,-18.5,-21.3,4.0,3.0,13.0
2026-08-09 13:19:54,-18.5,-21.3,4.0,3.0,13.0
2026-08-09 13:18:54,-18.4,-21.3,4.0,3.0,13.0
2026-08-09 13:17:54,-18.4,-21.2,4.0,3.0,13.0
2026-08-09 13:16:54,-18.3,-21.2,4.0,3.0,13.0
2026-08-09 13:15:54,-18.3,-21.2,4.0,3.0,13.0
2026-08-09 13:14:54,-18.3,-21.1,4.0,3.0,13.0
2026-08-09 13:13:54,-18.2,-21.1,4.0,3.0,13.0
2026-08-09 13:12:54,-18.3,-21.0,4.0,3.0,13.0
2026-08-09 13:11:54,-18.2,-21.0,4.0,3.0,13.0
2026-08-09 13:10:54,-18.2,-20.9,4.0,3.0,13.0
2026-08-09 13:09:54,-18.1,-20.9,4.0,3.0,14.0
2026-08-09 13:08:54,-18.0,-20.9,5.0,3.0,14.0
2026-08-09 13:07:54,-18.0,-20.8,4.0,3.0,13.0
2026-08-09 13:06:54,-17.9,-20.8,3.0,3.0,13.0
2026-08-09 13:05:54,-17.8,-20.8,3.0,3.0,13.0
2026-08-09 13:04:54,-17.8,-20.7,3.0,3.0,13.0
2026-08-09 13:03:54,-17.8,-20.7,3.0,3.0,13.0
2026-08-09 13:02:54,-17.8,-20.6,3.0,3.0,13.0
2026-08-09 13:01:54,-17.8,-20.6,3.0,3.0,13.0
2026-08-09 13:00:54,-17.7,-20.5,3.0,3.0,13.0
2026-08-09 12:59:54,-17.6,-20.4,2.0,3.0,13.0
2026-08-09 12:58:54,-17.6,-20.4,2.0,3.0,13.0
2026-08-09 12:57:54,-17.5,-20.3,2.0,3.0,13.0
2026-08-09 12:56:54,-17.5,-20.3,2.0,3.0,13.0
2026-08-09 12:55:54,-17.4,-20.2,2.0,3.0,14.0
2026-08-09 12:54:54,-17.3,-20.1,2.0,3.0,14.0
2026-08-09 12:53:54,-17.2,-20.0,2.0,3.0,14.0
2026-08-09 12:52:54,-17.2,-19.9,1.0,3.0,14.0
2026-08-09 12:51:54,-17.1,-19.9,1.0,3.0,14.0
2026-08-09 12:50:54,-17.0,-19.8,1.0,3.0,14.0
2026-08-09 12:49:54,-16.9,-19.7,1.0,3.0,14.0
2026-08-09 12:48:54,-16.9,-19.6,1.0,3.0,14.0
2026-08-09 12:47:54,-16.7,-19.5,1.0,3.0,15.0
2026-08-09 12:46:54,-16.7,-19.4,1.0,3.0,15.0
2026-08-09 12:45:54,-16.6,-19.3,0.0,3.0,15.0
2026-08-09 12:44:54,-16.5,-19.2,0.0,3.0,15.0
2026-08-09 12:43:54,-16.4,-19.1,0.0,3.0,16.0
2026-08-09 12:42:54,-16.3,-18.9,0.0,3.0,16.0
2026-08-09 12:41:54,-16.2,-18.7,0.0,3.0,16.0
2026-08-09 12:40:54,-16.2,-18.6,0.0,3.0,17.0
2026-08-09 12:39:54,-16.1,-18.4,0.0,3.0,17.0
2026-08-09 12:38:54,-16.0,-18.3,0.0,3.0,18.0
2026-08-09 12:37:54,-15.9,-18.0,0.0,3.0,19.0
2026-08-09 12:36:54,-15.9,-17.9,0.0,2.0,21.0
2026-08-09 12:35:54,-15.8,-17.8,0.0,2.0,25.0
2026-08-09 12:34:54,-15.8,-17.9,0.0,2.0,26.0
2026-08-09 12:33:54,-16.0,-18.0,0.0,2.0,26.0
2026-08-09 12:32:54,-16.1,-18.1,0.0,3.0,26.0
2026-08-09 12:31:54,-16.3,-18.2,0.0,3.0,26.0
2026-08-09 12:30:54,-16.4,-18.4,0.0,3.0,26.0
2026-08-09 12:29:54,-16.6,-18.6,0.0,4.0,24.0
2026-08-09 12:28:54,-16.9,-18.8,1.0,4.0,22.0
2026-08-09 12:27:54,-17.0,-19.1,0.0,3.0,24.0
2026-08-09 12:26:54,-17.2,-19.3,0.0,3.0,24.0
2026-08-09 12:25:54,-17.3,-19.4,0.0,3.0,23.0
2026-08-09 12:24:54,-17.5,-19.6,0.0,3.0,23.0
2026-08-09 12:23:54,-17.7,-19.8,0.0,3.0,22.0
2026-08-09 12:22:54,-17.9,-20.1,0.0,3.0,22.0
2026-08-09 12:21:54,-18.1,-20.3,1.0,3.0,21.0
2026-08-09 12:20:54,-18.3,-20.7,1.0,3.0,20.0
2026-08-09 12:19:54,-18.5,-21.0,2.0,3.0,19.0
2026-08-09 12:18:54,-18.7,-21.3,3.0,3.0,17.0
2026-08-09 12:17:54,-18.8,-21.6,5.0,3.0,14.0
2026-08-09 12:16:54,-18.9,-21.6,5.0,3.0,13.0
2026-08-09 12:15:54,-18.9,-21.5,5.0,3.0,13.0
2026-08-09 12:14:54,-18.8,-21.5,5.0,3.0,13.0
2026-08-09 12:13:54,-18.8,-21.5,5.0,3.0,13.0
2026-08-09 12:12:54,-18.8,-21.5,5.0,3.0,13.0
2026-08-09 12:11:54,-18.7,-21.4,5.0,3.0,13.0
2026-08-09 12:10:54,-18.7,-21.4,4.0,3.0,13.0
2026-08-09 12:09:54,-18.7,-21.4,4.0,3.0,13.0
2026-08-09 12:08:54,-18.6,-21.3,4.0,3.0,13.0
2026-08-09 12:07:54,-18.6,-21.3,4.0,3.0,13.0
2026-08-09 12:06:54,-18.5,-21.3,4.0,3.0,13.0
2026-08-09 12:05:54,-18.5,-21.2,4.0,3.0,13.0
2026-08-09 12:04:54,-18.4,-21.2,4.0,3.0,13.0
2026-08-09 12:03:54,-18.4,-21.2,4.0,3.0,13.0
2026-08-09 12:02:54,-18.4,-21.1,4.0,3.0,13.0
2026-08-09 12:01:54,-18.3,-21.1,4.0,3.0,13.0
2026-08-09 12:00:54,-18.3,-21.0,4.0,3.0,13.0
2026-08-09 11:59:54,-18.3,-21.0,3.0,3.0,13.0
2026-08-09 11:58:54,-18.2,-20.9,3.0,3.0,13.0
2026-08-09 11:57:54,-18.2,-20.9,3.0,3.0,13.0
2026-08-09 11:56:54,-18.2,-20.8,3.0,3.0,13.0
2026-08-09 11:55:54,-18.1,-20.8,3.0,3.0,13.0
2026-08-09 11:54:54,-18.1,-20.8,3.0,3.0,13.0
2026-08-09 11:53:54,-18.0,-20.7,3.0,3.0,13.0
2026-08-09 11:52:54,-18.0,-20.7,3.0,3.0,13.0
2026-08-09 11:51:54,-17.9,-20.6,3.0,3.0,13.0
2026-08-09 11:50:54,-17.8,-20.5,3.0,3.0,13.0
2026-08-09 11:49:54,-17.8,-20.5,2.0,3.0,13.0
2026-08-09 11:48:54,-17.8,-20.4,2.0,3.0,13.0
2026-08-09 11:47:54,-17.7,-20.4,2.0,3.0,13.0
2026-08-09 11:46:54,-17.6,-20.3,2.0,3.0,13.0
2026-08-09 11:45:54,-17.6,-20.2,2.0,3.0,13.0
2026-08-09 11:44:54,-17.5,-20.2,2.0,3.0,13.0
2026-08-09 11:43:54,-17.5,-20.1,2.0,3.0,14.0
2026-08-09 11:42:54,-17.3,-20.0,1.0,3.0,14.0
2026-08-09 11:41:54,-17.3,-20.0,1.0,3.0,14.0
2026-08-09 11:40:54,-17.2,-19.9,1.0,3.0,14.0
2026-08-09 11:39:54,-17.1,-19.8,1.0,3.0,14.0
2026-08-09 11:38:54,-17.1,-19.7,1.0,3.0,14.0
2026-08-09 11:37:54,-17.0,-19.6,1.0,3.0,14.0
2026-08-09 11:36:54,-16.9,-19.5,0.0,3.0,15.0
2026-08-09 11:35:54,-16.8,-19.4,0.0,3.0,15.0
2026-08-09 11:34:54,-16.6,-19.3,0.0,3.0,15.0
2026-08-09 11:33:54,-16.7,-19.3,0.0,3.0,15.0
2026-08-09 11:32:54,-16.5,-19.1,0.0,3.0,15.0
2026-08-09 11:31:54,-16.5,-19.0,0.0,3.0,16.0
2026-08-09 11:30:54,-16.4,-18.9,0.0,3.0,16.0
2026-08-09 11:29:54,-16.3,-18.8,0.0,3.0,16.0
2026-08-09 11:28:54,-16.2,-18.6,0.0,3.0,17.0
2026-08-09 11:27:54,-16.1,-18.4,0.0,3.0,17.0
2026-08-09 11:26:54,-16.0,-18.3,0.0,3.0,18.0
2026-08-09 11:25:54,-16.0,-18.1,0.0,2.0,19.0
2026-08-09 11:24:54,-15.9,-17.9,0.0,2.0,21.0
2026-08-09 11:23:54,-15.9,-17.9,0.0,2.0,26.0
2026-08-09 11:22:54,-16.0,-18.0,0.0,2.0,25.0
2026-08-09 11:21:54,-16.0,-18.1,0.0,2.0,24.0
2026-08-09 11:20:54,-16.2,-18.2,0.0,2.0,25.0
2026-08-09 11:19:54,-16.3,-18.3,0.0,2.0,25.0
2026-08-09 11:18:54,-16.4,-18.5,0.0,3.0,24.0
2026-08-09 11:17:54,-16.6,-18.6,0.0,3.0,24.0
2026-08-09 11:16:54,-16.7,-18.8,0.0,3.0,23.0
2026-08-09 11:15:54,-16.8,-18.9,0.0,3.0,23.0
2026-08-09 11:14:54,-17.0,-19.1,0.0,3.0,23.0
2026-08-09 11:13:54,-17.2,-19.2,0.0,3.0,23.0
2026-08-09 11:12:54,-17.4,-19.5,0.0,4.0,22.0
2026-08-09 11:11:54,-17.5,-19.7,0.0,4.0,21.0
2026-08-09 11:10:54,-17.8,-19.9,1.0,4.0,21.0
2026-08-09 11:09:54,-18.0,-20.2,1.0,3.0,20.0
2026-08-09 11:08:54,-18.2,-20.6,2.0,3.0,19.0
2026-08-09 11:07:54,-18.4,-20.9,3.0,3.0,18.0
2026-08-09 11:06:54,-18.6,-21.2,5.0,3.0,15.0
2026-08-09 11:05:54,-18.8,-21.3,5.0,3.0,12.0
2026-08-09 11:04:54,-18.7,-21.3,5.0,3.0,12.0
2026-08-09 11:03:54,-18.7,-21.3,5.0,3.0,12.0
2026-08-09 11:02:54,-18.7,-21.3,5.0,3.0,12.0
2026-08-09 11:01:54,-18.6,-21.2,5.0,3.0,12.0
2026-08-09 11:00:54,-18.6,-21.2,5.0,3.0,12.0
2026-08-09 10:59:54,-18.6,-21.2,5.0,3.0,12.0
2026-08-09 10:58:54,-18.6,-21.1,5.0,3.0,12.0
2026-08-09 10:57:54,-18.5,-21.1,5.0,3.0,12.0
2026-08-09 10:56:54,-18.5,-21.1,5.0,3.0,12.0
2026-08-09 10:55:54,-18.4,-21.0,5.0,3.0,12.0
2026-08-09 10:54:54,-18.4,-21.0,5.0,3.0,12.0
2026-08-09 10:53:54,-18.4,-21.0,5.0,3.0,12.0
2026-08-09 10:52:54,-18.3,-21.0,4.0,3.0,12.0
2026-08-09 10:51:54,-18.3,-20.9,4.0,3.0,13.0
2026-08-09 10:50:54,-18.3,-20.9,4.0,3.0,13.0
2026-08-09 10:49:54,-18.2,-20.8,4.0,3.0,13.0
2026-08-09 10:48:54,-18.2,-20.8,4.0,3.0,13.0
2026-08-09 10:47:54,-18.2,-20.8,4.0,3.0,13.0
2026-08-09 10:46:54,-18.1,-20.7,4.0,3.0,13.0
2026-08-09 10:45:54,-18.1,-20.7,4.0,3.0,13.0
2026-08-09 10:44:54,-18.0,-20.6,4.0,3.0,13.0
2026-08-09 10:43:54,-18.0,-20.6,4.0,3.0,13.0
2026-08-09 10:42:54,-17.9,-20.5,4.0,3.0,13.0
2026-08-09 10:41:54,-17.9,-20.5,3.0,3.0,13.0
2026-08-09 10:40:54,-17.9,-20.5,3.0,3.0,13.0
2026-08-09 10:39:54,-17.9,-20.4,3.0,3.0,13.0
2026-08-09 10:38:54,-17.8,-20.4,3.0,3.0,13.0
2026-08-09 10:37:54,-17.7,-20.3,3.0,3.0,13.0
2026-08-09 10:36:54,-17.7,-20.3,3.0,3.0,13.0
2026-08-09 10:35:54,-17.7,-20.2,3.0,3.0,13.0
2026-08-09 10:34:54,-17.6,-20.2,3.0,3.0,13.0
2026-08-09 10:33:54,-17.5,-20.1,3.0,3.0,13.0
2026-08-09 10:32:54,-17.5,-20.1,2.0,3.0,13.0
2026-08-09 10:31:54,-17.4,-20.0,2.0,3.0,13.0
2026-08-09 10:30:54,-17.3,-19.9,2.0,3.0,13.0
2026-08-09 10:29:54,-17.2,-19.9,2.0,3.0,13.0
2026-08-09 10:28:54,-17.2,-19.8,2.0,3.0,14.0
2026-08-09 10:27:54,-17.1,-19.7,2.0,3.0,14.0
2026-08-09 10:26:54,-17.1,-19.7,2.0,3.0,14.0
2026-08-09 10:25:54,-17.0,-19.6,1.0,3.0,14.0
2026-08-09 10:24:54,-16.9,-19.5,1.0,3.0,14.0
2026-08-09 10:23:54,-16.8,-19.5,1.0,3.0,14.0
2026-08-09 10:22:54,-16.8,-19.4,1.0,3.0,14.0
2026-08-09 10:21:54,-16.7,-19.3,1.0,3.0,14.0
2026-08-09 10:20:54,-16.6,-19.2,1.0,3.0,14.0
2026-08-09 10:19:54,-16.6,-19.1,1.0,3.0,15.0
2026-08-09 10:18:54,-16.4,-19.0,0.0,3.0,15.0
2026-08-09 10:17:54,-16.4,-18.9,0.0,3.0,15.0
2026-08-09 10:16:54,-16.3,-18.8,0.0,3.0,16.0
2026-08-09 10:15:54,-16.2,-18.7,0.0,3.0,15.0
2026-08-09 10:14:54,-16.1,-18.6,0.0,3.0,16.0
2026-08-09 10:13:54,-16.0,-18.5,0.0,3.0,16.0
2026-08-09 10:12:54,-15.9,-18.3,0.0,3.0,16.0
2026-08-09 10:11:54,-15.7,-18.2,0.0,3.0,17.0
2026-08-09 10:10:54,-15.7,-18.0,0.0,3.0,17.0
2026-08-09 10:09:54,-15.6,-17.9,0.0,3.0,18.0
2026-08-09 10:08:54,-15.5,-17.7,0.0,3.0,18.0
2026-08-09 10:07:54,-15.4,-17.5,0.0,2.0,20.0
2026-08-09 10:06:54,-15.3,-17.3,0.0,2.0,22.0
2026-08-09 10:05:54,-15.3,-17.4,0.0,2.0,26.0
2026-08-09 10:04:54,-15.4,-17.5,0.0,2.0,26.0
2026-08-09 10:03:54,-15.5,-17.6,0.0,2.0,26.0
2026-08-09 10:02:54,-15.6,-17.7,0.0,2.0,26.0
2026-08-09 10:01:54,-15.7,-17.8,0.0,2.0,26.0
2026-08-09 10:00:54,-15.9,-17.9,0.0,3.0,25.0
2026-08-09 09:59:54,-16.0,-18.0,0.0,3.0,25.0
2026-08-09 09:58:54,-16.1,-18.2,0.0,3.0,25.0
2026-08-09 09:57:54,-16.3,-18.3,0.0,3.0,24.0
2026-08-09 09:56:54,-16.5,-18.5,0.0,3.0,24.0
2026-08-09 09:55:54,-16.7,-18.6,0.0,3.0,24.0
2026-08-09 09:54:54,-16.8,-18.8,0.0,4.0,23.0
2026-08-09 09:53:54,-17.0,-19.0,0.0,4.0,23.0
2026-08-09 09:52:54,-17.2,-19.3,1.0,4.0,22.0
2026-08-09 09:51:54,-17.4,-19.5,1.0,3.0,21.0
2026-08-09 09:50:54,-17.6,-19.9,2.0,3.0,20.0
2026-08-09 09:49:54,-17.9,-20.2,3.0,3.0,19.0
2026-08-09 09:48:54,-18.2,-20.5,4.0,3.0,17.0
2026-08-09 09:47:54,-18.3,-20.8,5.0,3.0,14.0
2026-08-09 09:46:54,-18.3,-20.8,6.0,3.0,13.0
2026-08-09 09:45:54,-18.3,-20.8,6.0,3.0,13.0
2026-08-09 09:44:54,-18.3,-20.8,5.0,3.0,13.0
2026-08-09 09:43:54,-18.3,-20.7,5.0,3.0,13.0
2026-08-09 09:42:54,-18.2,-20.7,5.0,3.0,13.0
2026-08-09 09:41:54,-18.2,-20.7,5.0,3.0,13.0
2026-08-09 09:40:54,-18.1,-20.6,5.0,3.0,13.0
2026-08-09 09:39:54,-18.1,-20.6,5.0,3.0,13.0
2026-08-09 09:38:54,-18.1,-20.6,5.0,3.0,13.0
2026-08-09 09:37:54,-18.0,-20.5,5.0,3.0,13.0
2026-08-09 09:36:54,-18.0,-20.5,5.0,3.0,13.0
2026-08-09 09:35:54,-17.9,-20.4,5.0,3.0,13.0
2026-08-09 09:34:54,-17.9,-20.4,5.0,3.0,13.0
2026-08-09 09:33:54,-17.9,-20.3,5.0,3.0,13.0
2026-08-09 09:32:54,-17.8,-20.3,5.0,3.0,13.0
2026-08-09 09:31:54,-17.7,-20.3,4.0,3.0,13.0
2026-08-09 09:30:54,-17.7,-20.2,4.0,3.0,13.0
2026-08-09 09:29:54,-17.7,-20.2,4.0,3.0,13.0
2026-08-09 09:28:54,-17.7,-20.2,4.0,3.0,13.0
2026-08-09 09:27:54,-17.6,-20.1,4.0,3.0,13.0
2026-08-09 09:26:54,-17.6,-20.1,4.0,3.0,13.0
2026-08-09 09:25:54,-17.5,-20.0,4.0,3.0,13.0
2026-08-09 09:24:54,-17.5,-20.0,4.0,3.0,13.0
2026-08-09 09:23:54,-17.4,-19.9,4.0,3.0,13.0
2026-08-09 09:22:54,-17.4,-19.9,4.0,3.0,13.0
2026-08-09 09:21:54,-17.4,-19.8,3.0,3.0,13.0
2026-08-09 09:20:54,-17.3,-19.8,3.0,3.0,13.0
2026-08-09 09:19:54,-17.2,-19.7,3.0,3.0,13.0
2026-08-09 09:18:54,-17.2,-19.7,3.0,3.0,13.0
2026-08-09 09:17:54,-17.2,-19.6,3.0,3.0,13.0
2026-08-09 09:16:54,-17.1,-19.6,3.0,3.0,14.0
2026-08-09 09:15:54,-17.0,-19.5,3.0,3.0,13.0
2026-08-09 09:14:54,-16.9,-19.5,3.0,3.0,13.0
2026-08-09 09:13:54,-16.9,-19.4,3.0,3.0,14.0
2026-08-09 09:12:54,-16.9,-19.3,2.0,3.0,14.0
2026-08-09 09:11:54,-16.8,-19.3,2.0,3.0,14.0
2026-08-09 09:10:54,-16.7,-19.2,2.0,3.0,14.0
2026-08-09 09:09:54,-16.6,-19.2,2.0,3.0,14.0
2026-08-09 09:08:54,-16.5,-19.1,2.0,3.0,14.0
2026-08-09 09:07:54,-16.5,-19.0,2.0,3.0,14.0
2026-08-09 09:06:54,-16.4,-18.9,2.0,3.0,14.0
2026-08-09 09:05:54,-16.3,-18.9,1.0,3.0,14.0
2026-08-09 09:04:54,-16.2,-18.8,1.0,3.0,14.0
2026-08-09 09:03:54,-16.2,-18.7,1.0,3.0,15.0
2026-08-09 09:02:54,-16.1,-18.6,1.0,3.0,15.0
2026-08-09 09:01:54,-16.0,-18.5,1.0,3.0,15.0
2026-08-09 09:00:54,-15.9,-18.4,1.0,3.0,15.0
2026-08-09 08:59:54,-15.8,-18.3,1.0,3.0,15.0
2026-08-09 08:58:54,-15.7,-18.2,0.0,3.0,16.0
2026-08-09 08:57:54,-15.6,-18.1,0.0,3.0,16.0
2026-08-09 08:56:54,-15.4,-18.0,0.0,3.0,16.0
2026-08-09 08:55:54,-15.4,-17.8,0.0,3.0,16.0
2026-08-09 08:54:54,-15.2,-17.7,0.0,3.0,17.0
2026-08-09 08:53:54,-15.1,-17.5,0.0,3.0,17.0
2026-08-09 08:52:54,-15.1,-17.4,0.0,3.0,18.0
2026-08-09 08:51:54,-14.9,-17.2,0.0,3.0,18.0
2026-08-09 08:50:54,-14.8,-17.0,0.0,3.0,18.0
2026-08-09 08:49:54,-14.7,-16.8,0.0,2.0,20.0
2026-08-09 08:48:54,-14.6,-16.6,0.0,2.0,21.0
2026-08-09 08:47:54,-14.5,-16.5,0.0,2.0,26.0
2026-08-09 08:46:54,-14.6,-16.6,0.0,1.0,27.0
2026-08-09 08:45:54,-14.7,-16.7,0.0,2.0,27.0
2026-08-09 08:44:54,-14.8,-16.8,0.0,2.0,27.0
2026-08-09 08:43:54,-14.9,-16.9,0.0,2.0,26.0
2026-08-09 08:42:54,-15.1,-17.0,0.0,2.0,26.0
2026-08-09 08:41:54,-15.1,-17.1,0.0,3.0,26.0
2026-08-09 08:40:54,-15.2,-17.2,0.0,3.0,26.0
2026-08-09 08:39:54,-15.3,-17.3,0.0,3.0,25.0
2026-08-09 08:38:54,-15.5,-17.4,0.0,3.0,25.0
2026-08-09 08:37:54,-15.6,-17.6,0.0,3.0,24.0
2026-08-09 08:36:54,-15.8,-17.7,0.0,3.0,24.0
2026-08-09 08:35:54,-15.9,-17.9,0.0,3.0,23.0
2026-08-09 08:34:54,-16.0,-18.1,0.0,3.0,23.0
2026-08-09 08:33:54,-16.2,-18.3,0.0,4.0,23.0
2026-08-09 08:32:54,-16.5,-18.5,1.0,4.0,22.0
2026-08-09 08:31:54,-16.6,-18.8,2.0,3.0,21.0
2026-08-09 08:30:54,-16.9,-19.1,3.0,3.0,20.0
2026-08-09 08:29:54,-17.2,-19.4,3.0,3.0,19.0
2026-08-09 08:28:54,-17.4,-19.8,4.0,3.0,17.0
2026-08-09 08:27:54,-17.6,-20.0,6.0,3.0,13.0
2026-08-09 08:26:54,-17.5,-19.9,6.0,3.0,13.0
2026-08-09 08:25:54,-17.5,-19.9,6.0,3.0,13.0
2026-08-09 08:24:54,-17.4,-19.9,5.0,3.0,13.0
2026-08-09 08:23:54,-17.4,-19.8,5.0,3.0,13.0
2026-08-09 08:22:54,-17.4,-19.8,5.0,3.0,13.0
2026-08-09 08:21:54,-17.3,-19.8,5.0,3.0,13.0
2026-08-09 08:20:54,-17.3,-19.7,5.0,3.0,13.0
2026-08-09 08:19:54,-17.2,-19.6,5.0,3.0,13.0
2026-08-09 08:18:54,-17.2,-19.6,5.0,3.0,13.0
2026-08-09 08:17:54,-17.2,-19.6,5.0,3.0,13.0
2026-08-09 08:16:54,-17.2,-19.5,5.0,3.0,13.0
2026-08-09 08:15:54,-17.1,-19.5,5.0,3.0,13.0
2026-08-09 08:14:54,-17.1,-19.5,5.0,3.0,13.0
2026-08-09 08:13:54,-17.0,-19.4,5.0,3.0,13.0
2026-08-09 08:12:54,-16.9,-19.3,4.0,3.0,13.0
2026-08-09 08:11:54,-16.9,-19.3,4.0,3.0,13.0
2026-08-09 08:10:54,-16.8,-19.3,4.0,3.0,13.0
2026-08-09 08:09:54,-16.8,-19.2,4.0,3.0,13.0
2026-08-09 08:08:54,-16.7,-19.1,4.0,3.0,13.0
2026-08-09 08:07:54,-16.7,-19.1,4.0,3.0,13.0
2026-08-09 08:06:54,-16.7,-19.1,4.0,3.0,13.0
2026-08-09 08:05:54,-16.6,-19.0,4.0,3.0,13.0
2026-08-09 08:04:54,-16.6,-19.0,4.0,3.0,14.0
2026-08-09 08:03:54,-16.5,-18.9,3.0,3.0,14.0
2026-08-09 08:02:54,-16.4,-18.8,3.0,3.0,14.0
2026-08-09 08:01:54,-16.4,-18.8,3.0,3.0,14.0
2026-08-09 08:00:54,-16.3,-18.7,3.0,3.0,14.0
2026-08-09 07:59:54,-16.2,-18.7,3.0,3.0,14.0
2026-08-09 07:58:54,-16.2,-18.6,3.0,3.0,14.0
2026-08-09 07:57:54,-16.1,-18.5,3.0,3.0,14.0
2026-08-09 07:56:54,-16.1,-18.5,3.0,3.0,14.0
2026-08-09 07:55:54,-16.0,-18.4,3.0,3.0,14.0
2026-08-09 07:54:54,-15.9,-18.3,2.0,3.0,14.0
2026-08-09 07:53:54,-15.9,-18.3,2.0,3.0,14.0
2026-08-09 07:52:54,-15.8,-18.2,2.0,3.0,14.0
2026-08-09 07:51:54,-15.7,-18.1,2.0,3.0,14.0
2026-08-09 07:50:54,-15.7,-18.0,2.0,3.0,15.0
2026-08-09 07:49:54,-15.6,-18.0,2.0,3.0,15.0
2026-08-09 07:48:54,-15.4,-17.9,1.0,3.0,15.0
2026-08-09 07:47:54,-15.4,-17.8,1.0,3.0,15.0
2026-08-09 07:46:54,-15.3,-17.7,1.0,3.0,15.0
2026-08-09 07:45:54,-15.2,-17.6,1.0,3.0,15.0
2026-08-09 07:44:54,-15.1,-17.5,1.0,3.0,15.0
2026-08-09 07:43:54,-15.0,-17.4,1.0,3.0,16.0
2026-08-09 07:42:54,-14.9,-17.3,1.0,3.0,16.0
2026-08-09 07:41:54,-14.8,-17.2,0.0,3.0,16.0
2026-08-09 07:40:54,-14.7,-17.1,0.0,3.0,16.0
2026-08-09 07:39:54,-14.5,-16.9,0.0,3.0,16.0
2026-08-09 07:38:54,-14.4,-16.8,0.0,3.0,17.0
2026-08-09 07:37:54,-14.3,-16.7,0.0,3.0,17.0
2026-08-09 07:36:54,-14.2,-16.5,0.0,3.0,17.0
2026-08-09 07:35:54,-14.1,-16.4,0.0,3.0,18.0
2026-08-09 07:34:54,-14.0,-16.2,0.0,3.0,18.0
2026-08-09 07:33:54,-13.8,-16.0,0.0,2.0,19.0
2026-08-09 07:32:54,-13.7,-15.8,0.0,2.0,20.0
2026-08-09 07:31:54,-13.6,-15.6,0.0,2.0,21.0
2026-08-09 07:30:54,-13.5,-15.5,0.0,1.0,24.0
2026-08-09 07:29:54,-13.6,-15.5,0.0,1.0,28.0
2026-08-09 07:28:54,-13.6,-15.5,0.0,1.0,27.0
2026-08-09 07:27:54,-13.7,-15.6,0.0,1.0,27.0
2026-08-09 07:26:54,-13.8,-15.6,0.0,2.0,27.0
2026-08-09 07:25:54,-13.9,-15.7,0.0,2.0,27.0
2026-08-09 07:24:54,-13.9,-15.8,0.0,2.0,27.0
2026-08-09 07:23:54,-14.0,-15.9,0.0,2.0,27.0
2026-08-09 07:22:54,-14.0,-16.0,0.0,2.0,27.0
2026-08-09 07:21:54,-14.1,-16.1,0.0,2.0,26.0
2026-08-09 07:20:54,-14.2,-16.2,0.0,3.0,26.0
2026-08-09 07:19:54,-14.4,-16.3,0.0,3.0,26.0
2026-08-09 07:18:54,-14.5,-16.4,0.0,3.0,26.0
2026-08-09 07:17:54,-14.6,-16.5,0.0,3.0,25.0
2026-08-09 07:16:54,-14.7,-16.6,0.0,3.0,24.0
2026-08-09 07:15:54,-14.9,-16.8,0.0,3.0,24.0
2026-08-09 07:14:54,-15.0,-17.0,0.0,4.0,24.0
2026-08-09 07:13:54,-15.2,-17.1,1.0,4.0,23.0
2026-08-09 07:12:54,-15.3,-17.4,1.0,4.0,23.0
2026-08-09 07:11:54,-15.5,-17.6,2.0,4.0,22.0
2026-08-09 07:10:54,-15.7,-17.9,3.0,3.0,21.0
2026-08-09 07:09:54,-16.0,-18.2,3.0,3.0,20.0
2026-08-09 07:08:54,-16.2,-18.5,4.0,3.0,18.0
2026-08-09 07:07:54,-16.4,-18.7,6.0,3.0,14.0
2026-08-09 07:06:54,-16.3,-18.7,6.0,3.0,14.0
2026-08-09 07:05:54,-16.3,-18.6,6.0,3.0,14.0
2026-08-09 07:04:54,-16.3,-18.6,5.0,3.0,14.0
2026-08-09 07:03:54,-16.3,-18.5,5.0,3.0,14.0
2026-08-09 07:02:54,-16.2,-18.5,5.0,3.0,14.0
2026-08-09 07:01:54,-16.2,-18.5,5.0,3.0,14.0
2026-08-09 07:00:54,-16.1,-18.4,5.0,3.0,14.0
2026-08-09 06:59:54,-16.1,-18.4,5.0,3.0,14.0
2026-08-09 06:58:54,-16.0,-18.3,5.0,3.0,14.0
2026-08-09 06:57:54,-16.0,-18.3,5.0,3.0,14.0
2026-08-09 06:56:54,-15.9,-18.2,5.0,3.0,14.0
2026-08-09 06:55:54,-15.9,-18.2,5.0,3.0,14.0
2026-08-09 06:54:54,-15.9,-18.1,5.0,3.0,14.0
2026-08-09 06:53:54,-15.8,-18.0,4.0,3.0,14.0
2026-08-09 06:52:54,-15.6,-18.0,4.0,3.0,14.0
2026-08-09 06:51:54,-15.6,-17.9,4.0,3.0,14.0
2026-08-09 06:50:54,-15.5,-17.9,4.0,3.0,14.0
2026-08-09 06:49:54,-15.5,-17.8,4.0,3.0,14.0
2026-08-09 06:48:54,-15.4,-17.8,4.0,3.0,14.0
2026-08-09 06:47:54,-15.3,-17.7,4.0,3.0,14.0
2026-08-09 06:46:54,-15.3,-17.6,4.0,3.0,15.0
2026-08-09 06:45:54,-15.2,-17.6,3.0,3.0,15.0
2026-08-09 06:44:54,-15.2,-17.5,3.0,3.0,15.0
2026-08-09 06:43:54,-15.1,-17.4,3.0,3.0,15.0
2026-08-09 06:42:54,-15.0,-17.4,3.0,3.0,15.0
2026-08-09 06:41:54,-15.0,-17.3,3.0,3.0,15.0
2026-08-09 06:40:54,-14.9,-17.2,3.0,3.0,15.0
2026-08-09 06:39:54,-14.8,-17.1,3.0,3.0,15.0
2026-08-09 06:38:54,-14.7,-17.1,3.0,3.0,15.0
2026-08-09 06:37:54,-14.6,-17.0,3.0,3.0,15.0
2026-08-09 06:36:54,-14.5,-16.9,2.0,3.0,15.0
2026-08-09 06:35:54,-14.5,-16.8,2.0,3.0,16.0
2026-08-09 06:34:54,-14.4,-16.7,2.0,3.0,16.0
2026-08-09 06:33:54,-14.3,-16.6,2.0,3.0,16.0
2026-08-09 06:32:54,-14.2,-16.6,2.0,3.0,16.0
2026-08-09 06:31:54,-14.1,-16.5,2.0,3.0,16.0
2026-08-09 06:30:54,-14.0,-16.4,1.0,3.0,16.0
2026-08-09 06:29:54,-13.9,-16.3,1.0,3.0,16.0
2026-08-09 06:28:54,-13.8,-16.2,1.0,3.0,16.0
2026-08-09 06:27:54,-13.7,-16.1,1.0,3.0,17.0
2026-08-09 06:26:54,-13.6,-16.0,1.0,3.0,17.0
2026-08-09 06:25:54,-13.5,-15.9,1.0,3.0,17.0
2026-08-09 06:24:54,-13.4,-15.7,0.0,3.0,17.0
2026-08-09 06:23:54,-13.3,-15.6,0.0,3.0,17.0
2026-08-09 06:22:54,-13.1,-15.5,0.0,3.0,17.0
2026-08-09 06:21:54,-13.0,-15.3,0.0,2.0,18.0
2026-08-09 06:20:54,-12.9,-15.2,0.0,2.0,18.0
2026-08-09 06:19:54,-12.7,-15.0,0.0,2.0,18.0
2026-08-09 06:18:54,-12.6,-14.9,0.0,2.0,19.0
2026-08-09 06:17:54,-12.5,-14.7,0.0,2.0,19.0
2026-08-09 06:16:54,-12.3,-14.5,0.0,2.0,20.0
2026-08-09 06:15:54,-12.2,-14.3,0.0,2.0,21.0
2026-08-09 06:14:54,-12.1,-14.1,0.0,2.0,22.0
2026-08-09 06:13:54,-11.9,-13.9,0.0,1.0,25.0
2026-08-09 06:12:54,-11.9,-13.8,0.0,1.0,30.0
2026-08-09 06:11:54,-11.9,-13.9,0.0,1.0,30.0
2026-08-09 06:10:54,-12.0,-13.9,0.0,1.0,29.0
2026-08-09 06:09:54,-12.0,-13.9,0.0,1.0,29.0
2026-08-09 06:08:54,-12.0,-13.9,0.0,1.0,29.0
2026-08-09 06:07:54,-12.1,-14.0,0.0,2.0,29.0
2026-08-09 06:06:54,-12.1,-14.0,0.0,2.0,29.0
2026-08-09 06:05:54,-12.2,-14.1,0.0,2.0,29.0
2026-08-09 06:04:54,-12.2,-14.1,0.0,2.0,29.0
2026-08-09 06:03:54,-12.3,-14.2,0.0,2.0,29.0
2026-08-09 06:02:54,-12.3,-14.2,0.0,2.0,29.0
2026-08-09 06:01:54,-12.3,-14.3,0.0,2.0,29.0
2026-08-09 06:00:54,-12.4,-14.3,0.0,2.0,29.0
2026-08-09 05:59:54,-12.4,-14.4,0.0,2.0,28.0
2026-08-09 05:58:54,-12.5,-14.5,0.0,3.0,28.0
2026-08-09 05:57:54,-12.5,-14.6,0.0,3.0,28.0
2026-08-09 05:56:54,-12.6,-14.6,0.0,3.0,28.0
2026-08-09 05:55:54,-12.8,-14.7,0.0,3.0,27.0
2026-08-09 05:54:54,-12.8,-14.8,0.0,3.0,27.0
2026-08-09 05:53:54,-12.9,-14.9,0.0,3.0,27.0
2026-08-09 05:52:54,-13.1,-15.0,1.0,3.0,26.0
2026-08-09 05:51:54,-13.2,-15.2,1.0,4.0,26.0
2026-08-09 05:50:54,-13.4,-15.3,1.0,3.0,26.0
2026-08-09 05:49:54,-13.6,-15.5,2.0,4.0,24.0
2026-08-09 05:48:54,-13.7,-15.7,2.0,4.0,24.0
2026-08-09 05:47:54,-13.9,-15.9,3.0,3.0,23.0
2026-08-09 05:46:54,-14.1,-16.2,4.0,3.0,22.0
2026-08-09 05:45:54,-14.3,-16.5,4.0,3.0,20.0
2026-08-09 05:44:54,-14.4,-16.7,6.0,3.0,17.0
2026-08-09 05:43:54,-14.4,-16.7,6.0,3.0,16.0
2026-08-09 05:42:54,-14.3,-16.6,6.0,3.0,16.0
2026-08-09 05:41:54,-14.3,-16.5,5.0,3.0,16.0
2026-08-09 05:40:54,-14.2,-16.4,5.0,3.0,16.0
2026-08-09 05:39:54,-14.1,-16.4,5.0,3.0,16.0
2026-08-09 05:38:54,-14.0,-16.3,5.0,3.0,16.0
2026-08-09 05:37:54,-14.0,-16.2,5.0,3.0,16.0
2026-08-09 05:36:54,-13.9,-16.2,5.0,3.0,16.0
2026-08-09 05:35:54,-13.8,-16.1,5.0,3.0,16.0
2026-08-09 05:34:54,-13.7,-16.0,5.0,3.0,16.0
2026-08-09 05:33:54,-13.6,-16.0,5.0,3.0,16.0
2026-08-09 05:32:54,-13.6,-15.9,4.0,3.0,16.0
2026-08-09 05:31:54,-13.5,-15.8,4.0,3.0,17.0
2026-08-09 05:30:54,-13.4,-15.7,4.0,3.0,17.0
2026-08-09 05:29:54,-13.3,-15.7,4.0,3.0,17.0
2026-08-09 05:28:54,-13.2,-15.6,4.0,3.0,17.0
2026-08-09 05:27:54,-13.2,-15.5,4.0,3.0,17.0
2026-08-09 05:26:54,-13.1,-15.4,4.0,3.0,17.0
2026-08-09 05:25:54,-13.0,-15.3,3.0,3.0,17.0
2026-08-09 05:24:54,-12.9,-15.2,3.0,3.0,17.0
2026-08-09 05:23:54,-12.8,-15.1,3.0,3.0,17.0
2026-08-09 05:22:54,-12.7,-15.0,3.0,3.0,17.0
2026-08-09 05:21:54,-12.6,-14.9,3.0,3.0,18.0
2026-08-09 05:20:54,-12.5,-14.8,3.0,3.0,18.0
2026-08-09 05:19:54,-12.4,-14.8,3.0,3.0,18.0
2026-08-09 05:18:54,-12.2,-14.6,2.0,3.0,18.0
2026-08-09 05:17:54,-12.2,-14.6,2.0,3.0,18.0
2026-08-09 05:16:54,-12.0,-14.5,2.0,3.0,18.0
2026-08-09 05:15:54,-11.9,-14.4,2.0,3.0,18.0
2026-08-09 05:14:54,-11.8,-14.2,2.0,3.0,18.0
2026-08-09 05:13:54,-11.7,-14.1,1.0,3.0,19.0
2026-08-09 05:12:54,-11.5,-14.0,1.0,3.0,19.0
2026-08-09 05:11:54,-11.4,-13.9,1.0,3.0,19.0
2026-08-09 05:10:54,-11.3,-13.7,1.0,2.0,19.0
2026-08-09 05:09:54,-11.2,-13.6,1.0,3.0,19.0
2026-08-09 05:08:54,-11.0,-13.5,1.0,2.0,20.0
2026-08-09 05:07:54,-10.9,-13.3,1.0,2.0,20.0
2026-08-09 05:06:54,-10.7,-13.2,0.0,2.0,20.0
2026-08-09 05:05:54,-10.7,-13.0,0.0,2.0,20.0
2026-08-09 05:04:54,-10.5,-12.9,0.0,2.0,21.0
2026-08-09 05:03:54,-10.3,-12.7,0.0,2.0,21.0
2026-08-09 05:02:54,-10.2,-12.5,0.0,2.0,22.0
2026-08-09 05:01:54,-10.0,-12.4,0.0,2.0,23.0
2026-08-09 05:00:54,-9.9,-12.2,0.0,2.0,23.0
2026-08-09 04:59:54,-9.8,-11.9,0.0,2.0,24.0
2026-08-09 04:58:54,-9.6,-11.7,0.0,2.0,26.0
2026-08-09 04:57:54,-9.4,-11.5,0.0,1.0,27.0
2026-08-09 04:56:54,-9.2,-11.3,0.0,1.0,30.0
2026-08-09 04:55:54,-9.1,-11.2,0.0,1.0,34.0
2026-08-09 04:54:54,-9.0,-11.2,0.0,1.0,34.0
2026-08-09 04:53:54,-9.0,-11.1,0.0,1.0,34.0
2026-08-09 04:52:54,-8.9,-11.1,0.0,1.0,34.0
2026-08-09 04:51:54,-9.0,-11.1,0.0,1.0,34.0
2026-08-09 04:50:54,-8.9,-11.0,0.0,1.0,34.0
2026-08-09 04:49:54,-8.8,-11.0,0.0,1.0,35.0
2026-08-09 04:48:54,-8.8,-11.0,0.0,1.0,35.0
2026-08-09 04:47:54,-8.8,-10.9,0.0,1.0,35.0
2026-08-09 04:46:54,-8.9,-10.9,0.0,1.0,35.0
2026-08-09 04:45:54,-8.8,-10.9,0.0,1.0,35.0
2026-08-09 04:44:54,-8.8,-10.9,0.0,1.0,35.0
2026-08-09 04:43:54,-8.7,-10.8,0.0,1.0,35.0
2026-08-09 04:42:54,-8.7,-10.8,0.0,1.0,35.0
2026-08-09 04:41:54,-8.6,-10.7,0.0,2.0,35.0
2026-08-09 04:40:54,-8.5,-10.7,0.0,1.0,35.0
2026-08-09 04:39:54,-8.5,-10.7,0.0,1.0,35.0
2026-08-09 04:38:54,-8.5,-10.7,0.0,2.0,35.0
2026-08-09 04:37:54,-8.5,-10.6,0.0,2.0,35.0
2026-08-09 04:36:54,-8.5,-10.6,0.0,2.0,35.0
2026-08-09 04:35:54,-8.5,-10.6,0.0,2.0,35.0
2026-08-09 04:34:54,-8.3,-10.5,0.0,2.0,35.0
2026-08-09 04:33:54,-8.4,-10.5,0.0,2.0,35.0
2026-08-09 04:32:54,-8.3,-10.4,0.0,2.0,35.0
2026-08-09 04:31:54,-8.3,-10.4,0.0,2.0,35.0
2026-08-09 04:30:54,-8.2,-10.4,0.0,2.0,35.0
2026-08-09 04:29:54,-8.2,-10.3,0.0,2.0,35.0
2026-08-09 04:28:54,-8.2,-10.3,0.0,2.0,35.0
2026-08-09 04:27:54,-8.0,-10.3,0.0,2.0,35.0
2026-08-09 04:26:54,-8.0,-10.2,0.0,2.0,35.0
2026-08-09 04:25:54,-8.0,-10.2,0.0,2.0,35.0
2026-08-09 04:24:54,-8.0,-10.1,0.0,3.0,35.0
2026-08-09 04:23:54,-7.9,-10.1,0.0,3.0,35.0
2026-08-09 04:22:54,-7.9,-10.1,0.0,3.0,35.0
2026-08-09 04:21:54,-7.8,-10.0,0.0,3.0,35.0
2026-08-09 04:20:54,-7.7,-10.0,0.0,3.0,35.0
2026-08-09 04:19:54,-7.7,-9.9,0.0,3.0,35.0
2026-08-09 04:18:54,-7.6,-9.9,0.0,3.0,35.0
2026-08-09 04:17:54,-7.5,-9.8,0.0,3.0,35.0
2026-08-09 04:16:54,-7.5,-9.8,0.0,3.0,35.0
2026-08-09 04:15:54,-7.4,-9.7,0.0,3.0,35.0
2026-08-09 04:14:54,-7.3,-9.7,0.0,4.0,35.0
2026-08-09 04:13:54,-7.3,-9.6,1.0,3.0,35.0
2026-08-09 04:12:54,-7.2,-9.5,1.0,4.0,35.0
2026-08-09 04:11:54,-7.1,-9.5,1.0,4.0,34.0
2026-08-09 04:10:54,-7.0,-9.4,1.0,4.0,34.0
2026-08-09 04:09:54,-6.9,-9.3,1.0,4.0,34.0
2026-08-09 04:08:54,-6.8,-9.2,1.0,4.0,34.0
2026-08-09 04:07:54,-6.7,-9.1,1.0,4.0,34.0
2026-08-09 04:06:54,-6.6,-9.1,2.0,4.0,34.0
2026-08-09 04:05:54,-6.6,-9.0,2.0,4.0,34.0
2026-08-09 04:04:54,-6.4,-8.9,2.0,4.0,34.0
2026-08-09 04:03:54,-6.3,-8.8,2.0,5.0,34.0
2026-08-09 04:02:54,-6.2,-8.7,3.0,4.0,33.0
2026-08-09 04:01:54,-6.1,-8.6,3.0,5.0,33.0
2026-08-09 04:00:54,-5.9,-8.5,3.0,5.0,33.0
2026-08-09 03:59:54,-5.8,-8.4,3.0,5.0,33.0
2026-08-09 03:58:54,-5.6,-8.3,4.0,5.0,33.0
2026-08-09 03:57:54,-5.5,-8.1,4.0,5.0,33.0
2026-08-09 03:56:54,-5.3,-8.0,4.0,5.0,32.0
2026-08-09 03:55:54,-5.2,-7.9,5.0,5.0,32.0
2026-08-09 03:54:54,-5.0,-7.8,5.0,5.0,32.0
2026-08-09 03:53:54,-4.8,-7.7,5.0,5.0,32.0
2026-08-09 03:52:54,-4.6,-7.6,6.0,5.0,32.0
2026-08-09 03:51:54,-4.4,-7.6,6.0,5.0,32.0
2026-08-09 03:50:54,-4.3,-7.7,6.0,6.0,32.0
2026-08-09 03:49:54,-4.2,-8.0,7.0,6.0,33.0
2026-08-09 03:48:54,-4.6,-9.3,7.0,5.0,32.0
2026-08-09 03:47:54,-5.1,-11.1,7.0,5.0,31.0
2026-08-09 03:46:54,-5.0,-10.9,7.0,5.0,31.0
2026-08-09 03:45:54,-4.8,-10.8,7.0,5.0,31.0
2026-08-09 03:44:54,-4.6,-10.6,7.0,5.0,31.0
2026-08-09 03:43:54,-4.4,-10.4,7.0,5.0,30.0
2026-08-09 03:42:54,-4.2,-10.2,7.0,5.0,30.0
2026-08-09 03:41:54,-4.0,-10.0,7.0,5.0,30.0
2026-08-09 03:40:54,-3.7,-9.8,7.0,5.0,30.0
2026-08-09 03:39:54,-3.4,-9.6,7.0,5.0,29.0
2026-08-09 03:38:54,-3.1,-9.4,7.0,5.0,29.0
2026-08-09 03:37:54,-2.8,-9.2,7.0,5.0,28.0
2026-08-09 03:36:54,-2.4,-9.1,6.0,5.0,27.0
2026-08-09 03:35:54,-2.1,-8.9,6.0,5.0,27.0
2026-08-09 03:34:54,-1.9,-8.7,6.0,5.0,26.0
2026-08-09 03:33:54,-1.6,-8.5,6.0,5.0,26.0
2026-08-09 03:32:54,-1.4,-8.3,6.0,5.0,25.0
2026-08-09 03:31:54,-1.2,-8.2,6.0,5.0,25.0
2026-08-09 03:30:54,-1.1,-8.0,6.0,5.0,24.0
2026-08-09 03:29:54,-1.0,-8.0,6.0,5.0,24.0
2026-08-09 03:28:54,-1.0,-7.9,6.0,5.0,25.0
2026-08-09 03:27:54,-1.2,-7.9,6.0,5.0,25.0
2026-08-09 03:26:54,-1.4,-8.0,6.0,5.0,25.0
2026-08-09 03:25:54,-1.8,-8.1,5.0,4.0,26.0
2026-08-09 03:24:54,-2.3,-8.3,5.0,4.0,26.0
2026-08-09 03:23:54,-3.0,-8.7,5.0,4.0,26.0
2026-08-09 03:22:54,-4.0,-9.4,5.0,4.0,26.0
2026-08-09 03:21:54,-5.0,-10.0,5.0,4.0,26.0
2026-08-09 03:20:54,-5.9,-10.6,5.0,4.0,27.0
2026-08-09 03:19:54,-6.6,-11.1,5.0,4.0,27.0
2026-08-09 03:18:54,-7.1,-11.6,5.0,4.0,27.0
2026-08-09 03:17:54,-7.6,-12.0,5.0,4.0,27.0
2026-08-09 03:16:54,-8.2,-12.4,5.0,4.0,27.0
2026-08-09 03:15:54,-8.7,-12.8,4.0,4.0,27.0
2026-08-09 03:14:54,-9.3,-13.2,4.0,4.0,28.0
2026-08-09 03:13:54,-9.8,-13.6,4.0,4.0,28.0
2026-08-09 03:12:54,-10.4,-14.0,4.0,4.0,28.0
2026-08-09 03:11:54,-11.0,-14.4,4.0,4.0,28.0
2026-08-09 03:10:54,-11.7,-14.9,4.0,4.0,28.0
2026-08-09 03:09:54,-12.4,-15.4,4.0,4.0,29.0
2026-08-09 03:08:54,-13.1,-15.8,4.0,4.0,29.0
2026-08-09 03:07:54,-13.8,-16.3,3.0,4.0,29.0
2026-08-09 03:06:54,-14.6,-16.9,3.0,4.0,28.0
2026-08-09 03:05:54,-15.3,-17.4,3.0,4.0,28.0
2026-08-09 03:04:54,-15.9,-17.9,3.0,4.0,27.0
2026-08-09 03:03:54,-16.3,-18.4,3.0,4.0,27.0
2026-08-09 03:02:54,-16.4,-18.8,2.0,4.0,25.0
2026-08-09 03:01:54,-16.2,-19.1,2.0,4.0,22.0
2026-08-09 03:00:54,-16.0,-19.3,2.0,4.0,19.0
2026-08-09 02:59:54,-16.0,-19.2,2.0,4.0,19.0
2026-08-09 02:58:54,-15.9,-19.1,2.0,4.0,19.0
2026-08-09 02:57:54,-15.8,-19.0,2.0,4.0,20.0
2026-08-09 02:56:54,-15.8,-18.9,1.0,4.0,20.0
2026-08-09 02:55:54,-15.7,-18.8,1.0,4.0,20.0
2026-08-09 02:54:54,-15.6,-18.7,1.0,4.0,20.0
2026-08-09 02:53:54,-15.5,-18.6,1.0,4.0,20.0
2026-08-09 02:52:54,-15.4,-18.5,0.0,4.0,21.0
2026-08-09 02:51:54,-15.4,-18.4,0.0,4.0,21.0
2026-08-09 02:50:54,-15.3,-18.3,0.0,3.0,22.0
2026-08-09 02:49:54,-15.2,-18.1,0.0,3.0,22.0
2026-08-09 02:48:54,-15.2,-18.0,0.0,3.0,23.0
2026-08-09 02:47:54,-15.1,-17.8,0.0,3.0,24.0
2026-08-09 02:46:54,-15.1,-17.7,0.0,3.0,26.0
2026-08-09 02:45:54,-15.1,-17.6,0.0,3.0,28.0
2026-08-09 02:44:54,-15.1,-17.6,0.0,2.0,32.0
2026-08-09 02:43:54,-15.2,-17.6,0.0,3.0,32.0
2026-08-09 02:42:54,-15.3,-17.7,0.0,3.0,32.0
2026-08-09 02:41:54,-15.4,-17.8,0.0,3.0,32.0
2026-08-09 02:40:54,-15.5,-17.9,0.0,3.0,32.0
2026-08-09 02:39:54,-15.6,-18.0,0.0,3.0,32.0
2026-08-09 02:38:54,-15.7,-18.1,0.0,3.0,31.0
2026-08-09 02:37:54,-15.8,-18.2,0.0,3.0,31.0
2026-08-09 02:36:54,-15.9,-18.4,0.0,3.0,31.0
2026-08-09 02:35:54,-16.0,-18.5,0.0,4.0,31.0
2026-08-09 02:34:54,-16.2,-18.6,0.0,4.0,30.0
2026-08-09 02:33:54,-16.4,-18.8,0.0,4.0,30.0
2026-08-09 02:32:54,-16.5,-18.9,0.0,4.0,30.0
2026-08-09 02:31:54,-16.6,-19.1,0.0,4.0,29.0
2026-08-09 02:30:54,-16.8,-19.3,0.0,4.0,28.0
2026-08-09 02:29:54,-17.0,-19.5,1.0,4.0,28.0
2026-08-09 02:28:54,-17.2,-19.7,1.0,4.0,27.0
2026-08-09 02:27:54,-17.4,-20.0,2.0,4.0,26.0
2026-08-09 02:26:54,-17.6,-20.2,3.0,4.0,24.0
2026-08-09 02:25:54,-17.6,-20.5,4.0,4.0,22.0
2026-08-09 02:24:54,-17.6,-20.7,5.0,4.0,20.0
2026-08-09 02:23:54,-17.5,-20.8,6.0,4.0,18.0
2026-08-09 02:22:54,-17.5,-20.8,6.0,4.0,18.0
2026-08-09 02:21:54,-17.5,-20.7,6.0,4.0,18.0
2026-08-09 02:20:54,-17.5,-20.7,6.0,4.0,18.0
2026-08-09 02:19:54,-17.4,-20.7,6.0,4.0,18.0
2026-08-09 02:18:54,-17.4,-20.6,6.0,4.0,18.0
2026-08-09 02:17:54,-17.3,-20.6,6.0,4.0,18.0
2026-08-09 02:16:54,-17.3,-20.5,6.0,4.0,18.0
2026-08-09 02:15:54,-17.3,-20.5,5.0,4.0,18.0
2026-08-09 02:14:54,-17.2,-20.5,5.0,4.0,18.0
2026-08-09 02:13:54,-17.1,-20.5,5.0,4.0,18.0
2026-08-09 02:12:54,-17.1,-20.4,5.0,4.0,18.0
2026-08-09 02:11:54,-17.0,-20.4,5.0,4.0,18.0
2026-08-09 02:10:54,-17.0,-20.4,5.0,4.0,18.0
2026-08-09 02:09:54,-17.0,-20.3,5.0,4.0,18.0
2026-08-09 02:08:54,-17.0,-20.2,5.0,4.0,18.0
2026-08-09 02:07:54,-16.9,-20.2,5.0,4.0,18.0
2026-08-09 02:06:54,-16.9,-20.2,5.0,4.0,18.0
2026-08-09 02:05:54,-16.8,-20.1,4.0,4.0,18.0
2026-08-09 02:04:54,-16.7,-20.1,4.0,4.0,18.0
2026-08-09 02:03:54,-16.7,-20.0,4.0,4.0,18.0
2026-08-09 02:02:54,-16.7,-20.0,4.0,4.0,18.0
2026-08-09 02:01:54,-16.7,-19.9,4.0,4.0,18.0
2026-08-09 02:00:54,-16.6,-19.9,4.0,4.0,18.0
2026-08-09 01:59:54,-16.5,-19.8,4.0,4.0,18.0
2026-08-09 01:58:54,-16.5,-19.8,4.0,4.0,18.0
2026-08-09 01:57:54,-16.5,-19.7,3.0,4.0,18.0
2026-08-09 01:56:54,-16.4,-19.7,3.0,4.0,18.0
2026-08-09 01:55:54,-16.3,-19.6,3.0,4.0,18.0
2026-08-09 01:54:54,-16.3,-19.6,3.0,4.0,18.0
2026-08-09 01:53:54,-16.3,-19.5,3.0,4.0,19.0
2026-08-09 01:52:54,-16.2,-19.4,3.0,4.0,19.0
2026-08-09 01:51:54,-16.2,-19.4,3.0,4.0,19.0
2026-08-09 01:50:54,-16.1,-19.3,3.0,4.0,19.0
2026-08-09 01:49:54,-16.0,-19.2,2.0,4.0,19.0
2026-08-09 01:48:54,-15.9,-19.2,2.0,4.0,19.0
2026-08-09 01:47:54,-15.8,-19.1,2.0,4.0,19.0
2026-08-09 01:46:54,-15.8,-19.0,2.0,4.0,19.0
2026-08-09 01:45:54,-15.7,-18.9,2.0,4.0,20.0
2026-08-09 01:44:54,-15.6,-18.8,1.0,4.0,20.0
2026-08-09 01:43:54,-15.6,-18.7,1.0,4.0,20.0
2026-08-09 01:42:54,-15.5,-18.6,1.0,4.0,20.0
2026-08-09 01:41:54,-15.4,-18.5,1.0,4.0,20.0
2026-08-09 01:40:54,-15.3,-18.4,1.0,4.0,21.0
2026-08-09 01:39:54,-15.2,-18.3,0.0,4.0,21.0
2026-08-09 01:38:54,-15.1,-18.1,0.0,4.0,22.0
2026-08-09 01:37:54,-15.1,-18.0,0.0,3.0,22.0
2026-08-09 01:36:54,-15.0,-17.9,0.0,3.0,23.0
2026-08-09 01:35:54,-15.0,-17.7,0.0,4.0,24.0
2026-08-09 01:34:54,-14.9,-17.6,0.0,3.0,25.0
2026-08-09 01:33:54,-14.8,-17.4,0.0,3.0,27.0
2026-08-09 01:32:54,-14.9,-17.4,0.0,2.0,32.0
2026-08-09 01:31:54,-15.0,-17.5,0.0,2.0,32.0
2026-08-09 01:30:54,-15.1,-17.5,0.0,3.0,32.0
2026-08-09 01:29:54,-15.1,-17.6,0.0,3.0,32.0
2026-08-09 01:28:54,-15.2,-17.7,0.0,3.0,32.0
2026-08-09 01:27:54,-15.4,-17.8,0.0,3.0,32.0
2026-08-09 01:26:54,-15.5,-17.9,0.0,3.0,31.0
2026-08-09 01:25:54,-15.6,-18.0,0.0,3.0,31.0
2026-08-09 01:24:54,-15.7,-18.1,0.0,3.0,31.0
2026-08-09 01:23:54,-15.9,-18.3,0.0,3.0,31.0
2026-08-09 01:22:54,-16.0,-18.4,0.0,4.0,31.0
2026-08-09 01:21:54,-16.1,-18.5,0.0,4.0,30.0
2026-08-09 01:20:54,-16.3,-18.7,0.0,4.0,30.0
2026-08-09 01:19:54,-16.4,-18.8,0.0,4.0,29.0
2026-08-09 01:18:54,-16.6,-19.0,0.0,4.0,29.0
2026-08-09 01:17:54,-16.8,-19.2,0.0,4.0,28.0
2026-08-09 01:16:54,-17.0,-19.4,1.0,4.0,27.0
2026-08-09 01:15:54,-17.1,-19.6,1.0,4.0,27.0
2026-08-09 01:14:54,-17.3,-19.9,2.0,4.0,26.0
2026-08-09 01:13:54,-17.5,-20.1,3.0,4.0,24.0
2026-08-09 01:12:54,-17.5,-20.4,4.0,4.0,22.0
2026-08-09 01:11:54,-17.5,-20.6,5.0,4.0,20.0
2026-08-09 01:10:54,-17.4,-20.6,6.0,4.0,18.0
2026-08-09 01:09:54,-17.3,-20.6,6.0,4.0,18.0
2026-08-09 01:08:54,-17.3,-20.6,6.0,4.0,18.0
2026-08-09 01:07:54,-17.3,-20.5,6.0,4.0,18.0
2026-08-09 01:06:54,-17.3,-20.5,6.0,4.0,18.0
2026-08-09 01:05:54,-17.2,-20.5,6.0,4.0,18.0
2026-08-09 01:04:54,-17.2,-20.5,6.0,4.0,18.0
2026-08-09 01:03:54,-17.1,-20.4,6.0,4.0,18.0
2026-08-09 01:02:54,-17.1,-20.4,5.0,4.0,18.0
2026-08-09 01:01:54,-17.1,-20.3,5.0,4.0,18.0
2026-08-09 01:00:54,-17.0,-20.3,5.0,4.0,18.0
2026-08-09 00:59:54,-16.9,-20.3,5.0,4.0,18.0
2026-08-09 00:58:54,-16.9,-20.2,5.0,4.0,18.0
2026-08-09 00:57:54,-16.9,-20.2,5.0,4.0,18.0
2026-08-09 00:56:54,-16.8,-20.1,5.0,4.0,18.0
2026-08-09 00:55:54,-16.8,-20.1,5.0,4.0,18.0
2026-08-09 00:54:54,-16.8,-20.1,5.0,4.0,18.0
2026-08-09 00:53:54,-16.8,-20.0,5.0,4.0,18.0
2026-08-09 00:52:54,-16.6,-20.0,4.0,4.0,18.0
2026-08-09 00:51:54,-16.6,-19.9,4.0,4.0,18.0
2026-08-09 00:50:54,-16.6,-19.9,4.0,4.0,18.0
2026-08-09 00:49:54,-16.5,-19.8,4.0,4.0,18.0
2026-08-09 00:48:54,-16.5,-19.8,4.0,4.0,18.0
2026-08-09 00:47:54,-16.5,-19.7,4.0,4.0,18.0
2026-08-09 00:46:54,-16.4,-19.7,4.0,4.0,18.0
2026-08-09 00:45:54,-16.4,-19.6,4.0,4.0,18.0
2026-08-09 00:44:54,-16.3,-19.5,3.0,4.0,18.0
2026-08-09 00:43:54,-16.3,-19.5,3.0,4.0,18.0
2026-08-09 00:42:54,-16.2,-19.4,3.0,4.0,18.0
2026-08-09 00:41:54,-16.1,-19.4,3.0,4.0,18.0
2026-08-09 00:40:54,-16.0,-19.3,3.0,4.0,19.0
2026-08-09 00:39:54,-16.0,-19.2,3.0,4.0,19.0
2026-08-09 00:38:54,-15.9,-19.1,3.0,4.0,19.0
2026-08-09 00:37:54,-15.9,-19.1,2.0,4.0,19.0
2026-08-09 00:36:54,-15.8,-19.0,2.0,4.0,19.0
2026-08-09 00:35:54,-15.7,-18.9,2.0,4.0,19.0
2026-08-09 00:34:54,-15.7,-18.8,2.0,4.0,19.0
2026-08-09 00:33:54,-15.5,-18.7,2.0,4.0,20.0
2026-08-09 00:32:54,-15.4,-18.6,1.0,4.0,20.0
2026-08-09 00:31:54,-15.4,-18.5,1.0,4.0,20.0
2026-08-09 00:30:54,-15.3,-18.4,1.0,4.0,20.0
2026-08-09 00:29:54,-15.2,-18.3,1.0,4.0,20.0
2026-08-09 00:28:54,-15.2,-18.2,1.0,4.0,21.0
2026-08-09 00:27:54,-15.1,-18.1,0.0,4.0,21.0
2026-08-09 00:26:54,-15.0,-17.9,0.0,4.0,21.0
2026-08-09 00:25:54,-15.0,-17.8,0.0,4.0,22.0
2026-08-09 00:24:54,-14.9,-17.7,0.0,3.0,23.0
2026-08-09 00:23:54,-14.8,-17.5,0.0,4.0,23.0
2026-08-09 00:22:54,-14.7,-17.4,0.0,3.0,25.0
2026-08-09 00:21:54,-14.6,-17.2,0.0,3.0,27.0
2026-08-09 00:20:54,-14.6,-17.2,0.0,2.0,31.0
2026-08-09 00:19:54,-14.7,-17.2,0.0,3.0,32.0
2026-08-09 00:18:54,-14.8,-17.3,0.0,3.0,32.0
2026-08-09 00:17:54,-14.9,-17.4,0.0,3.0,32.0
2026-08-09 00:16:54,-15.0,-17.4,0.0,3.0,32.0
2026-08-09 00:15:54,-15.1,-17.5,0.0,3.0,32.0
2026-08-09 00:14:54,-15.2,-17.6,0.0,3.0,32.0
2026-08-09 00:13:54,-15.3,-17.7,0.0,3.0,31.0
2026-08-09 00:12:54,-15.4,-17.8,0.0,3.0,31.0
2026-08-09 00:11:54,-15.5,-17.9,0.0,3.0,31.0
2026-08-09 00:10:54,-15.7,-18.0,0.0,4.0,31.0
2026-08-09 00:09:54,-15.8,-18.2,0.0,4.0,30.0
2026-08-09 00:08:54,-15.9,-18.3,0.0,4.0,30.0
2026-08-09 00:07:54,-16.0,-18.5,0.0,4.0,30.0
2026-08-09 00:06:54,-16.2,-18.6,0.0,4.0,29.0
2026-08-09 00:05:54,-16.4,-18.8,0.0,4.0,29.0
2026-08-09 00:04:54,-16.6,-19.0,0.0,3.0,28.0
2026-08-09 00:03:54,-16.8,-19.2,1.0,3.0,27.0
2026-08-09 00:02:54,-17.0,-19.5,1.0,3.0,26.0
2026-08-09 00:01:54,-17.2,-19.7,2.0,3.0,25.0
2026-08-09 00:00:54,-17.3,-20.0,3.0,3.0,23.0
2026-08-08 23:59:54,-17.4,-20.3,3.0,4.0,21.0
2026-08-08 23:58:54,-17.4,-20.5,5.0,4.0,19.0
2026-08-08 23:57:54,-17.3,-20.5,5.0,3.0,17.0
2026-08-08 23:56:54,-17.3,-20.5,5.0,3.0,18.0
2026-08-08 23:55:54,-17.2,-20.5,5.0,3.0,18.0
2026-08-08 23:54:54,-17.2,-20.4,5.0,3.0,18.0
2026-08-08 23:53:54,-17.1,-20.4,5.0,4.0,18.0
2026-08-08 23:52:54,-17.1,-20.3,5.0,4.0,18.0
2026-08-08 23:51:54,-17.1,-20.3,5.0,4.0,18.0
2026-08-08 23:50:54,-17.0,-20.3,5.0,4.0,18.0
2026-08-08 23:49:54,-16.9,-20.2,5.0,4.0,18.0
2026-08-08 23:48:54,-16.9,-20.2,5.0,4.0,18.0
2026-08-08 23:47:54,-16.9,-20.1,5.0,4.0,18.0
2026-08-08 23:46:54,-16.8,-20.1,5.0,4.0,18.0
2026-08-08 23:45:54,-16.7,-20.0,5.0,4.0,19.0
2026-08-08 23:44:54,-16.7,-20.0,6.0,4.0,19.0
2026-08-08 23:43:54,-16.7,-19.9,6.0,4.0,19.0
2026-08-08 23:42:54,-16.6,-19.8,6.0,5.0,17.0
2026-08-08 23:41:54,-16.5,-19.8,5.0,4.0,17.0
2026-08-08 23:40:54,-16.4,-19.8,3.0,4.0,17.0
2026-08-08 23:39:54,-16.5,-19.7,3.0,4.0,18.0
2026-08-08 23:38:54,-16.4,-19.6,3.0,4.0,18.0
2026-08-08 23:37:54,-16.3,-19.6,3.0,4.0,18.0
2026-08-08 23:36:54,-16.3,-19.5,3.0,4.0,18.0
2026-08-08 23:35:54,-16.1,-19.4,2.0,4.0,18.0
2026-08-08 23:34:54,-16.1,-19.3,2.0,4.0,18.0
2026-08-08 23:33:54,-16.0,-19.2,2.0,4.0,18.0
2026-08-08 23:32:54,-15.9,-19.1,2.0,4.0,18.0
2026-08-08 23:31:54,-15.9,-19.1,1.0,4.0,19.0
2026-08-08 23:30:54,-15.8,-19.0,1.0,4.0,19.0
2026-08-08 23:29:54,-15.7,-18.8,1.0,4.0,19.0
2026-08-08 23:28:54,-15.7,-18.7,1.0,4.0,19.0
2026-08-08 23:27:54,-15.5,-18.6,1.0,4.0,20.0
2026-08-08 23:26:54,-15.5,-18.5,0.0,4.0,20.0
2026-08-08 23:25:54,-15.4,-18.4,0.0,4.0,20.0
2026-08-08 23:24:54,-15.4,-18.2,0.0,4.0,21.0
2026-08-08 23:23:54,-15.3,-18.1,0.0,4.0,21.0
2026-08-08 23:22:54,-15.2,-18.0,0.0,3.0,22.0
2026-08-08 23:21:54,-15.1,-17.8,0.0,3.0,23.0
2026-08-08 23:20:54,-15.1,-17.7,0.0,3.0,26.0
2026-08-08 23:19:54,-15.0,-17.6,0.0,3.0,29.0
2026-08-08 23:18:54,-15.1,-17.6,0.0,3.0,31.0
2026-08-08 23:17:54,-15.2,-17.7,0.0,3.0,31.0
2026-08-08 23:16:54,-15.2,-17.8,0.0,3.0,31.0
2026-08-08 23:15:54,-15.4,-17.9,0.0,3.0,31.0
2026-08-08 23:14:54,-15.5,-18.0,0.0,3.0,31.0
2026-08-08 23:13:54,-15.6,-18.1,0.0,3.0,31.0
2026-08-08 23:12:54,-15.8,-18.2,0.0,3.0,30.0
2026-08-08 23:11:54,-15.9,-18.3,0.0,3.0,30.0
2026-08-08 23:10:54,-16.0,-18.4,0.0,3.0,30.0
2026-08-08 23:09:54,-16.1,-18.5,0.0,4.0,30.0
2026-08-08 23:08:54,-16.2,-18.7,0.0,4.0,30.0
2026-08-08 23:07:54,-16.4,-18.8,0.0,4.0,29.0
2026-08-08 23:06:54,-16.5,-19.0,0.0,4.0,29.0
2026-08-08 23:05:54,-16.7,-19.1,0.0,4.0,28.0
2026-08-08 23:04:54,-16.9,-19.3,0.0,4.0,27.0
2026-08-08 23:03:54,-17.1,-19.5,1.0,4.0,27.0
2026-08-08 23:02:54,-17.3,-19.7,1.0,4.0,26.0
2026-08-08 23:01:54,-17.4,-20.0,2.0,4.0,25.0
2026-08-08 23:00:54,-17.5,-20.2,3.0,4.0,23.0
2026-08-08 22:59:54,-17.6,-20.5,4.0,4.0,21.0
2026-08-08 22:58:54,-17.5,-20.7,6.0,5.0,19.0
2026-08-08 22:57:54,-17.4,-20.7,6.0,5.0,17.0
2026-08-08 22:56:54,-17.4,-20.7,6.0,4.0,17.0
2026-08-08 22:55:54,-17.3,-20.6,6.0,4.0,17.0
2026-08-08 22:54:54,-17.3,-20.6,6.0,4.0,17.0
2026-08-08 22:53:54,-17.3,-20.6,6.0,5.0,17.0
2026-08-08 22:52:54,-17.3,-20.5,6.0,4.0,17.0
2026-08-08 22:51:54,-17.2,-20.5,6.0,4.0,17.0
2026-08-08 22:50:54,-17.2,-20.5,6.0,4.0,17.0
2026-08-08 22:49:54,-17.1,-20.4,6.0,4.0,17.0
2026-08-08 22:48:54,-17.1,-20.4,6.0,5.0,17.0
2026-08-08 22:47:54,-17.0,-20.3,6.0,4.0,17.0
2026-08-08 22:46:54,-17.0,-20.3,5.0,4.0,17.0
2026-08-08 22:45:54,-16.9,-20.2,5.0,4.0,17.0
2026-08-08 22:44:54,-16.9,-20.2,5.0,4.0,17.0
2026-08-08 22:43:54,-16.8,-20.2,5.0,4.0,17.0
2026-08-08 22:42:54,-16.8,-20.1,5.0,4.0,17.0
2026-08-08 22:41:54,-16.7,-20.1,5.0,4.0,17.0
2026-08-08 22:40:54,-16.7,-20.0,5.0,4.0,17.0
2026-08-08 22:39:54,-16.7,-19.9,5.0,4.0,18.0
2026-08-08 22:38:54,-16.6,-19.9,5.0,4.0,18.0
2026-08-08 22:37:54,-16.6,-19.9,4.0,4.0,18.0
2026-08-08 22:36:54,-16.5,-19.8,4.0,4.0,18.0
2026-08-08 22:35:54,-16.5,-19.8,4.0,4.0,18.0
2026-08-08 22:34:54,-16.5,-19.7,4.0,4.0,18.0
2026-08-08 22:33:54,-16.4,-19.7,4.0,4.0,18.0
2026-08-08 22:32:54,-16.3,-19.6,4.0,4.0,18.0
2026-08-08 22:31:54,-16.2,-19.5,4.0,4.0,18.0
2026-08-08 22:30:54,-16.2,-19.5,4.0,4.0,18.0
2026-08-08 22:29:54,-16.1,-19.4,3.0,4.0,18.0
2026-08-08 22:28:54,-16.1,-19.3,3.0,4.0,18.0
2026-08-08 22:27:54,-16.0,-19.2,3.0,4.0,18.0
2026-08-08 22:26:54,-15.9,-19.2,3.0,4.0,18.0
2026-08-08 22:25:54,-15.8,-19.1,3.0,4.0,18.0
2026-08-08 22:24:54,-15.8,-19.0,3.0,4.0,19.0
2026-08-08 22:23:54,-15.7,-19.0,2.0,4.0,19.0
2026-08-08 22:22:54,-15.7,-18.9,2.0,4.0,19.0
2026-08-08 22:21:54,-15.6,-18.8,2.0,4.0,19.0
2026-08-08 22:20:54,-15.5,-18.7,2.0,4.0,19.0
2026-08-08 22:19:54,-15.4,-18.6,2.0,4.0,20.0
2026-08-08 22:18:54,-15.3,-18.5,1.0,4.0,20.0
2026-08-08 22:17:54,-15.2,-18.4,1.0,4.0,20.0
2026-08-08 22:16:54,-15.1,-18.3,1.0,4.0,20.0
2026-08-08 22:15:54,-15.1,-18.1,1.0,4.0,21.0
2026-08-08 22:14:54,-15.0,-18.0,0.0,4.0,21.0
2026-08-08 22:13:54,-14.9,-17.9,0.0,4.0,21.0
2026-08-08 22:12:54,-14.9,-17.8,0.0,4.0,22.0
2026-08-08 22:11:54,-14.8,-17.6,0.0,4.0,23.0
2026-08-08 22:10:54,-14.7,-17.4,0.0,3.0,24.0
2026-08-08 22:09:54,-14.6,-17.3,0.0,3.0,25.0
2026-08-08 22:08:54,-14.6,-17.2,0.0,3.0,28.0
2026-08-08 22:07:54,-14.7,-17.1,0.0,3.0,32.0
2026-08-08 22:06:54,-14.7,-17.2,0.0,3.0,32.0
2026-08-08 22:05:54,-14.9,-17.3,0.0,3.0,32.0
2026-08-08 22:04:54,-14.9,-17.4,0.0,3.0,32.0
2026-08-08 22:03:54,-15.0,-17.5,0.0,3.0,32.0
2026-08-08 22:02:54,-15.1,-17.6,0.0,3.0,31.0
2026-08-08 22:01:54,-15.2,-17.7,0.0,3.0,31.0
2026-08-08 22:00:54,-15.4,-17.8,0.0,4.0,31.0
2026-08-08 21:59:54,-15.4,-17.9,0.0,4.0,31.0
2026-08-08 21:58:54,-15.6,-18.0,0.0,4.0,30.0
2026-08-08 21:57:54,-15.8,-18.2,0.0,4.0,30.0
2026-08-08 21:56:54,-15.9,-18.3,0.0,4.0,30.0
2026-08-08 21:55:54,-16.1,-18.5,0.0,4.0,29.0
2026-08-08 21:54:54,-16.2,-18.6,0.0,4.0,29.0
2026-08-08 21:53:54,-16.4,-18.8,0.0,4.0,28.0
2026-08-08 21:52:54,-16.5,-19.0,1.0,4.0,28.0
2026-08-08 21:51:54,-16.7,-19.2,1.0,4.0,27.0
2026-08-08 21:50:54,-16.9,-19.4,2.0,5.0,26.0
2026-08-08 21:49:54,-17.1,-19.7,3.0,5.0,24.0
2026-08-08 21:48:54,-17.1,-19.9,4.0,5.0,23.0
2026-08-08 21:47:54,-17.1,-20.1,5.0,5.0,20.0
2026-08-08 21:46:54,-16.9,-20.2,6.0,5.0,18.0
2026-08-08 21:45:54,-16.9,-20.2,6.0,5.0,18.0
2026-08-08 21:44:54,-16.8,-20.2,6.0,5.0,18.0
2026-08-08 21:43:54,-16.8,-20.1,6.0,5.0,18.0
2026-08-08 21:42:54,-16.8,-20.1,6.0,5.0,18.0
2026-08-08 21:41:54,-16.8,-20.0,6.0,4.0,18.0
2026-08-08 21:40:54,-16.7,-20.0,6.0,4.0,18.0
2026-08-08 21:39:54,-16.7,-20.0,6.0,4.0,18.0
2026-08-08 21:38:54,-16.6,-19.9,6.0,5.0,18.0
2026-08-08 21:37:54,-16.6,-19.9,6.0,5.0,18.0
2026-08-08 21:36:54,-16.5,-19.8,5.0,5.0,18.0
2026-08-08 21:35:54,-16.5,-19.8,5.0,4.0,18.0
2026-08-08 21:34:54,-16.5,-19.7,5.0,4.0,18.0
2026-08-08 21:33:54,-16.5,-19.7,5.0,4.0,18.0
2026-08-08 21:32:54,-16.4,-19.7,5.0,4.0,18.0
2026-08-08 21:31:54,-16.3,-19.6,5.0,4.0,18.0
2026-08-08 21:30:54,-16.3,-19.6,5.0,4.0,18.0
2026-08-08 21:29:54,-16.3,-19.5,5.0,4.0,18.0
2026-08-08 21:28:54,-16.2,-19.4,5.0,4.0,18.0
2026-08-08 21:27:54,-16.1,-19.4,4.0,4.0,18.0
2026-08-08 21:26:54,-16.0,-19.3,4.0,4.0,18.0
2026-08-08 21:25:54,-16.0,-19.3,4.0,4.0,18.0
2026-08-08 21:24:54,-15.9,-19.2,4.0,4.0,18.0
2026-08-08 21:23:54,-15.9,-19.1,4.0,4.0,18.0
2026-08-08 21:22:54,-15.8,-19.1,4.0,4.0,18.0
2026-08-08 21:21:54,-15.7,-19.0,4.0,4.0,19.0
2026-08-08 21:20:54,-15.7,-18.9,3.0,4.0,19.0
2026-08-08 21:19:54,-15.6,-18.9,3.0,4.0,19.0
2026-08-08 21:18:54,-15.5,-18.8,3.0,4.0,19.0
2026-08-08 21:17:54,-15.4,-18.7,3.0,4.0,19.0
2026-08-08 21:16:54,-15.4,-18.7,3.0,4.0,19.0
2026-08-08 21:15:54,-15.4,-18.6,3.0,4.0,19.0
2026-08-08 21:14:54,-15.3,-18.5,3.0,4.0,19.0
2026-08-08 21:13:54,-15.2,-18.4,2.0,4.0,20.0
2026-08-08 21:12:54,-15.1,-18.3,2.0,4.0,20.0
2026-08-08 21:11:54,-15.0,-18.2,2.0,4.0,20.0
2026-08-08 21:10:54,-14.9,-18.1,2.0,4.0,20.0
2026-08-08 21:09:54,-14.8,-18.0,1.0,4.0,20.0
2026-08-08 21:08:54,-14.8,-17.9,1.0,4.0,21.0
2026-08-08 21:07:54,-14.7,-17.8,1.0,4.0,21.0
2026-08-08 21:06:54,-14.6,-17.7,1.0,4.0,21.0
2026-08-08 21:05:54,-14.5,-17.5,0.0,4.0,22.0
2026-08-08 21:04:54,-14.4,-17.4,0.0,4.0,23.0
2026-08-08 21:03:54,-14.3,-17.3,0.0,4.0,23.0
2026-08-08 21:02:54,-14.3,-17.1,0.0,4.0,24.0
2026-08-08 21:01:54,-14.2,-17.0,0.0,4.0,26.0
2026-08-08 21:00:54,-14.2,-16.8,0.0,3.0,27.0
2026-08-08 20:59:54,-14.3,-16.7,0.0,3.0,32.0
2026-08-08 20:58:54,-14.4,-16.8,0.0,3.0,33.0
2026-08-08 20:57:54,-14.4,-16.9,0.0,3.0,33.0
2026-08-08 20:56:54,-14.5,-16.9,0.0,3.0,33.0
2026-08-08 20:55:54,-14.6,-17.1,0.0,3.0,32.0
2026-08-08 20:54:54,-14.7,-17.2,0.0,3.0,32.0
2026-08-08 20:53:54,-14.8,-17.2,0.0,4.0,32.0
2026-08-08 20:52:54,-14.9,-17.3,0.0,4.0,32.0
2026-08-08 20:51:54,-15.1,-17.5,0.0,4.0,32.0
2026-08-08 20:50:54,-15.2,-17.6,0.0,4.0,31.0
2026-08-08 20:49:54,-15.3,-17.7,0.0,4.0,31.0
2026-08-08 20:48:54,-15.4,-17.8,0.0,4.0,31.0
2026-08-08 20:47:54,-15.6,-18.0,0.0,4.0,30.0
2026-08-08 20:46:54,-15.7,-18.1,0.0,4.0,30.0
2026-08-08 20:45:54,-15.9,-18.3,0.0,5.0,29.0
2026-08-08 20:44:54,-16.1,-18.5,1.0,5.0,29.0
2026-08-08 20:43:54,-16.3,-18.7,1.0,5.0,28.0
2026-08-08 20:42:54,-16.4,-18.9,2.0,5.0,27.0
2026-08-08 20:41:54,-16.5,-19.1,3.0,5.0,26.0
2026-08-08 20:40:54,-16.7,-19.4,3.0,5.0,24.0
2026-08-08 20:39:54,-16.7,-19.6,4.0,5.0,22.0
2026-08-08 20:38:54,-16.6,-19.8,6.0,5.0,19.0
2026-08-08 20:37:54,-16.5,-19.8,6.0,5.0,18.0
2026-08-08 20:36:54,-16.5,-19.7,6.0,5.0,18.0
2026-08-08 20:35:54,-16.5,-19.7,6.0,5.0,18.0
2026-08-08 20:34:54,-16.4,-19.7,6.0,5.0,18.0
2026-08-08 20:33:54,-16.4,-19.6,6.0,5.0,18.0
2026-08-08 20:32:54,-16.3,-19.6,6.0,4.0,18.0
2026-08-08 20:31:54,-16.3,-19.6,6.0,5.0,18.0
2026-08-08 20:30:54,-16.2,-19.5,6.0,4.0,18.0
2026-08-08 20:29:54,-16.2,-19.5,5.0,4.0,18.0
2026-08-08 20:28:54,-16.1,-19.4,5.0,4.0,18.0
2026-08-08 20:27:54,-16.1,-19.4,5.0,4.0,18.0
2026-08-08 20:26:54,-16.0,-19.3,5.0,4.0,18.0
2026-08-08 20:25:54,-16.0,-19.3,5.0,4.0,18.0
2026-08-08 20:24:54,-15.9,-19.2,5.0,4.0,19.0
2026-08-08 20:23:54,-15.8,-19.2,5.0,5.0,19.0
2026-08-08 20:22:54,-15.8,-19.1,5.0,4.0,19.0
2026-08-08 20:21:54,-15.8,-19.1,4.0,4.0,19.0
2026-08-08 20:20:54,-15.7,-19.0,4.0,4.0,19.0
2026-08-08 20:19:54,-15.7,-19.0,4.0,4.0,19.0
2026-08-08 20:18:54,-15.6,-18.9,4.0,4.0,19.0
2026-08-08 20:17:54,-15.6,-18.9,4.0,4.0,19.0
2026-08-08 20:16:54,-15.5,-18.8,4.0,4.0,19.0
2026-08-08 20:15:54,-15.5,-18.7,4.0,4.0,19.0
2026-08-08 20:14:54,-15.4,-18.7,4.0,4.0,19.0
2026-08-08 20:13:54,-15.3,-18.6,3.0,4.0,20.0
2026-08-08 20:12:54,-15.3,-18.5,3.0,4.0,20.0
2026-08-08 20:11:54,-15.2,-18.4,3.0,4.0,20.0
2026-08-08 20:10:54,-15.1,-18.4,3.0,4.0,20.0
2026-08-08 20:09:54,-15.1,-18.3,3.0,4.0,20.0
2026-08-08 20:08:54,-15.0,-18.2,3.0,4.0,20.0
2026-08-08 20:07:54,-14.9,-18.1,2.0,4.0,20.0
2026-08-08 20:06:54,-14.7,-18.0,2.0,4.0,20.0
2026-08-08 20:05:54,-14.7,-18.0,2.0,4.0,21.0
2026-08-08 20:04:54,-14.6,-17.9,2.0,4.0,21.0
2026-08-08 20:03:54,-14.5,-17.7,2.0,4.0,21.0
2026-08-08 20:02:54,-14.4,-17.6,1.0,4.0,21.0
2026-08-08 20:01:54,-14.4,-17.5,1.0,4.0,22.0
2026-08-08 20:00:54,-14.3,-17.4,1.0,4.0,22.0
2026-08-08 19:59:54,-14.3,-17.3,1.0,4.0,23.0
2026-08-08 19:58:54,-14.2,-17.1,0.0,4.0,23.0
2026-08-08 19:57:54,-14.1,-17.0,0.0,4.0,23.0
2026-08-08 19:56:54,-14.0,-16.9,0.0,4.0,24.0
2026-08-08 19:55:54,-14.0,-16.7,0.0,4.0,26.0
2026-08-08 19:54:54,-14.0,-16.6,0.0,4.0,27.0
2026-08-08 19:53:54,-13.9,-16.5,0.0,3.0,30.0
2026-08-08 19:52:54,-14.0,-16.4,0.0,3.0,34.0
2026-08-08 19:51:54,-14.1,-16.5,0.0,3.0,34.0
2026-08-08 19:50:54,-14.2,-16.6,0.0,3.0,34.0
2026-08-08 19:49:54,-14.3,-16.6,0.0,3.0,34.0
2026-08-08 19:48:54,-14.3,-16.7,0.0,3.0,34.0
2026-08-08 19:47:54,-14.4,-16.8,0.0,4.0,33.0
2026-08-08 19:46:54,-14.5,-16.9,0.0,4.0,33.0
2026-08-08 19:45:54,-14.6,-17.0,0.0,4.0,33.0
2026-08-08 19:44:54,-14.7,-17.1,0.0,4.0,33.0
2026-08-08 19:43:54,-14.8,-17.2,0.0,4.0,32.0
2026-08-08 19:42:54,-15.0,-17.4,0.0,4.0,32.0
2026-08-08 19:41:54,-15.2,-17.5,0.0,4.0,32.0
2026-08-08 19:40:54,-15.3,-17.6,0.0,4.0,31.0
2026-08-08 19:39:54,-15.5,-17.8,0.0,4.0,31.0
2026-08-08 19:38:54,-15.7,-18.0,1.0,4.0,30.0
2026-08-08 19:37:54,-15.8,-18.2,1.0,4.0,30.0
2026-08-08 19:36:54,-16.0,-18.4,1.0,4.0,29.0
2026-08-08 19:35:54,-16.2,-18.7,2.0,3.0,28.0
2026-08-08 19:34:54,-16.4,-18.9,2.0,4.0,26.0
2026-08-08 19:33:54,-16.5,-19.2,2.0,4.0,24.0
2026-08-08 19:32:54,-16.5,-19.5,4.0,4.0,22.0
2026-08-08 19:31:54,-16.3,-19.6,5.0,4.0,19.0
2026-08-08 19:30:54,-16.3,-19.6,5.0,4.0,19.0
2026-08-08 19:29:54,-16.3,-19.5,5.0,4.0,19.0
2026-08-08 19:28:54,-16.2,-19.5,6.0,4.0,19.0
2026-08-08 19:27:54,-16.2,-19.4,6.0,4.0,20.0
2026-08-08 19:26:54,-16.2,-19.4,6.0,5.0,20.0
2026-08-08 19:25:54,-16.1,-19.3,7.0,5.0,19.0
2026-08-08 19:24:54,-16.1,-19.3,5.0,4.0,19.0
2026-08-08 19:23:54,-16.0,-19.3,5.0,4.0,19.0
2026-08-08 19:22:54,-16.0,-19.2,4.0,4.0,19.0
2026-08-08 19:21:54,-16.0,-19.2,4.0,4.0,19.0
2026-08-08 19:20:54,-16.0,-19.1,4.0,4.0,19.0
2026-08-08 19:19:54,-15.9,-19.1,4.0,4.0,19.0
2026-08-08 19:18:54,-15.8,-19.0,4.0,4.0,19.0
2026-08-08 19:17:54,-15.8,-19.0,4.0,4.0,19.0
2026-08-08 19:16:54,-15.7,-18.9,4.0,4.0,19.0
2026-08-08 19:15:54,-15.6,-18.9,3.0,4.0,19.0
2026-08-08 19:14:54,-15.6,-18.8,3.0,4.0,19.0
2026-08-08 19:13:54,-15.5,-18.7,3.0,4.0,19.0
2026-08-08 19:12:54,-15.4,-18.7,3.0,4.0,20.0
2026-08-08 19:11:54,-15.4,-18.6,3.0,4.0,20.0
2026-08-08 19:10:54,-15.3,-18.5,3.0,4.0,20.0
2026-08-08 19:09:54,-15.2,-18.5,3.0,4.0,20.0
2026-08-08 19:08:54,-15.1,-18.4,2.0,4.0,20.0
2026-08-08 19:07:54,-15.1,-18.3,2.0,4.0,20.0
2026-08-08 19:06:54,-15.0,-18.2,2.0,4.0,20.0
2026-08-08 19:05:54,-14.9,-18.1,2.0,4.0,21.0
2026-08-08 19:04:54,-14.8,-18.0,2.0,4.0,21.0
2026-08-08 19:03:54,-14.8,-17.9,1.0,4.0,21.0
2026-08-08 19:02:54,-14.7,-17.8,1.0,4.0,21.0
2026-08-08 19:01:54,-14.6,-17.7,1.0,4.0,22.0
2026-08-08 19:00:54,-14.6,-17.5,1.0,4.0,22.0
2026-08-08 18:59:54,-14.5,-17.4,0.0,4.0,23.0
2026-08-08 18:58:54,-14.4,-17.3,0.0,4.0,23.0
2026-08-08 18:57:54,-14.3,-17.1,0.0,4.0,24.0
2026-08-08 18:56:54,-14.3,-17.0,0.0,4.0,25.0
2026-08-08 18:55:54,-14.2,-16.8,0.0,3.0,27.0
2026-08-08 18:54:54,-14.2,-16.7,0.0,3.0,29.0
2026-08-08 18:53:54,-14.2,-16.6,0.0,3.0,34.0
2026-08-08 18:52:54,-14.3,-16.7,0.0,3.0,34.0
2026-08-08 18:51:54,-14.4,-16.8,0.0,3.0,33.0
2026-08-08 18:50:54,-14.5,-16.9,0.0,3.0,33.0
2026-08-08 18:49:54,-14.6,-17.0,0.0,3.0,33.0
2026-08-08 18:48:54,-14.7,-17.1,0.0,3.0,33.0
2026-08-08 18:47:54,-14.7,-17.2,0.0,3.0,33.0
2026-08-08 18:46:54,-14.8,-17.3,0.0,4.0,33.0
2026-08-08 18:45:54,-15.0,-17.4,0.0,4.0,32.0
2026-08-08 18:44:54,-15.1,-17.5,0.0,4.0,32.0
2026-08-08 18:43:54,-15.3,-17.7,0.0,4.0,32.0
2026-08-08 18:42:54,-15.4,-17.8,0.0,4.0,31.0
2026-08-08 18:41:54,-15.5,-17.9,0.0,4.0,31.0
2026-08-08 18:40:54,-15.7,-18.1,0.0,4.0,30.0
2026-08-08 18:39:54,-15.9,-18.3,0.0,4.0,30.0
2026-08-08 18:38:54,-16.1,-18.5,1.0,4.0,29.0
2026-08-08 18:37:54,-16.2,-18.7,1.0,4.0,28.0
2026-08-08 18:36:54,-16.4,-18.9,2.0,4.0,27.0
2026-08-08 18:35:54,-16.6,-19.2,2.0,3.0,26.0
2026-08-08 18:34:54,-16.7,-19.5,3.0,4.0,24.0
2026-08-08 18:33:54,-16.7,-19.7,4.0,4.0,22.0
2026-08-08 18:32:54,-16.6,-19.9,6.0,4.0,19.0
2026-08-08 18:31:54,-16.6,-19.8,5.0,4.0,18.0
2026-08-08 18:30:54,-16.6,-19.8,5.0,4.0,18.0
2026-08-08 18:29:54,-16.6,-19.8,5.0,4.0,18.0
2026-08-08 18:28:54,-16.5,-19.7,5.0,4.0,18.0
2026-08-08 18:27:54,-16.4,-19.7,5.0,3.0,18.0
2026-08-08 18:26:54,-16.4,-19.7,5.0,4.0,18.0
2026-08-08 18:25:54,-16.3,-19.6,5.0,3.0,18.0
2026-08-08 18:24:54,-16.3,-19.6,5.0,3.0,19.0
2026-08-08 18:23:54,-16.2,-19.5,5.0,3.0,19.0
2026-08-08 18:22:54,-16.2,-19.5,4.0,3.0,19.0
2026-08-08 18:21:54,-16.1,-19.4,4.0,3.0,19.0
2026-08-08 18:20:54,-16.1,-19.4,4.0,4.0,19.0
2026-08-08 18:19:54,-16.1,-19.3,4.0,3.0,19.0
2026-08-08 18:18:54,-16.1,-19.3,4.0,3.0,19.0
2026-08-08 18:17:54,-16.0,-19.3,4.0,3.0,19.0
2026-08-08 18:16:54,-16.0,-19.2,3.0,3.0,19.0
2026-08-08 18:15:54,-15.9,-19.1,3.0,4.0,19.0
2026-08-08 18:14:54,-15.8,-19.1,3.0,4.0,19.0
2026-08-08 18:13:54,-15.8,-19.0,3.0,4.0,19.0
2026-08-08 18:12:54,-15.8,-19.0,3.0,4.0,19.0
2026-08-08 18:11:54,-15.7,-18.9,3.0,4.0,20.0
2026-08-08 18:10:54,-15.6,-18.9,3.0,4.0,20.0
2026-08-08 18:09:54,-15.6,-18.8,4.0,4.0,20.0
2026-08-08 18:08:54,-15.5,-18.7,4.0,5.0,20.0
2026-08-08 18:07:54,-15.5,-18.7,4.0,5.0,21.0
2026-08-08 18:06:54,-15.4,-18.6,3.0,4.0,19.0
2026-08-08 18:05:54,-15.3,-18.5,3.0,4.0,20.0
2026-08-08 18:04:54,-15.2,-18.5,2.0,4.0,20.0
2026-08-08 18:03:54,-15.1,-18.4,2.0,4.0,20.0
2026-08-08 18:02:54,-15.0,-18.3,2.0,4.0,20.0
2026-08-08 18:01:54,-15.0,-18.2,2.0,4.0,20.0
2026-08-08 18:00:54,-14.9,-18.1,2.0,4.0,21.0
2026-08-08 17:59:54,-14.8,-18.0,1.0,4.0,21.0
2026-08-08 17:58:54,-14.7,-17.9,1.0,4.0,21.0
2026-08-08 17:57:54,-14.7,-17.7,1.0,4.0,22.0
2026-08-08 17:56:54,-14.6,-17.6,1.0,4.0,22.0
2026-08-08 17:55:54,-14.5,-17.5,0.0,4.0,23.0
2026-08-08 17:54:54,-14.4,-17.3,0.0,4.0,23.0
2026-08-08 17:53:54,-14.4,-17.2,0.0,4.0,24.0
2026-08-08 17:52:54,-14.3,-17.0,0.0,4.0,25.0
2026-08-08 17:51:54,-14.3,-16.9,0.0,3.0,27.0
2026-08-08 17:50:54,-14.3,-16.8,0.0,3.0,30.0
2026-08-08 17:49:54,-14.3,-16.7,0.0,3.0,34.0
2026-08-08 17:48:54,-14.4,-16.8,0.0,3.0,33.0
2026-08-08 17:47:54,-14.5,-16.9,0.0,3.0,33.0
2026-08-08 17:46:54,-14.6,-17.0,0.0,3.0,33.0
2026-08-08 17:45:54,-14.7,-17.1,0.0,3.0,33.0
2026-08-08 17:44:54,-14.7,-17.2,0.0,4.0,33.0
2026-08-08 17:43:54,-14.9,-17.3,0.0,3.0,33.0
2026-08-08 17:42:54,-15.0,-17.4,0.0,4.0,32.0
2026-08-08 17:41:54,-15.1,-17.5,0.0,4.0,32.0
2026-08-08 17:40:54,-15.3,-17.6,0.0,4.0,32.0
2026-08-08 17:39:54,-15.4,-17.8,0.0,4.0,32.0
2026-08-08 17:38:54,-15.5,-17.9,0.0,4.0,31.0
2026-08-08 17:37:54,-15.7,-18.1,0.0,4.0,31.0
2026-08-08 17:36:54,-15.8,-18.2,0.0,4.0,30.0
2026-08-08 17:35:54,-16.0,-18.4,1.0,4.0,30.0
2026-08-08 17:34:54,-16.2,-18.6,1.0,4.0,29.0
2026-08-08 17:33:54,-16.4,-18.8,1.0,4.0,28.0
2026-08-08 17:32:54,-16.6,-19.0,2.0,4.0,27.0
2026-08-08 17:31:54,-16.8,-19.3,2.0,4.0,26.0
2026-08-08 17:30:54,-16.9,-19.6,3.0,4.0,24.0
2026-08-08 17:29:54,-16.9,-19.8,4.0,4.0,22.0
2026-08-08 17:28:54,-16.8,-20.0,6.0,4.0,19.0
2026-08-08 17:27:54,-16.8,-20.0,6.0,4.0,18.0
2026-08-08 17:26:54,-16.8,-20.0,6.0,4.0,19.0
2026-08-08 17:25:54,-16.7,-19.9,6.0,4.0,19.0
2026-08-08 17:24:54,-16.7,-19.9,6.0,5.0,19.0
2026-08-08 17:23:54,-16.6,-19.9,7.0,5.0,19.0
2026-08-08 17:22:54,-16.6,-19.8,7.0,4.0,18.0
2026-08-08 17:21:54,-16.6,-19.8,5.0,4.0,18.0
2026-08-08 17:20:54,-16.5,-19.8,5.0,4.0,18.0
2026-08-08 17:19:54,-16.4,-19.7,5.0,4.0,18.0
2026-08-08 17:18:54,-16.4,-19.7,5.0,4.0,18.0
2026-08-08 17:17:54,-16.3,-19.6,5.0,4.0,18.0
2026-08-08 17:16:54,-16.3,-19.6,5.0,4.0,18.0
2026-08-08 17:15:54,-16.2,-19.5,5.0,4.0,18.0
2026-08-08 17:14:54,-16.2,-19.5,4.0,4.0,18.0
2026-08-08 17:13:54,-16.2,-19.4,4.0,4.0,18.0
2026-08-08 17:12:54,-16.2,-19.4,4.0,4.0,19.0
2026-08-08 17:11:54,-16.1,-19.3,4.0,4.0,19.0
2026-08-08 17:10:54,-16.0,-19.3,4.0,4.0,19.0
2026-08-08 17:09:54,-16.0,-19.2,4.0,4.0,19.0
2026-08-08 17:08:54,-16.0,-19.2,4.0,4.0,19.0
2026-08-08 17:07:54,-15.9,-19.1,4.0,4.0,19.0
2026-08-08 17:06:54,-15.8,-19.0,3.0,4.0,19.0
2026-08-08 17:05:54,-15.7,-19.0,3.0,4.0,19.0
2026-08-08 17:04:54,-15.6,-18.9,3.0,4.0,19.0
2026-08-08 17:03:54,-15.6,-18.8,3.0,4.0,19.0
2026-08-08 17:02:54,-15.5,-18.8,3.0,4.0,19.0
2026-08-08 17:01:54,-15.4,-18.7,3.0,4.0,20.0
2026-08-08 17:00:54,-15.4,-18.6,2.0,4.0,20.0
2026-08-08 16:59:54,-15.3,-18.5,2.0,4.0,20.0
2026-08-08 16:58:54,-15.2,-18.4,2.0,4.0,20.0
2026-08-08 16:57:54,-15.1,-18.3,2.0,4.0,20.0
2026-08-08 16:56:54,-15.0,-18.2,2.0,4.0,20.0
2026-08-08 16:55:54,-15.0,-18.1,1.0,4.0,21.0
2026-08-08 16:54:54,-14.9,-18.0,1.0,4.0,21.0
2026-08-08 16:53:54,-14.8,-17.9,1.0,4.0,21.0
2026-08-08 16:52:54,-14.7,-17.7,1.0,4.0,22.0
2026-08-08 16:51:54,-14.6,-17.6,0.0,4.0,22.0
2026-08-08 16:50:54,-14.6,-17.5,0.0,4.0,23.0
2026-08-08 16:49:54,-14.5,-17.3,0.0,4.0,23.0
2026-08-08 16:48:54,-14.4,-17.2,0.0,4.0,24.0
2026-08-08 16:47:54,-14.4,-17.0,0.0,4.0,26.0
2026-08-08 16:46:54,-14.3,-16.9,0.0,3.0,28.0
2026-08-08 16:45:54,-14.3,-16.7,0.0,3.0,32.0
2026-08-08 16:44:54,-14.4,-16.8,0.0,3.0,34.0
2026-08-08 16:43:54,-14.4,-16.9,0.0,3.0,33.0
2026-08-08 16:42:54,-14.5,-16.9,0.0,3.0,33.0
2026-08-08 16:41:54,-14.7,-17.0,0.0,3.0,33.0
2026-08-08 16:40:54,-14.8,-17.1,0.0,3.0,33.0
2026-08-08 16:39:54,-14.9,-17.2,0.0,4.0,33.0
2026-08-08 16:38:54,-15.0,-17.3,0.0,4.0,33.0
2026-08-08 16:37:54,-15.1,-17.5,0.0,4.0,32.0
2026-08-08 16:36:54,-15.3,-17.6,0.0,4.0,32.0
2026-08-08 16:35:54,-15.5,-17.7,0.0,4.0,31.0
2026-08-08 16:34:54,-15.7,-17.9,1.0,5.0,29.0
2026-08-08 16:33:54,-15.9,-18.2,0.0,4.0,30.0
2026-08-08 16:32:54,-16.0,-18.4,0.0,4.0,30.0
2026-08-08 16:31:54,-16.2,-18.5,0.0,4.0,30.0
2026-08-08 16:30:54,-16.3,-18.7,0.0,4.0,30.0
2026-08-08 16:29:54,-16.5,-18.9,1.0,4.0,29.0
2026-08-08 16:28:54,-16.7,-19.1,1.0,4.0,28.0
2026-08-08 16:27:54,-17.0,-19.3,1.0,4.0,27.0
2026-08-08 16:26:54,-17.1,-19.6,2.0,4.0,26.0
2026-08-08 16:25:54,-17.3,-19.8,3.0,4.0,24.0
2026-08-08 16:24:54,-17.3,-20.1,4.0,4.0,22.0
2026-08-08 16:23:54,-17.3,-20.3,6.0,4.0,20.0
2026-08-08 16:22:54,-17.1,-20.4,6.0,4.0,18.0
2026-08-08 16:21:54,-17.1,-20.4,6.0,4.0,18.0
2026-08-08 16:20:54,-17.1,-20.3,6.0,4.0,18.0
2026-08-08 16:19:54,-17.1,-20.3,6.0,4.0,18.0
2026-08-08 16:18:54,-17.1,-20.3,6.0,4.0,18.0
2026-08-08 16:17:54,-17.0,-20.2,6.0,4.0,18.0
2026-08-08 16:16:54,-17.0,-20.2,6.0,4.0,18.0
2026-08-08 16:15:54,-17.0,-20.1,6.0,4.0,18.0
2026-08-08 16:14:54,-17.0,-20.1,5.0,4.0,18.0
2026-08-08 16:13:54,-16.9,-20.1,5.0,4.0,18.0
2026-08-08 16:12:54,-16.8,-20.0,5.0,4.0,18.0
2026-08-08 16:11:54,-16.8,-20.0,5.0,4.0,18.0
2026-08-08 16:10:54,-16.7,-19.9,5.0,4.0,18.0
2026-08-08 16:09:54,-16.7,-19.9,5.0,4.0,18.0
2026-08-08 16:08:54,-16.6,-19.9,5.0,4.0,18.0
2026-08-08 16:07:54,-16.6,-19.8,5.0,4.0,18.0
2026-08-08 16:06:54,-16.6,-19.8,4.0,4.0,18.0
2026-08-08 16:05:54,-16.6,-19.7,4.0,4.0,18.0
2026-08-08 16:04:54,-16.5,-19.7,4.0,4.0,18.0
2026-08-08 16:03:54,-16.4,-19.6,4.0,4.0,18.0
2026-08-08 16:02:54,-16.4,-19.6,4.0,4.0,18.0
2026-08-08 16:01:54,-16.4,-19.5,4.0,4.0,18.0
2026-08-08 16:00:54,-16.3,-19.5,4.0,4.0,18.0
2026-08-08 15:59:54,-16.3,-19.4,4.0,4.0,18.0
2026-08-08 15:58:54,-16.2,-19.4,3.0,4.0,19.0
2026-08-08 15:57:54,-16.2,-19.3,3.0,4.0,19.0
2026-08-08 15:56:54,-16.1,-19.2,3.0,4.0,19.0
2026-08-08 15:55:54,-16.0,-19.2,3.0,4.0,19.0
2026-08-08 15:54:54,-16.0,-19.1,3.0,4.0,19.0
2026-08-08 15:53:54,-15.9,-19.1,3.0,4.0,19.0
2026-08-08 15:52:54,-15.8,-19.0,3.0,4.0,19.0
2026-08-08 15:51:54,-15.7,-18.9,3.0,4.0,19.0
2026-08-08 15:50:54,-15.6,-18.8,2.0,4.0,19.0
2026-08-08 15:49:54,-15.5,-18.7,2.0,4.0,20.0
2026-08-08 15:48:54,-15.5,-18.6,2.0,4.0,20.0
2026-08-08 15:47:54,-15.4,-18.6,2.0,4.0,20.0
2026-08-08 15:46:54,-15.4,-18.5,2.0,4.0,20.0
2026-08-08 15:45:54,-15.3,-18.3,2.0,4.0,20.0
2026-08-08 15:44:54,-15.2,-18.3,1.0,4.0,21.0
2026-08-08 15:43:54,-15.2,-18.1,1.0,4.0,21.0
2026-08-08 15:42:54,-15.1,-18.0,1.0,4.0,21.0
2026-08-08 15:41:54,-15.0,-17.9,0.0,4.0,22.0
2026-08-08 15:40:54,-14.9,-17.7,0.0,4.0,23.0
2026-08-08 15:39:54,-14.8,-17.6,0.0,4.0,23.0
2026-08-08 15:38:54,-14.7,-17.4,0.0,4.0,24.0
2026-08-08 15:37:54,-14.6,-17.3,0.0,4.0,25.0
2026-08-08 15:36:54,-14.6,-17.1,0.0,3.0,27.0
2026-08-08 15:35:54,-14.6,-17.0,0.0,3.0,31.0
2026-08-08 15:34:54,-14.7,-17.1,0.0,3.0,33.0
2026-08-08 15:33:54,-14.8,-17.2,0.0,3.0,33.0
2026-08-08 15:32:54,-14.9,-17.3,0.0,3.0,33.0
2026-08-08 15:31:54,-15.0,-17.4,0.0,3.0,33.0
2026-08-08 15:30:54,-15.1,-17.5,0.0,3.0,32.0
2026-08-08 15:29:54,-15.2,-17.6,0.0,3.0,32.0
2026-08-08 15:28:54,-15.3,-17.7,0.0,4.0,32.0
2026-08-08 15:27:54,-15.4,-17.8,0.0,4.0,32.0
2026-08-08 15:26:54,-15.5,-17.9,0.0,4.0,31.0
2026-08-08 15:25:54,-15.7,-18.0,0.0,4.0,31.0
2026-08-08 15:24:54,-15.8,-18.2,0.0,4.0,31.0
2026-08-08 15:23:54,-16.0,-18.4,0.0,4.0,30.0
2026-08-08 15:22:54,-16.1,-18.5,0.0,4.0,30.0
2026-08-08 15:21:54,-16.3,-18.7,0.0,4.0,29.0
2026-08-08 15:20:54,-16.5,-18.9,1.0,4.0,29.0
2026-08-08 15:19:54,-16.7,-19.1,1.0,3.0,28.0
2026-08-08 15:18:54,-16.9,-19.4,2.0,3.0,27.0
2026-08-08 15:17:54,-17.1,-19.7,2.0,3.0,25.0
2026-08-08 15:16:54,-17.3,-20.0,2.0,3.0,23.0
2026-08-08 15:15:54,-17.3,-20.3,4.0,4.0,21.0
2026-08-08 15:14:54,-17.2,-20.4,5.0,4.0,18.0
2026-08-08 15:13:54,-17.2,-20.3,6.0,4.0,18.0
2026-08-08 15:12:54,-17.2,-20.3,6.0,4.0,18.0
2026-08-08 15:11:54,-17.2,-20.3,6.0,4.0,18.0
2026-08-08 15:10:54,-17.1,-20.2,6.0,4.0,18.0
2026-08-08 15:09:54,-17.1,-20.2,5.0,4.0,17.0
2026-08-08 15:08:54,-17.0,-20.2,5.0,4.0,18.0
2026-08-08 15:07:54,-17.0,-20.1,5.0,4.0,18.0
2026-08-08 15:06:54,-16.9,-20.1,5.0,4.0,18.0
2026-08-08 15:05:54,-16.9,-20.1,5.0,4.0,18.0
2026-08-08 15:04:54,-16.9,-20.0,4.0,4.0,18.0
2026-08-08 15:03:54,-16.8,-20.0,4.0,4.0,18.0
2026-08-08 15:02:54,-16.8,-19.9,4.0,4.0,18.0
2026-08-08 15:01:54,-16.7,-19.8,4.0,4.0,18.0
2026-08-08 15:00:54,-16.6,-19.8,4.0,4.0,18.0
2026-08-08 14:59:54,-16.6,-19.7,4.0,4.0,18.0
2026-08-08 14:58:54,-16.6,-19.7,4.0,4.0,18.0
2026-08-08 14:57:54,-16.5,-19.7,4.0,4.0,18.0
2026-08-08 14:56:54,-16.5,-19.6,3.0,4.0,18.0
2026-08-08 14:55:54,-16.4,-19.5,3.0,4.0,18.0
2026-08-08 14:54:54,-16.4,-19.5,3.0,4.0,18.0
2026-08-08 14:53:54,-16.3,-19.4,3.0,4.0,18.0
2026-08-08 14:52:54,-16.2,-19.3,3.0,4.0,18.0
2026-08-08 14:51:54,-16.2,-19.3,3.0,4.0,19.0
2026-08-08 14:50:54,-16.1,-19.2,2.0,4.0,19.0
2026-08-08 14:49:54,-16.1,-19.1,2.0,4.0,19.0
2026-08-08 14:48:54,-15.9,-19.0,2.0,4.0,19.0
2026-08-08 14:47:54,-15.9,-19.0,2.0,4.0,19.0
2026-08-08 14:46:54,-15.9,-18.9,2.0,4.0,19.0
2026-08-08 14:45:54,-15.7,-18.8,2.0,4.0,20.0
2026-08-08 14:44:54,-15.7,-18.7,2.0,4.0,20.0
2026-08-08 14:43:54,-15.6,-18.6,1.0,4.0,20.0
2026-08-08 14:42:54,-15.5,-18.5,1.0,4.0,20.0
2026-08-08 14:41:54,-15.4,-18.4,1.0,4.0,21.0
2026-08-08 14:40:54,-15.4,-18.2,1.0,4.0,21.0
2026-08-08 14:39:54,-15.2,-18.1,0.0,4.0,22.0
2026-08-08 14:38:54,-15.2,-18.0,1.0,4.0,23.0
2026-08-08 14:37:54,-15.1,-17.8,1.0,4.0,23.0
2026-08-08 14:36:54,-15.0,-17.7,0.0,4.0,24.0
2026-08-08 14:35:54,-14.9,-17.5,0.0,4.0,24.0
2026-08-08 14:34:54,-14.8,-17.4,0.0,3.0,27.0
2026-08-08 14:33:54,-14.8,-17.3,0.0,3.0,31.0
2026-08-08 14:32:54,-14.9,-17.4,0.0,3.0,32.0
2026-08-08 14:31:54,-15.0,-17.5,0.0,4.0,32.0
2026-08-08 14:30:54,-15.1,-17.5,0.0,3.0,32.0
2026-08-08 14:29:54,-15.2,-17.6,0.0,4.0,32.0
2026-08-08 14:28:54,-15.3,-17.7,0.0,4.0,32.0
2026-08-08 14:27:54,-15.5,-17.8,0.0,4.0,32.0
2026-08-08 14:26:54,-15.6,-17.9,0.0,4.0,31.0
2026-08-08 14:25:54,-15.7,-18.1,0.0,4.0,31.0
2026-08-08 14:24:54,-15.8,-18.2,0.0,4.0,31.0
2026-08-08 14:23:54,-16.0,-18.3,0.0,4.0,31.0
2026-08-08 14:22:54,-16.2,-18.5,0.0,4.0,30.0
2026-08-08 14:21:54,-16.4,-18.6,0.0,4.0,30.0
2026-08-08 14:20:54,-16.6,-18.8,0.0,4.0,29.0
2026-08-08 14:19:54,-16.8,-19.0,1.0,3.0,28.0
2026-08-08 14:18:54,-17.1,-19.3,1.0,4.0,27.0
2026-08-08 14:17:54,-17.3,-19.6,2.0,4.0,25.0
2026-08-08 14:16:54,-17.6,-19.9,3.0,4.0,23.0
2026-08-08 14:15:54,-17.7,-20.3,2.0,3.0,23.0
2026-08-08 14:14:54,-17.8,-20.6,3.0,4.0,21.0
2026-08-08 14:13:54,-17.7,-20.8,5.0,4.0,18.0
2026-08-08 14:12:54,-17.6,-20.8,5.0,3.0,17.0
2026-08-08 14:11:54,-17.6,-20.7,5.0,3.0,17.0
2026-08-08 14:10:54,-17.6,-20.7,5.0,3.0,17.0
2026-08-08 14:09:54,-17.5,-20.7,5.0,4.0,17.0
2026-08-08 14:08:54,-17.5,-20.6,5.0,4.0,17.0
2026-08-08 14:07:54,-17.5,-20.6,5.0,4.0,17.0
2026-08-08 14:06:54,-17.5,-20.6,5.0,4.0,17.0
2026-08-08 14:05:54,-17.4,-20.5,5.0,4.0,17.0
2026-08-08 14:04:54,-17.3,-20.5,5.0,4.0,18.0
2026-08-08 14:03:54,-17.4,-20.5,5.0,4.0,18.0
2026-08-08 14:02:54,-17.3,-20.4,5.0,4.0,18.0
2026-08-08 14:01:54,-17.3,-20.4,6.0,4.0,18.0
2026-08-08 14:00:54,-17.2,-20.3,4.0,4.0,17.0
2026-08-08 13:59:54,-17.2,-20.3,4.0,4.0,17.0
2026-08-08 13:58:54,-17.2,-20.3,4.0,4.0,17.0
2026-08-08 13:57:54,-17.1,-20.2,4.0,4.0,17.0
2026-08-08 13:56:54,-17.1,-20.2,4.0,4.0,17.0
2026-08-08 13:55:54,-17.0,-20.1,4.0,4.0,17.0
2026-08-08 13:54:54,-17.0,-20.1,4.0,4.0,17.0
2026-08-08 13:53:54,-16.9,-20.0,4.0,4.0,18.0
2026-08-08 13:52:54,-16.9,-20.0,4.0,4.0,18.0
2026-08-08 13:51:54,-16.8,-19.9,3.0,4.0,18.0
2026-08-08 13:50:54,-16.7,-19.8,3.0,4.0,18.0
2026-08-08 13:49:54,-16.7,-19.8,3.0,4.0,18.0
2026-08-08 13:48:54,-16.6,-19.7,3.0,4.0,18.0
2026-08-08 13:47:54,-16.6,-19.7,3.0,4.0,18.0
2026-08-08 13:46:54,-16.5,-19.6,3.0,4.0,18.0
2026-08-08 13:45:54,-16.4,-19.5,3.0,4.0,18.0
2026-08-08 13:44:54,-16.4,-19.5,3.0,4.0,18.0
2026-08-08 13:43:54,-16.3,-19.4,2.0,4.0,18.0
2026-08-08 13:42:54,-16.2,-19.3,2.0,4.0,18.0
2026-08-08 13:41:54,-16.1,-19.2,2.0,4.0,18.0
2026-08-08 13:40:54,-16.1,-19.1,2.0,4.0,19.0
2026-08-08 13:39:54,-16.0,-19.0,2.0,4.0,19.0
2026-08-08 13:38:54,-16.0,-18.9,1.0,4.0,19.0
2026-08-08 13:37:54,-15.9,-18.8,1.0,4.0,19.0
2026-08-08 13:36:54,-15.8,-18.7,1.0,4.0,20.0
2026-08-08 13:35:54,-15.7,-18.6,1.0,4.0,20.0
2026-08-08 13:34:54,-15.6,-18.5,1.0,4.0,20.0
2026-08-08 13:33:54,-15.5,-18.3,0.0,4.0,21.0
2026-08-08 13:32:54,-15.5,-18.2,0.0,4.0,21.0
2026-08-08 13:31:54,-15.4,-18.1,0.0,4.0,22.0
2026-08-08 13:30:54,-15.3,-17.9,0.0,4.0,23.0
2026-08-08 13:29:54,-15.2,-17.8,0.0,4.0,24.0
2026-08-08 13:28:54,-15.2,-17.7,0.0,3.0,27.0
2026-08-08 13:27:54,-15.2,-17.6,0.0,3.0,31.0
2026-08-08 13:26:54,-15.3,-17.7,0.0,3.0,31.0
2026-08-08 13:25:54,-15.4,-17.8,0.0,3.0,31.0
2026-08-08 13:24:54,-15.5,-17.9,0.0,4.0,31.0
2026-08-08 13:23:54,-15.6,-18.0,0.0,4.0,31.0
2026-08-08 13:22:54,-15.7,-18.1,0.0,4.0,30.0
2026-08-08 13:21:54,-15.9,-18.3,0.0,4.0,30.0
2026-08-08 13:20:54,-16.1,-18.4,0.0,4.0,30.0
2026-08-08 13:19:54,-16.2,-18.6,0.0,4.0,30.0
2026-08-08 13:18:54,-16.4,-18.7,0.0,4.0,29.0
2026-08-08 13:17:54,-16.6,-18.9,0.0,4.0,28.0
2026-08-08 13:16:54,-16.8,-19.1,0.0,4.0,28.0
2026-08-08 13:15:54,-17.0,-19.3,1.0,4.0,27.0
2026-08-08 13:14:54,-17.2,-19.6,1.0,4.0,26.0
2026-08-08 13:13:54,-17.4,-19.9,1.0,3.0,25.0
2026-08-08 13:12:54,-17.6,-20.2,2.0,3.0,23.0
2026-08-08 13:11:54,-17.7,-20.4,3.0,3.0,21.0
2026-08-08 13:10:54,-17.7,-20.7,5.0,4.0,19.0
2026-08-08 13:09:54,-17.7,-20.7,5.0,4.0,17.0
2026-08-08 13:08:54,-17.6,-20.7,5.0,4.0,17.0
2026-08-08 13:07:54,-17.6,-20.7,5.0,4.0,17.0
2026-08-08 13:06:54,-17.5,-20.6,5.0,4.0,17.0
2026-08-08 13:05:54,-17.5,-20.6,5.0,4.0,17.0
2026-08-08 13:04:54,-17.5,-20.6,6.0,4.0,18.0
2026-08-08 13:03:54,-17.4,-20.5,6.0,4.0,18.0
2026-08-08 13:02:54,-17.4,-20.5,6.0,4.0,17.0
2026-08-08 13:01:54,-17.4,-20.5,5.0,4.0,17.0
2026-08-08 13:00:54,-17.3,-20.5,5.0,4.0,17.0
2026-08-08 12:59:54,-17.3,-20.4,5.0,4.0,17.0
2026-08-08 12:58:54,-17.3,-20.3,4.0,4.0,17.0
2026-08-08 12:57:54,-17.2,-20.3,4.0,4.0,17.0
2026-08-08 12:56:54,-17.2,-20.3,4.0,4.0,17.0
2026-08-08 12:55:54,-17.1,-20.2,4.0,4.0,17.0
2026-08-08 12:54:54,-17.0,-20.2,4.0,4.0,17.0
2026-08-08 12:53:54,-17.0,-20.1,4.0,4.0,17.0
2026-08-08 12:52:54,-16.9,-20.1,4.0,4.0,17.0
2026-08-08 12:51:54,-16.9,-20.0,4.0,4.0,17.0
2026-08-08 12:50:54,-16.9,-20.0,4.0,4.0,17.0
2026-08-08 12:49:54,-16.8,-19.9,4.0,4.0,17.0
2026-08-08 12:48:54,-16.7,-19.8,3.0,4.0,17.0
2026-08-08 12:47:54,-16.7,-19.8,3.0,4.0,17.0
2026-08-08 12:46:54,-16.6,-19.7,3.0,4.0,17.0
2026-08-08 12:45:54,-16.5,-19.6,3.0,4.0,18.0
2026-08-08 12:44:54,-16.5,-19.6,3.0,4.0,18.0
2026-08-08 12:43:54,-16.5,-19.5,3.0,4.0,18.0
2026-08-08 12:42:54,-16.4,-19.5,3.0,4.0,18.0
2026-08-08 12:41:54,-16.3,-19.4,2.0,4.0,18.0
2026-08-08 12:40:54,-16.2,-19.3,2.0,4.0,18.0
2026-08-08 12:39:54,-16.1,-19.2,2.0,4.0,18.0
2026-08-08 12:38:54,-16.1,-19.1,2.0,4.0,18.0
2026-08-08 12:37:54,-16.0,-19.0,2.0,4.0,19.0
2026-08-08 12:36:54,-16.0,-18.9,2.0,4.0,19.0
2026-08-08 12:35:54,-15.9,-18.8,1.0,4.0,19.0
2026-08-08 12:34:54,-15.8,-18.7,1.0,4.0,19.0
2026-08-08 12:33:54,-15.7,-18.6,1.0,4.0,20.0
2026-08-08 12:32:54,-15.6,-18.5,1.0,4.0,20.0
2026-08-08 12:31:54,-15.5,-18.3,0.0,4.0,20.0
2026-08-08 12:30:54,-15.5,-18.2,0.0,4.0,21.0
2026-08-08 12:29:54,-15.4,-18.0,0.0,4.0,21.0
2026-08-08 12:28:54,-15.2,-17.9,0.0,4.0,22.0
2026-08-08 12:27:54,-15.2,-17.7,0.0,4.0,23.0
2026-08-08 12:26:54,-15.1,-17.6,0.0,4.0,25.0
2026-08-08 12:25:54,-15.0,-17.5,0.0,4.0,28.0
2026-08-08 12:24:54,-15.1,-17.5,0.0,4.0,31.0
2026-08-08 12:23:54,-15.2,-17.6,0.0,4.0,31.0
2026-08-08 12:22:54,-15.3,-17.7,0.0,4.0,31.0
2026-08-08 12:21:54,-15.4,-17.8,0.0,4.0,31.0
2026-08-08 12:20:54,-15.5,-17.9,0.0,4.0,31.0
2026-08-08 12:19:54,-15.6,-18.0,0.0,4.0,30.0
2026-08-08 12:18:54,-15.8,-18.1,0.0,4.0,30.0
2026-08-08 12:17:54,-16.0,-18.3,0.0,4.0,30.0
2026-08-08 12:16:54,-16.2,-18.4,0.0,4.0,29.0
2026-08-08 12:15:54,-16.4,-18.6,0.0,4.0,28.0
2026-08-08 12:14:54,-16.5,-18.8,1.0,5.0,26.0
2026-08-08 12:13:54,-16.7,-19.1,2.0,4.0,26.0
2026-08-08 12:12:54,-17.0,-19.4,0.0,4.0,26.0
2026-08-08 12:11:54,-17.2,-19.6,1.0,3.0,26.0
2026-08-08 12:10:54,-17.4,-19.9,1.0,3.0,24.0
2026-08-08 12:09:54,-17.6,-20.2,2.0,3.0,23.0
2026-08-08 12:08:54,-17.8,-20.5,2.0,3.0,22.0
2026-08-08 12:07:54,-17.9,-20.8,3.0,3.0,19.0
2026-08-08 12:06:54,-17.9,-21.0,5.0,3.0,16.0
2026-08-08 12:05:54,-17.9,-20.9,5.0,3.0,16.0
2026-08-08 12:04:54,-17.8,-20.9,5.0,3.0,16.0
2026-08-08 12:03:54,-17.8,-20.9,5.0,3.0,16.0
2026-08-08 12:02:54,-17.8,-20.8,5.0,3.0,16.0
2026-08-08 12:01:54,-17.7,-20.8,5.0,3.0,16.0
2026-08-08 12:00:54,-17.7,-20.8,5.0,3.0,16.0
2026-08-08 11:59:54,-17.7,-20.8,5.0,3.0,16.0
2026-08-08 11:58:54,-17.6,-20.7,5.0,3.0,16.0
2026-08-08 11:57:54,-17.6,-20.7,5.0,3.0,16.0
2026-08-08 11:56:54,-17.6,-20.6,4.0,3.0,16.0
2026-08-08 11:55:54,-17.5,-20.6,4.0,3.0,17.0
2026-08-08 11:54:54,-17.5,-20.6,5.0,4.0,17.0
2026-08-08 11:53:54,-17.5,-20.6,5.0,4.0,17.0
2026-08-08 11:52:54,-17.4,-20.5,5.0,4.0,17.0
2026-08-08 11:51:54,-17.4,-20.5,5.0,4.0,17.0
2026-08-08 11:50:54,-17.3,-20.4,5.0,4.0,17.0
2026-08-08 11:49:54,-17.3,-20.4,5.0,4.0,16.0
2026-08-08 11:48:54,-17.3,-20.4,4.0,4.0,16.0
2026-08-08 11:47:54,-17.2,-20.3,4.0,4.0,16.0
2026-08-08 11:46:54,-17.1,-20.3,4.0,4.0,16.0
2026-08-08 11:45:54,-17.1,-20.2,4.0,4.0,16.0
2026-08-08 11:44:54,-17.1,-20.2,4.0,4.0,16.0
2026-08-08 11:43:54,-17.0,-20.1,3.0,4.0,16.0
2026-08-08 11:42:54,-16.9,-20.1,3.0,4.0,17.0
2026-08-08 11:41:54,-16.9,-20.0,3.0,4.0,17.0
2026-08-08 11:40:54,-16.9,-20.0,3.0,4.0,17.0
2026-08-08 11:39:54,-16.8,-19.9,3.0,4.0,17.0
2026-08-08 11:38:54,-16.7,-19.8,3.0,4.0,17.0
2026-08-08 11:37:54,-16.7,-19.8,3.0,4.0,17.0
2026-08-08 11:36:54,-16.6,-19.7,3.0,4.0,17.0
2026-08-08 11:35:54,-16.6,-19.6,2.0,4.0,17.0
2026-08-08 11:34:54,-16.5,-19.6,2.0,4.0,17.0
2026-08-08 11:33:54,-16.5,-19.5,2.0,4.0,17.0
2026-08-08 11:32:54,-16.4,-19.4,2.0,4.0,17.0
2026-08-08 11:31:54,-16.3,-19.3,2.0,4.0,18.0
2026-08-08 11:30:54,-16.2,-19.2,1.0,4.0,18.0
2026-08-08 11:29:54,-16.2,-19.1,1.0,4.0,18.0
2026-08-08 11:28:54,-16.1,-19.0,1.0,4.0,18.0
2026-08-08 11:27:54,-16.0,-18.9,1.0,4.0,18.0
2026-08-08 11:26:54,-15.9,-18.8,1.0,4.0,18.0
2026-08-08 11:25:54,-15.9,-18.7,1.0,4.0,19.0
2026-08-08 11:24:54,-15.8,-18.6,0.0,4.0,19.0
2026-08-08 11:23:54,-15.7,-18.4,0.0,4.0,20.0
2026-08-08 11:22:54,-15.7,-18.3,0.0,4.0,20.0
2026-08-08 11:21:54,-15.6,-18.1,0.0,4.0,21.0
2026-08-08 11:20:54,-15.4,-18.0,0.0,4.0,21.0
2026-08-08 11:19:54,-15.3,-17.8,0.0,4.0,23.0
2026-08-08 11:18:54,-15.2,-17.8,0.0,4.0,24.0
2026-08-08 11:17:54,-15.2,-17.7,0.0,3.0,29.0
2026-08-08 11:16:54,-15.4,-17.9,0.0,4.0,28.0
2026-08-08 11:15:54,-15.5,-18.0,0.0,4.0,27.0
2026-08-08 11:14:54,-15.7,-18.2,0.0,4.0,27.0
2026-08-08 11:13:54,-15.8,-18.4,0.0,3.0,28.0
2026-08-08 11:12:54,-16.0,-18.5,0.0,4.0,28.0
2026-08-08 11:11:54,-16.1,-18.7,0.0,4.0,27.0
2026-08-08 11:10:54,-16.2,-18.8,0.0,4.0,27.0
2026-08-08 11:09:54,-16.4,-19.0,0.0,4.0,27.0
2026-08-08 11:08:54,-16.6,-19.1,0.0,4.0,26.0
2026-08-08 11:07:54,-16.8,-19.3,0.0,4.0,26.0
2026-08-08 11:06:54,-17.0,-19.5,0.0,4.0,24.0
2026-08-08 11:05:54,-17.2,-19.8,1.0,4.0,24.0
2026-08-08 11:04:54,-17.4,-20.0,1.0,4.0,24.0
2026-08-08 11:03:54,-17.6,-20.3,2.0,4.0,22.0
2026-08-08 11:02:54,-17.8,-20.6,3.0,4.0,21.0
2026-08-08 11:01:54,-17.9,-20.8,4.0,4.0,18.0
2026-08-08 11:00:54,-17.9,-20.9,5.0,4.0,16.0
2026-08-08 10:59:54,-17.8,-20.9,5.0,4.0,16.0
2026-08-08 10:58:54,-17.8,-20.9,5.0,4.0,16.0
2026-08-08 10:57:54,-17.8,-20.8,5.0,4.0,16.0
2026-08-08 10:56:54,-17.7,-20.8,5.0,4.0,16.0
2026-08-08 10:55:54,-17.7,-20.8,5.0,4.0,16.0
2026-08-08 10:54:54,-17.7,-20.7,5.0,4.0,16.0
2026-08-08 10:53:54,-17.6,-20.7,5.0,4.0,16.0
2026-08-08 10:52:54,-17.6,-20.7,5.0,4.0,16.0
2026-08-08 10:51:54,-17.5,-20.6,5.0,4.0,16.0
2026-08-08 10:50:54,-17.5,-20.6,4.0,4.0,16.0
2026-08-08 10:49:54,-17.5,-20.5,4.0,4.0,16.0
2026-08-08 10:48:54,-17.4,-20.5,4.0,4.0,16.0
2026-08-08 10:47:54,-17.4,-20.5,4.0,4.0,16.0
2026-08-08 10:46:54,-17.4,-20.4,4.0,4.0,16.0
2026-08-08 10:45:54,-17.3,-20.4,4.0,4.0,16.0
2026-08-08 10:44:54,-17.3,-20.3,4.0,4.0,16.0
2026-08-08 10:43:54,-17.2,-20.3,4.0,4.0,17.0
2026-08-08 10:42:54,-17.2,-20.2,3.0,4.0,17.0
2026-08-08 10:41:54,-17.1,-20.2,3.0,4.0,17.0
2026-08-08 10:40:54,-17.1,-20.1,3.0,4.0,17.0
2026-08-08 10:39:54,-17.0,-20.1,3.0,4.0,17.0
2026-08-08 10:38:54,-17.0,-20.0,3.0,4.0,17.0
2026-08-08 10:37:54,-17.0,-20.0,3.0,4.0,17.0
2026-08-08 10:36:54,-16.9,-19.9,3.0,4.0,17.0
2026-08-08 10:35:54,-16.8,-19.8,3.0,4.0,17.0
2026-08-08 10:34:54,-16.7,-19.7,2.0,4.0,17.0
2026-08-08 10:33:54,-16.6,-19.7,2.0,4.0,17.0
2026-08-08 10:32:54,-16.6,-19.6,2.0,4.0,17.0
2026-08-08 10:31:54,-16.5,-19.5,2.0,4.0,17.0
2026-08-08 10:30:54,-16.5,-19.5,2.0,4.0,18.0
2026-08-08 10:29:54,-16.4,-19.4,2.0,4.0,18.0
2026-08-08 10:28:54,-16.3,-19.3,1.0,4.0,18.0
2026-08-08 10:27:54,-16.3,-19.2,1.0,4.0,18.0
2026-08-08 10:26:54,-16.2,-19.1,1.0,4.0,18.0
2026-08-08 10:25:54,-16.1,-19.0,1.0,4.0,18.0
2026-08-08 10:24:54,-16.0,-18.9,1.0,4.0,19.0
2026-08-08 10:23:54,-16.0,-18.7,0.0,4.0,19.0
2026-08-08 10:22:54,-15.9,-18.6,0.0,4.0,19.0
2026-08-08 10:21:54,-15.8,-18.5,0.0,4.0,20.0
2026-08-08 10:20:54,-15.7,-18.4,0.0,4.0,20.0
2026-08-08 10:19:54,-15.7,-18.2,0.0,4.0,21.0
2026-08-08 10:18:54,-15.6,-18.1,0.0,4.0,22.0
2026-08-08 10:17:54,-15.4,-18.0,0.0,3.0,24.0
2026-08-08 10:16:54,-15.3,-17.9,0.0,3.0,28.0
2026-08-08 10:15:54,-15.4,-18.0,0.0,3.0,29.0
2026-08-08 10:14:54,-15.5,-18.1,0.0,3.0,29.0
2026-08-08 10:13:54,-15.6,-18.2,0.0,4.0,28.0
2026-08-08 10:12:54,-15.8,-18.4,0.0,4.0,29.0
2026-08-08 10:11:54,-15.9,-18.5,0.0,4.0,28.0
2026-08-08 10:10:54,-16.1,-18.7,0.0,4.0,28.0
2026-08-08 10:09:54,-16.2,-18.8,0.0,4.0,27.0
2026-08-08 10:08:54,-16.4,-19.0,0.0,4.0,27.0
2026-08-08 10:07:54,-16.6,-19.2,0.0,4.0,26.0
2026-08-08 10:06:54,-16.8,-19.4,0.0,4.0,26.0
2026-08-08 10:05:54,-17.1,-19.6,1.0,4.0,25.0
2026-08-08 10:04:54,-17.2,-19.8,1.0,4.0,23.0
2026-08-08 10:03:54,-17.4,-20.1,2.0,4.0,22.0
2026-08-08 10:02:54,-17.6,-20.4,3.0,4.0,21.0
2026-08-08 10:01:54,-17.7,-20.6,4.0,4.0,19.0
2026-08-08 10:00:54,-17.7,-20.7,5.0,4.0,16.0
2026-08-08 09:59:54,-17.6,-20.7,5.0,4.0,16.0
2026-08-08 09:58:54,-17.6,-20.7,5.0,4.0,16.0
2026-08-08 09:57:54,-17.5,-20.6,5.0,4.0,16.0
2026-08-08 09:56:54,-17.5,-20.6,5.0,4.0,16.0
2026-08-08 09:55:54,-17.5,-20.5,5.0,4.0,16.0
2026-08-08 09:54:54,-17.4,-20.5,5.0,4.0,16.0
2026-08-08 09:53:54,-17.4,-20.5,5.0,4.0,16.0
2026-08-08 09:52:54,-17.3,-20.4,4.0,4.0,16.0
2026-08-08 09:51:54,-17.3,-20.4,4.0,4.0,16.0
2026-08-08 09:50:54,-17.3,-20.3,4.0,4.0,16.0
2026-08-08 09:49:54,-17.2,-20.3,4.0,4.0,16.0
2026-08-08 09:48:54,-17.2,-20.2,4.0,4.0,17.0
2026-08-08 09:47:54,-17.2,-20.2,4.0,4.0,17.0
2026-08-08 09:46:54,-17.1,-20.2,4.0,4.0,17.0
2026-08-08 09:45:54,-17.1,-20.1,4.0,4.0,17.0
2026-08-08 09:44:54,-17.0,-20.1,3.0,4.0,17.0
2026-08-08 09:43:54,-16.9,-20.0,3.0,4.0,17.0
2026-08-08 09:42:54,-16.9,-20.0,3.0,4.0,17.0
2026-08-08 09:41:54,-16.9,-19.9,3.0,4.0,17.0
2026-08-08 09:40:54,-16.8,-19.8,3.0,4.0,17.0
2026-08-08 09:39:54,-16.7,-19.8,3.0,4.0,17.0
2026-08-08 09:38:54,-16.7,-19.7,3.0,4.0,17.0
2026-08-08 09:37:54,-16.6,-19.7,3.0,4.0,17.0
2026-08-08 09:36:54,-16.6,-19.6,3.0,4.0,17.0
2026-08-08 09:35:54,-16.5,-19.5,2.0,4.0,17.0
2026-08-08 09:34:54,-16.4,-19.4,2.0,4.0,17.0
2026-08-08 09:33:54,-16.4,-19.4,2.0,4.0,18.0
2026-08-08 09:32:54,-16.3,-19.3,2.0,4.0,18.0
2026-08-08 09:31:54,-16.2,-19.2,2.0,4.0,18.0
2026-08-08 09:30:54,-16.2,-19.1,1.0,4.0,18.0
2026-08-08 09:29:54,-16.1,-19.0,1.0,4.0,18.0
2026-08-08 09:28:54,-16.0,-18.9,1.0,4.0,18.0
2026-08-08 09:27:54,-15.9,-18.8,1.0,4.0,19.0
2026-08-08 09:26:54,-15.8,-18.7,1.0,4.0,19.0
2026-08-08 09:25:54,-15.7,-18.5,0.0,4.0,19.0
2026-08-08 09:24:54,-15.7,-18.4,0.0,4.0,20.0
2026-08-08 09:23:54,-15.6,-18.3,0.0,4.0,20.0
2026-08-08 09:22:54,-15.5,-18.1,0.0,4.0,21.0
2026-08-08 09:21:54,-15.4,-18.0,0.0,4.0,21.0
2026-08-08 09:20:54,-15.3,-17.9,0.0,3.0,23.0
2026-08-08 09:19:54,-15.2,-17.7,0.0,3.0,25.0
2026-08-08 09:18:54,-15.1,-17.7,0.0,3.0,30.0
2026-08-08 09:17:54,-15.3,-17.9,0.0,3.0,30.0
2026-08-08 09:16:54,-15.4,-17.9,0.0,3.0,29.0
2026-08-08 09:15:54,-15.5,-18.1,0.0,3.0,29.0
2026-08-08 09:14:54,-15.6,-18.2,0.0,4.0,28.0
2026-08-08 09:13:54,-15.7,-18.4,0.0,4.0,28.0
2026-08-08 09:12:54,-15.9,-18.5,0.0,4.0,28.0
2026-08-08 09:11:54,-16.0,-18.6,0.0,4.0,27.0
2026-08-08 09:10:54,-16.2,-18.8,0.0,4.0,27.0
2026-08-08 09:09:54,-16.4,-19.0,0.0,4.0,26.0
2026-08-08 09:08:54,-16.6,-19.2,0.0,4.0,26.0
2026-08-08 09:07:54,-16.8,-19.4,1.0,4.0,25.0
2026-08-08 09:06:54,-17.0,-19.7,1.0,4.0,24.0
2026-08-08 09:05:54,-17.2,-19.9,2.0,4.0,23.0
2026-08-08 09:04:54,-17.4,-20.2,3.0,4.0,21.0
2026-08-08 09:03:54,-17.5,-20.4,4.0,4.0,19.0
2026-08-08 09:02:54,-17.5,-20.6,5.0,4.0,16.0
2026-08-08 09:01:54,-17.4,-20.5,5.0,4.0,16.0
2026-08-08 09:00:54,-17.4,-20.5,5.0,4.0,16.0
2026-08-08 08:59:54,-17.4,-20.5,5.0,4.0,16.0
2026-08-08 08:58:54,-17.4,-20.4,5.0,4.0,16.0
2026-08-08 08:57:54,-17.3,-20.4,5.0,4.0,16.0
2026-08-08 08:56:54,-17.3,-20.4,5.0,4.0,16.0
2026-08-08 08:55:54,-17.2,-20.3,5.0,4.0,16.0
2026-08-08 08:54:54,-17.3,-20.3,5.0,4.0,16.0
2026-08-08 08:53:54,-17.2,-20.2,5.0,4.0,16.0
2026-08-08 08:52:54,-17.1,-20.2,4.0,4.0,16.0
2026-08-08 08:51:54,-17.1,-20.1,4.0,4.0,16.0
2026-08-08 08:50:54,-17.0,-20.1,4.0,4.0,17.0
2026-08-08 08:49:54,-17.0,-20.0,4.0,4.0,17.0
2026-08-08 08:48:54,-16.9,-20.0,4.0,4.0,17.0
2026-08-08 08:47:54,-16.8,-19.9,4.0,4.0,17.0
2026-08-08 08:46:54,-16.8,-19.9,4.0,4.0,17.0
2026-08-08 08:45:54,-16.7,-19.8,4.0,4.0,17.0
2026-08-08 08:44:54,-16.7,-19.8,3.0,4.0,17.0
2026-08-08 08:43:54,-16.6,-19.7,3.0,4.0,17.0
2026-08-08 08:42:54,-16.5,-19.7,3.0,4.0,17.0
2026-08-08 08:41:54,-16.5,-19.6,3.0,4.0,17.0
2026-08-08 08:40:54,-16.5,-19.6,3.0,4.0,17.0
2026-08-08 08:39:54,-16.4,-19.5,3.0,4.0,17.0
2026-08-08 08:38:54,-16.4,-19.4,3.0,4.0,17.0
2026-08-08 08:37:54,-16.4,-19.3,3.0,4.0,17.0
2026-08-08 08:36:54,-16.3,-19.3,2.0,4.0,17.0
2026-08-08 08:35:54,-16.2,-19.2,2.0,4.0,18.0
2026-08-08 08:34:54,-16.1,-19.1,2.0,4.0,18.0
2026-08-08 08:33:54,-16.1,-19.0,2.0,4.0,18.0
2026-08-08 08:32:54,-16.0,-18.9,2.0,4.0,18.0
2026-08-08 08:31:54,-16.0,-18.9,1.0,4.0,18.0
2026-08-08 08:30:54,-15.9,-18.8,1.0,4.0,18.0
2026-08-08 08:29:54,-15.8,-18.6,1.0,4.0,18.0
2026-08-08 08:28:54,-15.7,-18.5,1.0,4.0,19.0
2026-08-08 08:27:54,-15.6,-18.4,1.0,4.0,19.0
2026-08-08 08:26:54,-15.5,-18.3,0.0,4.0,19.0
2026-08-08 08:25:54,-15.4,-18.2,0.0,4.0,20.0
2026-08-08 08:24:54,-15.4,-18.0,0.0,4.0,21.0
2026-08-08 08:23:54,-15.3,-17.9,0.0,4.0,21.0
2026-08-08 08:22:54,-15.2,-17.7,0.0,3.0,22.0
2026-08-08 08:21:54,-15.1,-17.6,0.0,3.0,23.0
2026-08-08 08:20:54,-14.9,-17.5,0.0,3.0,25.0
2026-08-08 08:19:54,-14.9,-17.4,0.0,3.0,30.0
2026-08-08 08:18:54,-15.0,-17.5,0.0,3.0,30.0
2026-08-08 08:17:54,-15.1,-17.7,0.0,3.0,30.0
2026-08-08 08:16:54,-15.2,-17.8,0.0,3.0,29.0
2026-08-08 08:15:54,-15.3,-17.9,0.0,4.0,29.0
2026-08-08 08:14:54,-15.4,-18.0,0.0,4.0,29.0
2026-08-08 08:13:54,-15.5,-18.1,0.0,4.0,29.0
2026-08-08 08:12:54,-15.7,-18.3,0.0,4.0,28.0
2026-08-08 08:11:54,-15.9,-18.4,0.0,4.0,27.0
2026-08-08 08:10:54,-16.0,-18.6,0.0,4.0,27.0
2026-08-08 08:09:54,-16.2,-18.7,0.0,4.0,27.0
2026-08-08 08:08:54,-16.4,-19.0,0.0,4.0,26.0
2026-08-08 08:07:54,-16.6,-19.2,1.0,4.0,26.0
2026-08-08 08:06:54,-16.8,-19.4,1.0,4.0,24.0
2026-08-08 08:05:54,-17.0,-19.7,2.0,4.0,23.0
2026-08-08 08:04:54,-17.2,-19.9,3.0,4.0,22.0
2026-08-08 08:03:54,-17.3,-20.2,4.0,4.0,20.0
2026-08-08 08:02:54,-17.2,-20.3,5.0,4.0,17.0
2026-08-08 08:01:54,-17.2,-20.3,5.0,4.0,16.0
2026-08-08 08:00:54,-17.2,-20.3,5.0,4.0,16.0
2026-08-08 07:59:54,-17.1,-20.2,5.0,4.0,16.0
2026-08-08 07:58:54,-17.1,-20.2,5.0,4.0,16.0
2026-08-08 07:57:54,-17.1,-20.2,5.0,4.0,17.0
2026-08-08 07:56:54,-17.0,-20.1,5.0,4.0,17.0
2026-08-08 07:55:54,-17.0,-20.1,5.0,4.0,17.0
2026-08-08 07:54:54,-16.9,-20.0,5.0,4.0,17.0
2026-08-08 07:53:54,-16.9,-20.0,5.0,4.0,17.0
2026-08-08 07:52:54,-16.9,-20.0,4.0,4.0,17.0
2026-08-08 07:51:54,-16.8,-19.9,4.0,4.0,17.0
2026-08-08 07:50:54,-16.8,-19.9,4.0,4.0,17.0
2026-08-08 07:49:54,-16.7,-19.8,4.0,4.0,17.0
2026-08-08 07:48:54,-16.7,-19.8,4.0,4.0,17.0
2026-08-08 07:47:54,-16.7,-19.7,4.0,4.0,17.0
2026-08-08 07:46:54,-16.6,-19.6,4.0,4.0,17.0
2026-08-08 07:45:54,-16.6,-19.6,4.0,4.0,17.0
2026-08-08 07:44:54,-16.5,-19.5,4.0,4.0,17.0
2026-08-08 07:43:54,-16.5,-19.5,3.0,4.0,17.0
2026-08-08 07:42:54,-16.4,-19.4,3.0,4.0,17.0
2026-08-08 07:41:54,-16.3,-19.4,3.0,4.0,17.0
2026-08-08 07:40:54,-16.2,-19.3,3.0,4.0,17.0
2026-08-08 07:39:54,-16.2,-19.2,3.0,4.0,17.0
2026-08-08 07:38:54,-16.2,-19.2,3.0,4.0,17.0
2026-08-08 07:37:54,-16.1,-19.1,3.0,4.0,18.0
2026-08-08 07:36:54,-16.0,-19.0,2.0,4.0,18.0
2026-08-08 07:35:54,-15.9,-19.0,2.0,4.0,18.0
2026-08-08 07:34:54,-15.9,-18.9,2.0,4.0,18.0
2026-08-08 07:33:54,-15.8,-18.8,2.0,4.0,18.0
2026-08-08 07:32:54,-15.7,-18.7,2.0,4.0,18.0
2026-08-08 07:31:54,-15.6,-18.6,1.0,4.0,18.0
2026-08-08 07:30:54,-15.6,-18.5,1.0,4.0,19.0
2026-08-08 07:29:54,-15.5,-18.4,1.0,4.0,19.0
2026-08-08 07:28:54,-15.5,-18.2,1.0,4.0,19.0
2026-08-08 07:27:54,-15.4,-18.1,1.0,4.0,19.0
2026-08-08 07:26:54,-15.3,-18.0,0.0,4.0,20.0
2026-08-08 07:25:54,-15.2,-17.9,0.0,4.0,20.0
2026-08-08 07:24:54,-15.1,-17.7,0.0,4.0,21.0
2026-08-08 07:23:54,-15.0,-17.6,0.0,4.0,21.0
2026-08-08 07:22:54,-14.9,-17.4,0.0,3.0,22.0
2026-08-08 07:21:54,-14.7,-17.3,0.0,3.0,23.0
2026-08-08 07:20:54,-14.6,-17.2,0.0,3.0,26.0
2026-08-08 07:19:54,-14.6,-17.2,0.0,3.0,30.0
2026-08-08 07:18:54,-14.7,-17.3,0.0,3.0,30.0
2026-08-08 07:17:54,-14.8,-17.4,0.0,3.0,29.0
2026-08-08 07:16:54,-14.9,-17.5,0.0,3.0,30.0
2026-08-08 07:15:54,-15.1,-17.6,0.0,3.0,29.0
2026-08-08 07:14:54,-15.2,-17.7,0.0,4.0,29.0
2026-08-08 07:13:54,-15.3,-17.9,0.0,4.0,29.0
2026-08-08 07:12:54,-15.5,-18.0,0.0,4.0,28.0
2026-08-08 07:11:54,-15.6,-18.1,0.0,4.0,28.0
2026-08-08 07:10:54,-15.7,-18.3,0.0,4.0,28.0
2026-08-08 07:09:54,-15.9,-18.5,0.0,4.0,27.0
2026-08-08 07:08:54,-16.1,-18.7,0.0,4.0,26.0
2026-08-08 07:07:54,-16.3,-18.9,1.0,4.0,25.0
2026-08-08 07:06:54,-16.5,-19.1,1.0,4.0,25.0
2026-08-08 07:05:54,-16.7,-19.3,2.0,4.0,24.0
2026-08-08 07:04:54,-16.9,-19.6,3.0,4.0,23.0
2026-08-08 07:03:54,-17.0,-19.9,3.0,4.0,21.0
2026-08-08 07:02:54,-17.1,-20.1,5.0,4.0,18.0
2026-08-08 07:01:54,-17.0,-20.1,6.0,4.0,17.0
2026-08-08 07:00:54,-17.0,-20.1,5.0,4.0,17.0
2026-08-08 06:59:54,-17.0,-20.0,5.0,4.0,17.0
2026-08-08 06:58:54,-16.9,-20.0,5.0,4.0,17.0
2026-08-08 06:57:54,-16.9,-20.0,5.0,4.0,17.0
2026-08-08 06:56:54,-16.9,-19.9,5.0,4.0,17.0
2026-08-08 06:55:54,-16.9,-19.9,5.0,4.0,17.0
2026-08-08 06:54:54,-16.8,-19.8,5.0,4.0,17.0
2026-08-08 06:53:54,-16.8,-19.8,5.0,4.0,17.0
2026-08-08 06:52:54,-16.7,-19.7,5.0,4.0,17.0
2026-08-08 06:51:54,-16.6,-19.7,5.0,4.0,17.0
2026-08-08 06:50:54,-16.6,-19.6,5.0,4.0,17.0
2026-08-08 06:49:54,-16.5,-19.6,4.0,4.0,17.0
2026-08-08 06:48:54,-16.5,-19.6,4.0,4.0,17.0
2026-08-08 06:47:54,-16.5,-19.5,4.0,4.0,17.0
2026-08-08 06:46:54,-16.4,-19.5,4.0,4.0,17.0
2026-08-08 06:45:54,-16.4,-19.4,4.0,4.0,17.0
2026-08-08 06:44:54,-16.3,-19.4,4.0,4.0,17.0
2026-08-08 06:43:54,-16.3,-19.3,4.0,4.0,17.0
2026-08-08 06:42:54,-16.2,-19.3,3.0,4.0,17.0
2026-08-08 06:41:54,-16.1,-19.2,3.0,4.0,17.0
2026-08-08 06:40:54,-16.1,-19.1,3.0,4.0,17.0
2026-08-08 06:39:54,-16.0,-19.0,3.0,4.0,17.0
2026-08-08 06:38:54,-15.9,-19.0,3.0,4.0,17.0
2026-08-08 06:37:54,-15.9,-18.9,3.0,4.0,18.0
2026-08-08 06:36:54,-15.9,-18.9,3.0,4.0,18.0
2026-08-08 06:35:54,-15.8,-18.8,3.0,4.0,18.0
2026-08-08 06:34:54,-15.7,-18.7,2.0,4.0,18.0
2026-08-08 06:33:54,-15.7,-18.6,2.0,4.0,18.0
2026-08-08 06:32:54,-15.6,-18.6,2.0,4.0,18.0
2026-08-08 06:31:54,-15.5,-18.5,2.0,4.0,18.0
2026-08-08 06:30:54,-15.5,-18.4,2.0,4.0,18.0
2026-08-08 06:29:54,-15.3,-18.3,2.0,4.0,19.0
2026-08-08 06:28:54,-15.3,-18.2,1.0,4.0,19.0
2026-08-08 06:27:54,-15.3,-18.1,1.0,4.0,19.0
2026-08-08 06:26:54,-15.2,-18.0,1.0,4.0,19.0
2026-08-08 06:25:54,-15.0,-17.8,1.0,4.0,20.0
2026-08-08 06:24:54,-14.9,-17.7,0.0,4.0,20.0
2026-08-08 06:23:54,-14.8,-17.5,0.0,4.0,20.0
2026-08-08 06:22:54,-14.7,-17.4,0.0,4.0,21.0
2026-08-08 06:21:54,-14.6,-17.3,0.0,4.0,21.0
2026-08-08 06:20:54,-14.5,-17.1,0.0,4.0,22.0
2026-08-08 06:19:54,-14.4,-17.0,0.0,4.0,23.0
2026-08-08 06:18:54,-14.2,-16.8,0.0,3.0,24.0
2026-08-08 06:17:54,-14.1,-16.7,0.0,3.0,28.0
2026-08-08 06:16:54,-14.2,-16.8,0.0,3.0,31.0
2026-08-08 06:15:54,-14.3,-16.9,0.0,3.0,30.0
2026-08-08 06:14:54,-14.4,-16.9,0.0,3.0,31.0
2026-08-08 06:13:54,-14.5,-17.0,0.0,3.0,30.0
2026-08-08 06:12:54,-14.5,-17.1,0.0,3.0,30.0
2026-08-08 06:11:54,-14.7,-17.2,0.0,3.0,30.0
2026-08-08 06:10:54,-14.8,-17.4,0.0,4.0,29.0
2026-08-08 06:09:54,-14.9,-17.5,0.0,4.0,30.0
2026-08-08 06:08:54,-15.0,-17.6,0.0,4.0,29.0
2026-08-08 06:07:54,-15.1,-17.7,0.0,4.0,29.0
2026-08-08 06:06:54,-15.3,-17.9,0.0,4.0,28.0
2026-08-08 06:05:54,-15.5,-18.0,0.0,4.0,27.0
2026-08-08 06:04:54,-15.7,-18.2,0.0,4.0,27.0
2026-08-08 06:03:54,-15.8,-18.4,1.0,4.0,27.0
2026-08-08 06:02:54,-16.0,-18.6,1.0,4.0,26.0
2026-08-08 06:01:54,-16.2,-18.8,1.0,4.0,25.0
2026-08-08 06:00:54,-16.4,-19.1,2.0,4.0,24.0
2026-08-08 05:59:54,-16.6,-19.3,3.0,4.0,23.0
2026-08-08 05:58:54,-16.8,-19.6,4.0,4.0,21.0
2026-08-08 05:57:54,-16.8,-19.8,5.0,4.0,19.0
2026-08-08 05:56:54,-16.7,-19.8,6.0,4.0,17.0
2026-08-08 05:55:54,-16.7,-19.8,6.0,4.0,17.0
2026-08-08 05:54:54,-16.7,-19.8,6.0,4.0,17.0
2026-08-08 05:53:54,-16.6,-19.7,6.0,4.0,17.0
2026-08-08 05:52:54,-16.6,-19.7,6.0,4.0,17.0
2026-08-08 05:51:54,-16.6,-19.7,5.0,4.0,17.0
2026-08-08 05:50:54,-16.5,-19.6,5.0,4.0,17.0
2026-08-08 05:49:54,-16.5,-19.6,5.0,4.0,17.0
2026-08-08 05:48:54,-16.5,-19.5,5.0,4.0,17.0
2026-08-08 05:47:54,-16.5,-19.5,5.0,4.0,17.0
2026-08-08 05:46:54,-16.4,-19.5,5.0,4.0,17.0
2026-08-08 05:45:54,-16.3,-19.4,5.0,4.0,17.0
2026-08-08 05:44:54,-16.3,-19.4,5.0,4.0,17.0
2026-08-08 05:43:54,-16.3,-19.3,5.0,4.0,17.0
2026-08-08 05:42:54,-16.2,-19.3,4.0,4.0,17.0
2026-08-08 05:41:54,-16.2,-19.2,4.0,4.0,17.0
2026-08-08 05:40:54,-16.1,-19.2,4.0,4.0,17.0
2026-08-08 05:39:54,-16.1,-19.1,4.0,4.0,17.0
2026-08-08 05:38:54,-16.0,-19.0,4.0,4.0,17.0
2026-08-08 05:37:54,-16.0,-19.0,4.0,4.0,17.0
2026-08-08 05:36:54,-15.9,-18.9,4.0,4.0,17.0
2026-08-08 05:35:54,-15.8,-18.9,4.0,4.0,18.0
2026-08-08 05:34:54,-15.8,-18.8,3.0,4.0,18.0
2026-08-08 05:33:54,-15.7,-18.8,3.0,4.0,18.0
2026-08-08 05:32:54,-15.7,-18.7,3.0,4.0,18.0
2026-08-08 05:31:54,-15.6,-18.6,3.0,4.0,18.0
2026-08-08 05:30:54,-15.5,-18.6,3.0,4.0,18.0
2026-08-08 05:29:54,-15.5,-18.5,3.0,4.0,18.0
2026-08-08 05:28:54,-15.5,-18.4,3.0,4.0,18.0
2026-08-08 05:27:54,-15.4,-18.3,2.0,4.0,18.0
2026-08-08 05:26:54,-15.3,-18.3,2.0,4.0,18.0
2026-08-08 05:25:54,-15.2,-18.2,2.0,4.0,18.0
2026-08-08 05:24:54,-15.1,-18.1,2.0,4.0,19.0
2026-08-08 05:23:54,-15.1,-18.0,2.0,4.0,19.0
2026-08-08 05:22:54,-15.0,-17.9,2.0,4.0,19.0
2026-08-08 05:21:54,-14.9,-17.8,1.0,4.0,19.0
2026-08-08 05:20:54,-14.8,-17.7,1.0,4.0,19.0
2026-08-08 05:19:54,-14.7,-17.5,1.0,4.0,20.0
2026-08-08 05:18:54,-14.7,-17.4,1.0,4.0,20.0
2026-08-08 05:17:54,-14.6,-17.3,1.0,4.0,20.0
2026-08-08 05:16:54,-14.4,-17.1,0.0,4.0,21.0
2026-08-08 05:15:54,-14.3,-17.0,0.0,4.0,21.0
2026-08-08 05:14:54,-14.3,-16.9,0.0,4.0,21.0
2026-08-08 05:13:54,-14.1,-16.7,0.0,4.0,22.0
2026-08-08 05:12:54,-14.0,-16.5,0.0,4.0,23.0
2026-08-08 05:11:54,-13.9,-16.4,0.0,3.0,25.0
2026-08-08 05:10:54,-13.7,-16.3,0.0,3.0,28.0
2026-08-08 05:09:54,-13.7,-16.3,0.0,3.0,31.0
2026-08-08 05:08:54,-13.8,-16.4,0.0,3.0,31.0
2026-08-08 05:07:54,-13.9,-16.5,0.0,3.0,31.0
2026-08-08 05:06:54,-14.0,-16.6,0.0,3.0,31.0
2026-08-08 05:05:54,-14.1,-16.6,0.0,3.0,31.0
2026-08-08 05:04:54,-14.2,-16.7,0.0,4.0,31.0
2026-08-08 05:03:54,-14.3,-16.8,0.0,4.0,30.0
2026-08-08 05:02:54,-14.4,-17.0,0.0,4.0,30.0
2026-08-08 05:01:54,-14.5,-17.1,0.0,4.0,30.0
2026-08-08 05:00:54,-14.7,-17.2,0.0,4.0,30.0
2026-08-08 04:59:54,-14.8,-17.3,0.0,4.0,29.0
2026-08-08 04:58:54,-15.0,-17.5,0.0,4.0,29.0
2026-08-08 04:57:54,-15.2,-17.6,0.0,4.0,28.0
2026-08-08 04:56:54,-15.3,-17.9,0.0,4.0,28.0
2026-08-08 04:55:54,-15.5,-18.1,1.0,3.0,27.0
2026-08-08 04:54:54,-15.8,-18.3,1.0,3.0,26.0
2026-08-08 04:53:54,-16.0,-18.6,1.0,3.0,25.0
2026-08-08 04:52:54,-16.2,-18.9,2.0,3.0,24.0
2026-08-08 04:51:54,-16.4,-19.2,2.0,3.0,22.0
2026-08-08 04:50:54,-16.5,-19.4,4.0,3.0,19.0
2026-08-08 04:49:54,-16.4,-19.5,5.0,3.0,17.0
2026-08-08 04:48:54,-16.4,-19.4,5.0,3.0,17.0
2026-08-08 04:47:54,-16.4,-19.4,5.0,3.0,17.0
2026-08-08 04:46:54,-16.3,-19.3,4.0,3.0,17.0
2026-08-08 04:45:54,-16.3,-19.3,4.0,3.0,17.0
2026-08-08 04:44:54,-16.2,-19.3,4.0,3.0,17.0
2026-08-08 04:43:54,-16.2,-19.2,4.0,3.0,17.0
2026-08-08 04:42:54,-16.2,-19.2,4.0,3.0,17.0
2026-08-08 04:41:54,-16.1,-19.1,4.0,3.0,17.0
2026-08-08 04:40:54,-16.1,-19.1,4.0,3.0,17.0
2026-08-08 04:39:54,-16.0,-19.0,4.0,3.0,17.0
2026-08-08 04:38:54,-16.0,-19.0,4.0,3.0,17.0
2026-08-08 04:37:54,-15.9,-18.9,4.0,3.0,17.0
2026-08-08 04:36:54,-15.9,-18.9,4.0,3.0,18.0
2026-08-08 04:35:54,-15.8,-18.8,4.0,3.0,18.0
2026-08-08 04:34:54,-15.7,-18.8,4.0,3.0,18.0
2026-08-08 04:33:54,-15.7,-18.7,4.0,4.0,18.0
2026-08-08 04:32:54,-15.6,-18.7,4.0,4.0,18.0
2026-08-08 04:31:54,-15.7,-18.6,4.0,4.0,18.0
2026-08-08 04:30:54,-15.6,-18.6,4.0,4.0,18.0
2026-08-08 04:29:54,-15.5,-18.5,5.0,4.0,18.0
2026-08-08 04:28:54,-15.4,-18.4,3.0,4.0,18.0
2026-08-08 04:27:54,-15.3,-18.4,3.0,4.0,18.0
2026-08-08 04:26:54,-15.3,-18.3,2.0,4.0,18.0
2026-08-08 04:25:54,-15.2,-18.2,2.0,4.0,18.0
2026-08-08 04:24:54,-15.2,-18.1,2.0,4.0,18.0
2026-08-08 04:23:54,-15.1,-18.0,2.0,4.0,18.0
2026-08-08 04:22:54,-15.0,-18.0,2.0,4.0,18.0
2026-08-08 04:21:54,-15.0,-17.9,2.0,4.0,19.0
2026-08-08 04:20:54,-14.9,-17.8,1.0,4.0,19.0
2026-08-08 04:19:54,-14.8,-17.7,1.0,4.0,19.0
2026-08-08 04:18:54,-14.7,-17.6,1.0,4.0,19.0
2026-08-08 04:17:54,-14.6,-17.4,1.0,4.0,19.0
2026-08-08 04:16:54,-14.5,-17.3,1.0,4.0,20.0
2026-08-08 04:15:54,-14.4,-17.2,1.0,4.0,20.0
2026-08-08 04:14:54,-14.3,-17.1,0.0,4.0,20.0
2026-08-08 04:13:54,-14.2,-16.9,0.0,3.0,21.0
2026-08-08 04:12:54,-14.2,-16.8,0.0,4.0,22.0
2026-08-08 04:11:54,-14.0,-16.7,0.0,3.0,22.0
2026-08-08 04:10:54,-13.9,-16.5,0.0,3.0,23.0
2026-08-08 04:09:54,-13.8,-16.3,0.0,3.0,24.0
2026-08-08 04:08:54,-13.6,-16.2,0.0,3.0,26.0
2026-08-08 04:07:54,-13.5,-16.1,0.0,3.0,30.0
2026-08-08 04:06:54,-13.6,-16.2,0.0,2.0,31.0
2026-08-08 04:05:54,-13.6,-16.2,0.0,3.0,31.0
2026-08-08 04:04:54,-13.7,-16.3,0.0,3.0,31.0
2026-08-08 04:03:54,-13.8,-16.4,0.0,3.0,31.0
2026-08-08 04:02:54,-13.9,-16.5,0.0,3.0,31.0
2026-08-08 04:01:54,-14.0,-16.6,0.0,3.0,31.0
2026-08-08 04:00:54,-14.1,-16.7,0.0,3.0,30.0
2026-08-08 03:59:54,-14.2,-16.8,0.0,3.0,30.0
2026-08-08 03:58:54,-14.3,-16.9,0.0,4.0,30.0
2026-08-08 03:57:54,-14.5,-17.1,0.0,4.0,30.0
2026-08-08 03:56:54,-14.6,-17.2,0.0,4.0,29.0
2026-08-08 03:55:54,-14.8,-17.4,0.0,4.0,29.0
2026-08-08 03:54:54,-14.9,-17.5,0.0,4.0,28.0
2026-08-08 03:53:54,-15.1,-17.7,0.0,4.0,28.0
2026-08-08 03:52:54,-15.3,-17.9,1.0,4.0,27.0
2026-08-08 03:51:54,-15.4,-18.1,1.0,4.0,27.0
2026-08-08 03:50:54,-15.6,-18.3,2.0,4.0,26.0
2026-08-08 03:49:54,-15.9,-18.6,2.0,4.0,25.0
2026-08-08 03:48:54,-16.1,-18.8,3.0,4.0,23.0
2026-08-08 03:47:54,-16.3,-19.1,3.0,4.0,21.0
2026-08-08 03:46:54,-16.3,-19.3,5.0,4.0,18.0
2026-08-08 03:45:54,-16.3,-19.3,5.0,4.0,17.0
2026-08-08 03:44:54,-16.2,-19.3,5.0,4.0,17.0
2026-08-08 03:43:54,-16.2,-19.2,5.0,4.0,17.0
2026-08-08 03:42:54,-16.1,-19.2,5.0,4.0,17.0
2026-08-08 03:41:54,-16.1,-19.1,5.0,4.0,17.0
2026-08-08 03:40:54,-16.1,-19.1,5.0,4.0,17.0
2026-08-08 03:39:54,-16.0,-19.1,5.0,4.0,17.0
2026-08-08 03:38:54,-16.0,-19.0,5.0,4.0,17.0
2026-08-08 03:37:54,-15.9,-19.0,5.0,4.0,17.0
2026-08-08 03:36:54,-15.9,-18.9,5.0,4.0,17.0
2026-08-08 03:35:54,-15.9,-18.9,5.0,4.0,17.0
2026-08-08 03:34:54,-15.8,-18.8,4.0,4.0,17.0
2026-08-08 03:33:54,-15.8,-18.8,4.0,4.0,17.0
2026-08-08 03:32:54,-15.7,-18.7,4.0,4.0,17.0
2026-08-08 03:31:54,-15.6,-18.7,4.0,4.0,17.0
2026-08-08 03:30:54,-15.5,-18.6,4.0,4.0,17.0
2026-08-08 03:29:54,-15.5,-18.6,4.0,4.0,18.0
2026-08-08 03:28:54,-15.5,-18.5,4.0,4.0,18.0
2026-08-08 03:27:54,-15.4,-18.5,4.0,4.0,18.0
2026-08-08 03:26:54,-15.4,-18.4,4.0,4.0,18.0
2026-08-08 03:25:54,-15.3,-18.3,3.0,4.0,18.0
2026-08-08 03:24:54,-15.3,-18.3,3.0,4.0,18.0
2026-08-08 03:23:54,-15.2,-18.2,3.0,4.0,18.0
2026-08-08 03:22:54,-15.1,-18.1,3.0,4.0,18.0
2026-08-08 03:21:54,-15.1,-18.1,3.0,4.0,18.0
2026-08-08 03:20:54,-15.0,-18.0,3.0,4.0,18.0
2026-08-08 03:19:54,-15.0,-18.0,3.0,4.0,18.0
2026-08-08 03:18:54,-14.9,-17.9,3.0,4.0,18.0
2026-08-08 03:17:54,-14.8,-17.8,2.0,4.0,18.0
2026-08-08 03:16:54,-14.7,-17.7,2.0,4.0,18.0
2026-08-08 03:15:54,-14.7,-17.6,2.0,4.0,19.0
2026-08-08 03:14:54,-14.6,-17.5,2.0,4.0,19.0
2026-08-08 03:13:54,-14.5,-17.4,2.0,4.0,19.0
2026-08-08 03:12:54,-14.4,-17.3,2.0,4.0,19.0
2026-08-08 03:11:54,-14.4,-17.3,1.0,4.0,19.0
2026-08-08 03:10:54,-14.3,-17.1,1.0,4.0,20.0
2026-08-08 03:09:54,-14.2,-17.0,1.0,4.0,20.0
2026-08-08 03:08:54,-14.1,-16.9,1.0,4.0,20.0
2026-08-08 03:07:54,-14.0,-16.7,1.0,4.0,20.0
2026-08-08 03:06:54,-13.9,-16.6,1.0,4.0,21.0
2026-08-08 03:05:54,-13.7,-16.5,0.0,4.0,21.0
2026-08-08 03:04:54,-13.6,-16.3,0.0,3.0,21.0
2026-08-08 03:03:54,-13.6,-16.2,0.0,3.0,22.0
2026-08-08 03:02:54,-13.5,-16.0,0.0,3.0,22.0
2026-08-08 03:01:54,-13.3,-15.9,0.0,3.0,23.0
2026-08-08 03:00:54,-13.1,-15.7,0.0,3.0,24.0
2026-08-08 02:59:54,-13.0,-15.5,0.0,3.0,27.0
2026-08-08 02:58:54,-12.8,-15.4,0.0,2.0,30.0
2026-08-08 02:57:54,-12.9,-15.4,0.0,2.0,32.0
2026-08-08 02:56:54,-12.9,-15.5,0.0,3.0,32.0
2026-08-08 02:55:54,-13.0,-15.6,0.0,3.0,32.0
2026-08-08 02:54:54,-13.1,-15.6,0.0,3.0,32.0
2026-08-08 02:53:54,-13.1,-15.7,0.0,3.0,32.0
2026-08-08 02:52:54,-13.2,-15.7,0.0,3.0,32.0
2026-08-08 02:51:54,-13.3,-15.8,0.0,3.0,32.0
2026-08-08 02:50:54,-13.4,-15.9,0.0,3.0,32.0
2026-08-08 02:49:54,-13.5,-16.0,0.0,3.0,32.0
2026-08-08 02:48:54,-13.6,-16.1,0.0,4.0,31.0
2026-08-08 02:47:54,-13.8,-16.3,0.0,4.0,30.0
2026-08-08 02:46:54,-14.0,-16.4,1.0,4.0,29.0
2026-08-08 02:45:54,-14.1,-16.6,0.0,4.0,29.0
2026-08-08 02:44:54,-14.2,-16.8,0.0,4.0,30.0
2026-08-08 02:43:54,-14.4,-16.9,0.0,4.0,29.0
2026-08-08 02:42:54,-14.5,-17.1,0.0,4.0,29.0
2026-08-08 02:41:54,-14.7,-17.2,0.0,4.0,29.0
2026-08-08 02:40:54,-14.8,-17.4,1.0,4.0,28.0
2026-08-08 02:39:54,-15.0,-17.6,1.0,4.0,27.0
2026-08-08 02:38:54,-15.2,-17.8,1.0,4.0,27.0
2026-08-08 02:37:54,-15.4,-18.0,2.0,4.0,26.0
2026-08-08 02:36:54,-15.6,-18.3,3.0,4.0,25.0
2026-08-08 02:35:54,-15.8,-18.6,3.0,4.0,23.0
2026-08-08 02:34:54,-16.0,-18.8,4.0,4.0,21.0
2026-08-08 02:33:54,-16.0,-19.0,5.0,4.0,18.0
2026-08-08 02:32:54,-16.0,-19.0,5.0,4.0,17.0
2026-08-08 02:31:54,-15.9,-19.0,5.0,4.0,17.0
2026-08-08 02:30:54,-15.9,-18.9,5.0,4.0,17.0
2026-08-08 02:29:54,-15.9,-18.9,5.0,4.0,17.0
2026-08-08 02:28:54,-15.8,-18.8,5.0,4.0,17.0
2026-08-08 02:27:54,-15.7,-18.8,5.0,4.0,17.0
2026-08-08 02:26:54,-15.7,-18.7,5.0,4.0,17.0
2026-08-08 02:25:54,-15.6,-18.7,5.0,4.0,17.0
2026-08-08 02:24:54,-15.6,-18.6,5.0,4.0,17.0
2026-08-08 02:23:54,-15.5,-18.6,5.0,4.0,17.0
2026-08-08 02:22:54,-15.5,-18.5,4.0,4.0,18.0
2026-08-08 02:21:54,-15.4,-18.5,4.0,4.0,18.0
2026-08-08 02:20:54,-15.4,-18.4,4.0,4.0,18.0
2026-08-08 02:19:54,-15.3,-18.4,4.0,4.0,18.0
2026-08-08 02:18:54,-15.3,-18.3,4.0,4.0,18.0
2026-08-08 02:17:54,-15.2,-18.2,4.0,4.0,18.0
2026-08-08 02:16:54,-15.2,-18.2,4.0,4.0,18.0
2026-08-08 02:15:54,-15.2,-18.2,4.0,4.0,18.0
2026-08-08 02:14:54,-15.1,-18.1,3.0,4.0,18.0
2026-08-08 02:13:54,-15.0,-18.0,3.0,4.0,18.0
2026-08-08 02:12:54,-14.9,-18.0,3.0,4.0,18.0
2026-08-08 02:11:54,-14.8,-17.9,3.0,4.0,18.0
2026-08-08 02:10:54,-14.8,-17.8,3.0,4.0,18.0
2026-08-08 02:09:54,-14.7,-17.7,3.0,4.0,18.0
2026-08-08 02:08:54,-14.7,-17.7,3.0,4.0,18.0
2026-08-08 02:07:54,-14.6,-17.6,2.0,4.0,18.0
2026-08-08 02:06:54,-14.5,-17.5,2.0,4.0,19.0
2026-08-08 02:05:54,-14.5,-17.4,2.0,4.0,19.0
2026-08-08 02:04:54,-14.4,-17.3,2.0,4.0,19.0
2026-08-08 02:03:54,-14.3,-17.2,2.0,4.0,19.0
2026-08-08 02:02:54,-14.3,-17.1,2.0,4.0,19.0
2026-08-08 02:01:54,-14.2,-17.0,1.0,4.0,19.0
2026-08-08 02:00:54,-14.1,-16.9,1.0,4.0,20.0
2026-08-08 01:59:54,-14.0,-16.8,1.0,4.0,20.0
2026-08-08 01:58:54,-13.9,-16.7,1.0,4.0,20.0
2026-08-08 01:57:54,-13.8,-16.6,1.0,4.0,20.0
2026-08-08 01:56:54,-13.7,-16.4,1.0,4.0,21.0
2026-08-08 01:55:54,-13.5,-16.3,0.0,3.0,21.0
2026-08-08 01:54:54,-13.4,-16.2,0.0,3.0,21.0
2026-08-08 01:53:54,-13.3,-16.0,0.0,3.0,22.0
2026-08-08 01:52:54,-13.2,-15.9,0.0,3.0,23.0
2026-08-08 01:51:54,-13.1,-15.7,0.0,3.0,23.0
2026-08-08 01:50:54,-13.0,-15.5,0.0,3.0,24.0
2026-08-08 01:49:54,-12.8,-15.3,0.0,3.0,25.0
2026-08-08 01:48:54,-12.6,-15.2,0.0,3.0,27.0
2026-08-08 01:47:54,-12.5,-15.1,0.0,2.0,31.0
2026-08-08 01:46:54,-12.5,-15.1,0.0,2.0,33.0
2026-08-08 01:45:54,-12.6,-15.1,0.0,2.0,33.0
2026-08-08 01:44:54,-12.7,-15.2,0.0,2.0,33.0
2026-08-08 01:43:54,-12.7,-15.3,0.0,3.0,33.0
2026-08-08 01:42:54,-12.7,-15.3,0.0,3.0,32.0
2026-08-08 01:41:54,-12.8,-15.4,0.0,3.0,32.0
2026-08-08 01:40:54,-12.9,-15.4,0.0,3.0,32.0
2026-08-08 01:39:54,-12.9,-15.5,0.0,3.0,32.0
2026-08-08 01:38:54,-13.0,-15.6,0.0,3.0,32.0
2026-08-08 01:37:54,-13.0,-15.6,0.0,3.0,32.0
2026-08-08 01:36:54,-13.2,-15.7,0.0,3.0,32.0
2026-08-08 01:35:54,-13.2,-15.8,0.0,3.0,32.0
2026-08-08 01:34:54,-13.3,-15.9,0.0,4.0,32.0
2026-08-08 01:33:54,-13.4,-16.0,0.0,4.0,31.0
2026-08-08 01:32:54,-13.5,-16.0,0.0,4.0,31.0
2026-08-08 01:31:54,-13.6,-16.2,0.0,4.0,31.0
2026-08-08 01:30:54,-13.7,-16.2,0.0,4.0,31.0
2026-08-08 01:29:54,-13.8,-16.4,0.0,4.0,30.0
2026-08-08 01:28:54,-13.9,-16.5,0.0,4.0,30.0
2026-08-08 01:27:54,-14.1,-16.6,1.0,4.0,30.0
2026-08-08 01:26:54,-14.3,-16.8,1.0,4.0,29.0
2026-08-08 01:25:54,-14.5,-17.0,1.0,3.0,29.0
2026-08-08 01:24:54,-14.7,-17.2,2.0,3.0,28.0
2026-08-08 01:23:54,-14.9,-17.4,2.0,3.0,27.0
2026-08-08 01:22:54,-15.2,-17.7,2.0,3.0,27.0
2026-08-08 01:21:54,-15.4,-18.0,2.0,4.0,26.0
2026-08-08 01:20:54,-15.6,-18.3,3.0,4.0,23.0
2026-08-08 01:19:54,-15.8,-18.6,5.0,4.0,21.0
2026-08-08 01:18:54,-15.9,-18.8,6.0,4.0,18.0
2026-08-08 01:17:54,-15.8,-18.8,6.0,4.0,18.0
2026-08-08 01:16:54,-15.8,-18.7,6.0,4.0,18.0
2026-08-08 01:15:54,-15.7,-18.7,5.0,4.0,18.0
2026-08-08 01:14:54,-15.7,-18.7,5.0,4.0,18.0
2026-08-08 01:13:54,-15.6,-18.6,5.0,4.0,18.0
2026-08-08 01:12:54,-15.6,-18.6,4.0,4.0,17.0
2026-08-08 01:11:54,-15.6,-18.5,4.0,4.0,17.0
2026-08-08 01:10:54,-15.5,-18.5,4.0,4.0,17.0
2026-08-08 01:09:54,-15.4,-18.4,4.0,4.0,17.0
2026-08-08 01:08:54,-15.4,-18.4,4.0,4.0,18.0
2026-08-08 01:07:54,-15.3,-18.3,3.0,4.0,18.0
2026-08-08 01:06:54,-15.3,-18.3,3.0,4.0,18.0
2026-08-08 01:05:54,-15.2,-18.2,3.0,4.0,18.0
2026-08-08 01:04:54,-15.2,-18.1,3.0,4.0,18.0
2026-08-08 01:03:54,-15.1,-18.1,3.0,4.0,18.0
2026-08-08 01:02:54,-15.0,-18.0,3.0,4.0,18.0
2026-08-08 01:01:54,-14.9,-17.9,3.0,4.0,18.0
2026-08-08 01:00:54,-14.8,-17.8,3.0,4.0,18.0
2026-08-08 00:59:54,-14.8,-17.8,2.0,4.0,18.0
2026-08-08 00:58:54,-14.7,-17.7,2.0,4.0,18.0
2026-08-08 00:57:54,-14.6,-17.6,2.0,4.0,18.0
2026-08-08 00:56:54,-14.6,-17.5,2.0,4.0,18.0
2026-08-08 00:55:54,-14.5,-17.5,2.0,4.0,19.0
2026-08-08 00:54:54,-14.5,-17.4,2.0,4.0,19.0
2026-08-08 00:53:54,-14.4,-17.2,1.0,4.0,19.0
2026-08-08 00:52:54,-14.3,-17.2,1.0,4.0,19.0
2026-08-08 00:51:54,-14.2,-17.1,1.0,4.0,19.0
2026-08-08 00:50:54,-14.2,-16.9,1.0,4.0,20.0
2026-08-08 00:49:54,-14.0,-16.8,1.0,3.0,20.0
2026-08-08 00:48:54,-14.0,-16.7,1.0,3.0,20.0
2026-08-08 00:47:54,-13.8,-16.6,1.0,3.0,20.0
2026-08-08 00:46:54,-13.7,-16.4,0.0,3.0,21.0
2026-08-08 00:45:54,-13.6,-16.3,0.0,3.0,21.0
2026-08-08 00:44:54,-13.6,-16.2,0.0,3.0,22.0
2026-08-08 00:43:54,-13.4,-16.0,0.0,3.0,22.0
2026-08-08 00:42:54,-13.3,-15.8,0.0,3.0,23.0
2026-08-08 00:41:54,-13.1,-15.6,0.0,3.0,24.0
2026-08-08 00:40:54,-12.9,-15.5,0.0,3.0,27.0
2026-08-08 00:39:54,-12.8,-15.4,0.0,2.0,31.0
2026-08-08 00:38:54,-12.9,-15.5,0.0,2.0,32.0
2026-08-08 00:37:54,-12.9,-15.5,0.0,2.0,32.0
2026-08-08 00:36:54,-13.0,-15.6,0.0,2.0,32.0
2026-08-08 00:35:54,-13.1,-15.7,0.0,3.0,31.0
2026-08-08 00:34:54,-13.2,-15.8,0.0,3.0,31.0
2026-08-08 00:33:54,-13.2,-15.8,0.0,3.0,31.0
2026-08-08 00:32:54,-13.3,-15.9,0.0,3.0,31.0
2026-08-08 00:31:54,-13.4,-16.0,0.0,3.0,31.0
2026-08-08 00:30:54,-13.5,-16.1,0.0,3.0,31.0
2026-08-08 00:29:54,-13.6,-16.2,0.0,3.0,31.0
2026-08-08 00:28:54,-13.7,-16.3,0.0,3.0,30.0
2026-08-08 00:27:54,-13.8,-16.4,0.0,3.0,30.0
2026-08-08 00:26:54,-14.0,-16.5,0.0,4.0,30.0
2026-08-08 00:25:54,-14.1,-16.6,0.0,4.0,29.0
2026-08-08 00:24:54,-14.2,-16.8,0.0,4.0,29.0
2026-08-08 00:23:54,-14.4,-16.9,0.0,4.0,29.0
2026-08-08 00:22:54,-14.5,-17.1,0.0,4.0,28.0
2026-08-08 00:21:54,-14.7,-17.3,1.0,4.0,28.0
2026-08-08 00:20:54,-14.9,-17.5,1.0,4.0,27.0
2026-08-08 00:19:54,-15.1,-17.7,2.0,4.0,26.0
2026-08-08 00:18:54,-15.3,-17.9,2.0,4.0,25.0
2026-08-08 00:17:54,-15.4,-18.2,3.0,4.0,24.0
2026-08-08 00:16:54,-15.7,-18.4,3.0,4.0,22.0
2026-08-08 00:15:54,-15.8,-18.7,5.0,4.0,20.0
2026-08-08 00:14:54,-15.8,-18.8,6.0,4.0,17.0
2026-08-08 00:13:54,-15.7,-18.7,5.0,4.0,17.0
2026-08-08 00:12:54,-15.6,-18.7,5.0,4.0,17.0
2026-08-08 00:11:54,-15.6,-18.6,5.0,4.0,17.0
2026-08-08 00:10:54,-15.6,-18.6,5.0,4.0,17.0
2026-08-08 00:09:54,-15.5,-18.5,5.0,4.0,17.0
2026-08-08 00:08:54,-15.4,-18.5,5.0,4.0,17.0
2026-08-08 00:07:54,-15.4,-18.4,5.0,4.0,17.0
2026-08-08 00:06:54,-15.3,-18.4,5.0,4.0,17.0
2026-08-08 00:05:54,-15.2,-18.3,5.0,4.0,17.0
2026-08-08 00:04:54,-15.2,-18.3,5.0,4.0,17.0
2026-08-08 00:03:54,-15.2,-18.2,4.0,4.0,17.0
2026-08-08 00:02:54,-15.1,-18.2,4.0,4.0,18.0
2026-08-08 00:01:54,-15.1,-18.1,4.0,4.0,18.0
2026-08-08 00:00:54,-15.0,-18.1,4.0,4.0,18.0
2026-08-07 23:59:54,-15.0,-18.0,4.0,4.0,18.0
2026-08-07 23:58:54,-14.9,-17.9,4.0,4.0,18.0
2026-08-07 23:57:54,-14.9,-17.9,4.0,4.0,18.0
2026-08-07 23:56:54,-14.8,-17.8,4.0,4.0,18.0
2026-08-07 23:55:54,-14.7,-17.8,3.0,4.0,18.0
2026-08-07 23:54:54,-14.7,-17.7,3.0,4.0,18.0
2026-08-07 23:53:54,-14.6,-17.6,3.0,4.0,18.0
2026-08-07 23:52:54,-14.6,-17.5,3.0,4.0,18.0
2026-08-07 23:51:54,-14.5,-17.5,3.0,4.0,18.0
2026-08-07 23:50:54,-14.4,-17.4,3.0,4.0,18.0
2026-08-07 23:49:54,-14.3,-17.3,3.0,4.0,18.0
2026-08-07 23:48:54,-14.2,-17.3,3.0,4.0,18.0
2026-08-07 23:47:54,-14.2,-17.1,2.0,4.0,19.0
2026-08-07 23:46:54,-14.1,-17.1,2.0,4.0,19.0
2026-08-07 23:45:54,-14.0,-17.0,2.0,4.0,19.0
2026-08-07 23:44:54,-13.9,-16.9,2.0,4.0,19.0
2026-08-07 23:43:54,-13.9,-16.8,2.0,4.0,19.0
2026-08-07 23:42:54,-13.8,-16.7,2.0,3.0,19.0
2026-08-07 23:41:54,-13.7,-16.6,1.0,4.0,20.0
2026-08-07 23:40:54,-13.6,-16.5,1.0,4.0,20.0
2026-08-07 23:39:54,-13.5,-16.4,1.0,4.0,20.0
2026-08-07 23:38:54,-13.4,-16.2,1.0,4.0,20.0
2026-08-07 23:37:54,-13.3,-16.1,1.0,3.0,20.0
2026-08-07 23:36:54,-13.2,-15.9,1.0,3.0,21.0
2026-08-07 23:35:54,-13.0,-15.8,0.0,3.0,21.0
2026-08-07 23:34:54,-12.9,-15.6,0.0,3.0,22.0
2026-08-07 23:33:54,-12.8,-15.5,0.0,3.0,22.0
2026-08-07 23:32:54,-12.7,-15.3,0.0,3.0,23.0
2026-08-07 23:31:54,-12.5,-15.1,0.0,3.0,23.0
2026-08-07 23:30:54,-12.4,-15.0,0.0,3.0,24.0
2026-08-07 23:29:54,-12.2,-14.8,0.0,3.0,26.0
2026-08-07 23:28:54,-12.0,-14.6,0.0,3.0,28.0
2026-08-07 23:27:54,-11.9,-14.5,0.0,2.0,33.0
2026-08-07 23:26:54,-12.0,-14.5,0.0,2.0,33.0
2026-08-07 23:25:54,-12.0,-14.6,0.0,2.0,33.0
2026-08-07 23:24:54,-12.1,-14.6,0.0,2.0,33.0
2026-08-07 23:23:54,-12.1,-14.6,0.0,3.0,33.0
2026-08-07 23:22:54,-12.1,-14.6,0.0,3.0,33.0
2026-08-07 23:21:54,-12.2,-14.7,0.0,3.0,33.0
2026-08-07 23:20:54,-12.2,-14.7,0.0,3.0,33.0
2026-08-07 23:19:54,-12.3,-14.7,0.0,3.0,33.0
2026-08-07 23:18:54,-12.3,-14.8,0.0,3.0,33.0
2026-08-07 23:17:54,-12.4,-14.9,0.0,3.0,33.0
2026-08-07 23:16:54,-12.5,-15.0,0.0,3.0,33.0
2026-08-07 23:15:54,-12.6,-15.1,0.0,4.0,31.0
2026-08-07 23:14:54,-12.7,-15.2,0.0,3.0,33.0
2026-08-07 23:13:54,-12.8,-15.3,0.0,3.0,32.0
2026-08-07 23:12:54,-12.9,-15.4,0.0,4.0,31.0
2026-08-07 23:11:54,-13.0,-15.6,0.0,3.0,31.0
2026-08-07 23:10:54,-13.1,-15.7,0.0,3.0,32.0
2026-08-07 23:09:54,-13.2,-15.7,0.0,3.0,31.0
2026-08-07 23:08:54,-13.3,-15.8,0.0,3.0,31.0
2026-08-07 23:07:54,-13.4,-15.9,0.0,3.0,31.0
2026-08-07 23:06:54,-13.4,-16.0,0.0,4.0,31.0
2026-08-07 23:05:54,-13.5,-16.1,0.0,4.0,31.0
2026-08-07 23:04:54,-13.6,-16.2,0.0,4.0,31.0
2026-08-07 23:03:54,-13.7,-16.3,0.0,4.0,30.0
2026-08-07 23:02:54,-13.8,-16.5,0.0,4.0,30.0
2026-08-07 23:01:54,-14.0,-16.5,0.0,4.0,30.0
2026-08-07 23:00:54,-14.1,-16.7,0.0,4.0,29.0
2026-08-07 22:59:54,-14.3,-16.9,1.0,4.0,29.0
2026-08-07 22:58:54,-14.5,-17.0,1.0,4.0,29.0
2026-08-07 22:57:54,-14.6,-17.2,1.0,4.0,28.0
2026-08-07 22:56:54,-14.9,-17.5,2.0,4.0,27.0
2026-08-07 22:55:54,-15.1,-17.7,2.0,4.0,26.0
2026-08-07 22:54:54,-15.3,-18.0,2.0,4.0,25.0
2026-08-07 22:53:54,-15.5,-18.3,3.0,4.0,23.0
2026-08-07 22:52:54,-15.7,-18.6,4.0,4.0,21.0
2026-08-07 22:51:54,-15.7,-18.7,6.0,4.0,18.0
2026-08-07 22:50:54,-15.7,-18.6,6.0,4.0,18.0
2026-08-07 22:49:54,-15.6,-18.6,6.0,4.0,18.0
2026-08-07 22:48:54,-15.6,-18.5,6.0,4.0,19.0
2026-08-07 22:47:54,-15.5,-18.5,6.0,4.0,19.0
2026-08-07 22:46:54,-15.4,-18.4,5.0,4.0,18.0
2026-08-07 22:45:54,-15.4,-18.4,5.0,4.0,19.0
2026-08-07 22:44:54,-15.3,-18.3,5.0,5.0,19.0
2026-08-07 22:43:54,-15.3,-18.2,6.0,5.0,19.0
2026-08-07 22:42:54,-15.2,-18.2,4.0,4.0,18.0
2026-08-07 22:41:54,-15.2,-18.1,4.0,4.0,18.0
2026-08-07 22:40:54,-15.1,-18.1,4.0,5.0,18.0
2026-08-07 22:39:54,-15.0,-18.0,4.0,5.0,18.0
2026-08-07 22:38:54,-14.9,-18.0,4.0,4.0,18.0
2026-08-07 22:37:54,-14.9,-17.9,4.0,4.0,18.0
2026-08-07 22:36:54,-14.8,-17.8,4.0,4.0,18.0
2026-08-07 22:35:54,-14.7,-17.7,4.0,4.0,19.0
2026-08-07 22:34:54,-14.7,-17.6,3.0,4.0,19.0
2026-08-07 22:33:54,-14.6,-17.5,3.0,4.0,19.0
2026-08-07 22:32:54,-14.5,-17.5,3.0,4.0,19.0
2026-08-07 22:31:54,-14.4,-17.4,3.0,5.0,19.0
2026-08-07 22:30:54,-14.4,-17.3,3.0,4.0,19.0
2026-08-07 22:29:54,-14.3,-17.2,3.0,4.0,20.0
2026-08-07 22:28:54,-14.2,-17.1,2.0,4.0,20.0
2026-08-07 22:27:54,-14.1,-16.9,2.0,4.0,20.0
2026-08-07 22:26:54,-14.0,-16.8,2.0,4.0,20.0
2026-08-07 22:25:54,-13.9,-16.7,2.0,4.0,21.0
2026-08-07 22:24:54,-13.8,-16.6,1.0,4.0,21.0
2026-08-07 22:23:54,-13.7,-16.4,1.0,4.0,21.0
2026-08-07 22:22:54,-13.6,-16.3,1.0,4.0,22.0
2026-08-07 22:21:54,-13.5,-16.1,1.0,4.0,22.0
2026-08-07 22:20:54,-13.4,-16.0,1.0,4.0,23.0
2026-08-07 22:19:54,-13.2,-15.8,0.0,4.0,24.0
2026-08-07 22:18:54,-13.1,-15.6,0.0,4.0,25.0
2026-08-07 22:17:54,-13.0,-15.5,0.0,3.0,27.0
2026-08-07 22:16:54,-12.8,-15.4,0.0,3.0,32.0
2026-08-07 22:15:54,-12.9,-15.5,0.0,3.0,32.0
2026-08-07 22:14:54,-13.0,-15.6,0.0,3.0,32.0
2026-08-07 22:13:54,-13.1,-15.7,0.0,3.0,32.0
2026-08-07 22:12:54,-13.1,-15.7,0.0,4.0,32.0
2026-08-07 22:11:54,-13.2,-15.8,0.0,4.0,31.0
2026-08-07 22:10:54,-13.3,-16.0,0.0,4.0,31.0
2026-08-07 22:09:54,-13.4,-16.1,0.0,4.0,31.0
2026-08-07 22:08:54,-13.6,-16.2,0.0,4.0,31.0
2026-08-07 22:07:54,-13.7,-16.3,0.0,4.0,30.0
2026-08-07 22:06:54,-13.8,-16.4,0.0,4.0,30.0
2026-08-07 22:05:54,-13.9,-16.6,0.0,4.0,30.0
2026-08-07 22:04:54,-14.1,-16.7,1.0,4.0,29.0
2026-08-07 22:03:54,-14.3,-16.9,1.0,4.0,29.0
2026-08-07 22:02:54,-14.4,-17.1,1.0,5.0,28.0
2026-08-07 22:01:54,-14.6,-17.3,2.0,5.0,27.0
2026-08-07 22:00:54,-14.9,-17.5,3.0,5.0,26.0
2026-08-07 21:59:54,-15.0,-17.8,3.0,4.0,25.0
2026-08-07 21:58:54,-15.2,-18.1,4.0,5.0,23.0
2026-08-07 21:57:54,-15.3,-18.3,5.0,5.0,20.0
2026-08-07 21:56:54,-15.3,-18.3,6.0,5.0,18.0
2026-08-07 21:55:54,-15.2,-18.2,6.0,5.0,18.0
2026-08-07 21:54:54,-15.1,-18.2,6.0,5.0,18.0
2026-08-07 21:53:54,-15.1,-18.1,6.0,5.0,18.0
2026-08-07 21:52:54,-15.0,-18.1,6.0,5.0,18.0
2026-08-07 21:51:54,-14.9,-18.0,5.0,5.0,18.0
2026-08-07 21:50:54,-14.9,-17.9,5.0,5.0,18.0
2026-08-07 21:49:54,-14.8,-17.9,5.0,5.0,19.0
2026-08-07 21:48:54,-14.8,-17.8,5.0,5.0,19.0
2026-08-07 21:47:54,-14.7,-17.8,5.0,5.0,19.0
2026-08-07 21:46:54,-14.6,-17.7,5.0,5.0,19.0
2026-08-07 21:45:54,-14.6,-17.6,5.0,5.0,19.0
2026-08-07 21:44:54,-14.5,-17.6,5.0,5.0,19.0
2026-08-07 21:43:54,-14.4,-17.5,4.0,5.0,19.0
2026-08-07 21:42:54,-14.4,-17.4,4.0,5.0,19.0
2026-08-07 21:41:54,-14.2,-17.3,4.0,5.0,19.0
2026-08-07 21:40:54,-14.1,-17.3,4.0,5.0,19.0
2026-08-07 21:39:54,-14.1,-17.2,4.0,5.0,19.0
2026-08-07 21:38:54,-14.0,-17.1,4.0,5.0,20.0
2026-08-07 21:37:54,-13.9,-17.0,4.0,5.0,20.0
2026-08-07 21:36:54,-13.9,-16.9,4.0,5.0,20.0
2026-08-07 21:35:54,-13.8,-16.8,3.0,5.0,20.0
2026-08-07 21:34:54,-13.7,-16.7,3.0,5.0,20.0
2026-08-07 21:33:54,-13.7,-16.6,3.0,5.0,20.0
2026-08-07 21:32:54,-13.6,-16.5,3.0,5.0,20.0
2026-08-07 21:31:54,-13.5,-16.4,3.0,5.0,20.0
2026-08-07 21:30:54,-13.4,-16.3,3.0,5.0,21.0
2026-08-07 21:29:54,-13.3,-16.2,3.0,5.0,21.0
2026-08-07 21:28:54,-13.2,-16.1,2.0,5.0,21.0
2026-08-07 21:27:54,-13.1,-15.9,2.0,5.0,21.0
2026-08-07 21:26:54,-12.9,-15.8,2.0,5.0,22.0
2026-08-07 21:25:54,-12.8,-15.7,2.0,5.0,22.0
2026-08-07 21:24:54,-12.7,-15.5,1.0,5.0,22.0
2026-08-07 21:23:54,-12.6,-15.3,1.0,4.0,23.0
2026-08-07 21:22:54,-12.4,-15.2,1.0,4.0,23.0
2026-08-07 21:21:54,-12.3,-15.0,1.0,4.0,24.0
2026-08-07 21:20:54,-12.1,-14.8,0.0,4.0,26.0
2026-08-07 21:19:54,-12.0,-14.6,0.0,4.0,27.0
2026-08-07 21:18:54,-11.8,-14.4,0.0,4.0,29.0
2026-08-07 21:17:54,-11.7,-14.4,0.0,3.0,34.0
2026-08-07 21:16:54,-11.7,-14.4,0.0,4.0,34.0
2026-08-07 21:15:54,-11.8,-14.5,0.0,4.0,34.0
2026-08-07 21:14:54,-11.9,-14.6,0.0,4.0,34.0
2026-08-07 21:13:54,-12.0,-14.6,0.0,4.0,33.0
2026-08-07 21:12:54,-12.0,-14.7,0.0,4.0,33.0
2026-08-07 21:11:54,-12.1,-14.7,0.0,4.0,33.0
2026-08-07 21:10:54,-12.1,-14.7,0.0,4.0,33.0
2026-08-07 21:09:54,-12.1,-14.7,0.0,4.0,33.0
2026-08-07 21:08:54,-12.1,-14.7,0.0,4.0,33.0
2026-08-07 21:07:54,-12.0,-14.6,0.0,4.0,32.0
2026-08-07 21:06:54,-11.9,-14.5,0.0,4.0,32.0
2026-08-07 21:05:54,-11.7,-14.2,1.0,5.0,31.0
2026-08-07 21:04:54,-11.2,-13.6,2.0,5.0,29.0
2026-08-07 21:03:54,-12.1,-14.6,1.0,4.0,30.0
2026-08-07 21:02:54,-13.7,-16.3,1.0,5.0,30.0
2026-08-07 21:01:54,-13.9,-16.5,1.0,4.0,29.0
2026-08-07 21:00:54,-14.1,-16.7,2.0,4.0,28.0
2026-08-07 20:59:54,-14.3,-17.0,2.0,4.0,27.0
2026-08-07 20:58:54,-14.4,-17.3,2.0,4.0,26.0
2026-08-07 20:57:54,-14.6,-17.5,3.0,4.0,23.0
2026-08-07 20:56:54,-14.6,-17.7,4.0,4.0,20.0
2026-08-07 20:55:54,-14.5,-17.7,5.0,4.0,19.0
2026-08-07 20:54:54,-14.5,-17.6,5.0,4.0,19.0
2026-08-07 20:53:54,-14.4,-17.6,5.0,4.0,19.0
2026-08-07 20:52:54,-14.4,-17.4,4.0,4.0,19.0
2026-08-07 20:51:54,-14.3,-17.4,4.0,4.0,19.0
2026-08-07 20:50:54,-14.3,-17.4,4.0,4.0,19.0
2026-08-07 20:49:54,-14.3,-17.3,4.0,4.0,20.0
2026-08-07 20:48:54,-14.1,-17.2,4.0,4.0,20.0
2026-08-07 20:47:54,-13.9,-17.0,4.0,4.0,20.0
2026-08-07 20:46:54,-13.5,-16.7,5.0,5.0,20.0
2026-08-07 20:45:54,-13.0,-16.1,5.0,5.0,20.0
2026-08-07 20:44:54,-12.4,-15.2,5.0,5.0,21.0
2026-08-07 20:43:54,-13.4,-16.3,4.0,5.0,18.0
2026-08-07 20:42:54,-14.3,-17.3,3.0,5.0,19.0
2026-08-07 20:41:54,-14.2,-17.2,3.0,5.0,19.0
2026-08-07 20:40:54,-14.1,-17.1,3.0,5.0,19.0
2026-08-07 20:39:54,-14.1,-17.0,3.0,5.0,19.0
2026-08-07 20:38:54,-14.0,-16.9,3.0,5.0,19.0
2026-08-07 20:37:54,-13.9,-16.8,3.0,5.0,19.0
2026-08-07 20:36:54,-13.8,-16.7,3.0,5.0,20.0
2026-08-07 20:35:54,-13.7,-16.6,3.0,5.0,20.0
2026-08-07 20:34:54,-13.6,-16.5,3.0,5.0,20.0
2026-08-07 20:33:54,-13.5,-16.4,2.0,5.0,20.0
2026-08-07 20:32:54,-13.4,-16.3,2.0,5.0,20.0
2026-08-07 20:31:54,-13.3,-16.1,2.0,5.0,21.0
2026-08-07 20:30:54,-13.2,-16.0,2.0,5.0,21.0
2026-08-07 20:29:54,-13.1,-15.8,1.0,5.0,21.0
2026-08-07 20:28:54,-13.0,-15.6,1.0,5.0,22.0
2026-08-07 20:27:54,-12.8,-15.5,1.0,5.0,22.0
2026-08-07 20:26:54,-12.7,-15.3,1.0,5.0,23.0
2026-08-07 20:25:54,-12.6,-15.1,1.0,5.0,24.0
2026-08-07 20:24:54,-12.4,-14.8,0.0,4.0,26.0
2026-08-07 20:23:54,-12.2,-14.7,0.0,4.0,27.0
2026-08-07 20:22:54,-11.9,-14.5,0.0,4.0,30.0
2026-08-07 20:21:54,-11.9,-14.5,0.0,4.0,34.0
2026-08-07 20:20:54,-12.0,-14.5,0.0,4.0,34.0
2026-08-07 20:19:54,-12.1,-14.5,0.0,4.0,34.0
2026-08-07 20:18:54,-12.1,-14.6,0.0,4.0,34.0
2026-08-07 20:17:54,-12.1,-14.6,0.0,4.0,33.0
2026-08-07 20:16:54,-12.1,-14.7,0.0,4.0,33.0
2026-08-07 20:15:54,-12.2,-14.7,0.0,4.0,33.0
2026-08-07 20:14:54,-12.2,-14.7,0.0,4.0,33.0
2026-08-07 20:13:54,-12.3,-14.8,0.0,3.0,33.0
2026-08-07 20:12:54,-12.4,-14.9,0.0,3.0,33.0
2026-08-07 20:11:54,-12.6,-14.9,0.0,3.0,33.0
2026-08-07 20:10:54,-12.7,-15.1,0.0,4.0,32.0
2026-08-07 20:09:54,-12.9,-15.2,0.0,4.0,32.0
2026-08-07 20:08:54,-13.1,-15.3,1.0,4.0,31.0
2026-08-07 20:07:54,-13.3,-15.5,2.0,5.0,29.0
2026-08-07 20:06:54,-13.6,-15.8,1.0,5.0,30.0
2026-08-07 20:05:54,-13.9,-16.0,3.0,6.0,27.0
2026-08-07 20:04:54,-14.1,-16.2,5.0,6.0,25.0
2026-08-07 20:03:54,-14.3,-16.6,2.0,5.0,28.0
2026-08-07 20:02:54,-14.6,-16.9,4.0,5.0,26.0
2026-08-07 20:01:54,-14.8,-17.2,3.0,4.0,27.0
2026-08-07 20:00:54,-15.0,-17.6,2.0,3.0,27.0
2026-08-07 19:59:54,-15.2,-17.8,2.0,3.0,26.0
2026-08-07 19:58:54,-15.5,-18.1,2.0,3.0,25.0
2026-08-07 19:57:54,-15.8,-18.5,2.0,4.0,23.0
2026-08-07 19:56:54,-16.0,-18.8,4.0,4.0,21.0
2026-08-07 19:55:54,-16.1,-19.2,4.0,3.0,18.0
2026-08-07 19:54:54,-16.1,-19.3,5.0,3.0,16.0
2026-08-07 19:53:54,-16.0,-19.3,5.0,3.0,16.0
2026-08-07 19:52:54,-15.9,-19.2,5.0,3.0,16.0
2026-08-07 19:51:54,-15.9,-19.2,5.0,3.0,16.0
2026-08-07 19:50:54,-15.9,-19.1,5.0,3.0,16.0
2026-08-07 19:49:54,-15.8,-19.1,5.0,3.0,16.0
2026-08-07 19:48:54,-15.8,-19.0,4.0,3.0,16.0
2026-08-07 19:47:54,-15.7,-19.0,4.0,4.0,16.0
2026-08-07 19:46:54,-15.7,-19.0,4.0,3.0,16.0
2026-08-07 19:45:54,-15.6,-18.9,4.0,4.0,16.0
2026-08-07 19:44:54,-15.6,-18.9,4.0,3.0,16.0
2026-08-07 19:43:54,-15.6,-18.8,4.0,3.0,16.0
2026-08-07 19:42:54,-15.6,-18.8,4.0,3.0,16.0
2026-08-07 19:41:54,-15.5,-18.7,4.0,4.0,16.0
2026-08-07 19:40:54,-15.4,-18.7,4.0,3.0,16.0
2026-08-07 19:39:54,-15.4,-18.6,4.0,3.0,16.0
2026-08-07 19:38:54,-15.3,-18.6,3.0,3.0,16.0
2026-08-07 19:37:54,-15.3,-18.5,3.0,4.0,16.0
2026-08-07 19:36:54,-15.2,-18.5,3.0,4.0,16.0
2026-08-07 19:35:54,-15.2,-18.4,3.0,4.0,16.0
2026-08-07 19:34:54,-15.1,-18.4,3.0,4.0,16.0
2026-08-07 19:33:54,-15.1,-18.3,3.0,4.0,16.0
2026-08-07 19:32:54,-15.1,-18.2,3.0,4.0,17.0
2026-08-07 19:31:54,-15.0,-18.1,3.0,4.0,17.0
2026-08-07 19:30:54,-14.9,-18.1,3.0,4.0,17.0
2026-08-07 19:29:54,-14.8,-18.0,3.0,4.0,17.0
2026-08-07 19:28:54,-14.8,-17.9,2.0,4.0,17.0
2026-08-07 19:27:54,-14.7,-17.8,2.0,4.0,17.0
2026-08-07 19:26:54,-14.7,-17.7,2.0,4.0,17.0
2026-08-07 19:25:54,-14.6,-17.6,2.0,4.0,17.0
2026-08-07 19:24:54,-14.5,-17.5,2.0,4.0,18.0
2026-08-07 19:23:54,-14.5,-17.4,2.0,4.0,18.0
2026-08-07 19:22:54,-14.4,-17.3,1.0,4.0,18.0
2026-08-07 19:21:54,-14.3,-17.2,1.0,4.0,18.0
2026-08-07 19:20:54,-14.3,-17.0,1.0,4.0,19.0
2026-08-07 19:19:54,-14.2,-16.9,1.0,4.0,19.0
2026-08-07 19:18:54,-14.3,-16.8,1.0,4.0,20.0
2026-08-07 19:17:54,-14.2,-16.6,1.0,4.0,20.0
2026-08-07 19:16:54,-14.1,-16.4,0.0,3.0,21.0
2026-08-07 19:15:54,-13.9,-16.3,0.0,3.0,22.0
2026-08-07 19:14:54,-13.8,-16.1,0.0,3.0,24.0
2026-08-07 19:13:54,-13.7,-16.1,0.0,2.0,30.0
2026-08-07 19:12:54,-13.8,-16.2,0.0,3.0,30.0
2026-08-07 19:11:54,-13.9,-16.2,0.0,3.0,29.0
2026-08-07 19:10:54,-14.0,-16.3,0.0,3.0,30.0
2026-08-07 19:09:54,-14.1,-16.4,0.0,3.0,29.0
2026-08-07 19:08:54,-14.2,-16.6,0.0,3.0,29.0
2026-08-07 19:07:54,-14.3,-16.7,0.0,3.0,29.0
2026-08-07 19:06:54,-14.3,-16.8,0.0,3.0,28.0
2026-08-07 19:05:54,-14.5,-16.9,0.0,3.0,28.0
2026-08-07 19:04:54,-14.6,-17.1,0.0,4.0,27.0
2026-08-07 19:03:54,-14.8,-17.3,1.0,4.0,27.0
2026-08-07 19:02:54,-15.0,-17.4,1.0,4.0,26.0
2026-08-07 19:01:54,-15.1,-17.6,1.0,4.0,25.0
2026-08-07 19:00:54,-15.3,-17.8,1.0,3.0,25.0
2026-08-07 18:59:54,-15.5,-18.1,2.0,3.0,24.0
2026-08-07 18:58:54,-15.7,-18.4,2.0,3.0,23.0
2026-08-07 18:57:54,-15.8,-18.7,3.0,3.0,21.0
2026-08-07 18:56:54,-15.9,-19.0,4.0,4.0,18.0
2026-08-07 18:55:54,-16.0,-19.1,5.0,3.0,15.0
2026-08-07 18:54:54,-16.0,-19.1,5.0,3.0,16.0
2026-08-07 18:53:54,-15.9,-19.0,5.0,4.0,16.0
2026-08-07 18:52:54,-15.8,-19.0,5.0,3.0,16.0
2026-08-07 18:51:54,-15.8,-18.9,5.0,3.0,16.0
2026-08-07 18:50:54,-15.7,-18.9,4.0,4.0,16.0
2026-08-07 18:49:54,-15.7,-18.9,4.0,4.0,16.0
2026-08-07 18:48:54,-15.6,-18.8,4.0,4.0,16.0
2026-08-07 18:47:54,-15.6,-18.8,4.0,3.0,16.0
2026-08-07 18:46:54,-15.5,-18.7,4.0,3.0,16.0
2026-08-07 18:45:54,-15.5,-18.7,4.0,4.0,16.0
2026-08-07 18:44:54,-15.4,-18.6,4.0,3.0,16.0
2026-08-07 18:43:54,-15.4,-18.6,4.0,4.0,16.0
2026-08-07 18:42:54,-15.4,-18.5,4.0,3.0,16.0
2026-08-07 18:41:54,-15.3,-18.5,4.0,4.0,16.0
2026-08-07 18:40:54,-15.2,-18.4,3.0,4.0,16.0
2026-08-07 18:39:54,-15.2,-18.4,3.0,4.0,16.0
2026-08-07 18:38:54,-15.1,-18.3,3.0,4.0,16.0
2026-08-07 18:37:54,-15.1,-18.2,3.0,4.0,16.0
2026-08-07 18:36:54,-15.0,-18.2,3.0,4.0,16.0
2026-08-07 18:35:54,-14.9,-18.1,3.0,4.0,16.0
2026-08-07 18:34:54,-14.9,-18.0,3.0,4.0,17.0
2026-08-07 18:33:54,-14.8,-17.9,3.0,4.0,17.0
2026-08-07 18:32:54,-14.7,-17.9,3.0,4.0,17.0
2026-08-07 18:31:54,-14.7,-17.8,3.0,4.0,17.0
2026-08-07 18:30:54,-14.6,-17.7,2.0,4.0,17.0
2026-08-07 18:29:54,-14.5,-17.6,2.0,4.0,17.0
2026-08-07 18:28:54,-14.5,-17.5,2.0,4.0,17.0
2026-08-07 18:27:54,-14.5,-17.4,2.0,4.0,18.0
2026-08-07 18:26:54,-14.4,-17.3,2.0,4.0,18.0
2026-08-07 18:25:54,-14.3,-17.2,1.0,4.0,18.0
2026-08-07 18:24:54,-14.3,-17.1,1.0,4.0,18.0
2026-08-07 18:23:54,-14.2,-16.9,1.0,4.0,18.0
2026-08-07 18:22:54,-14.1,-16.8,1.0,4.0,19.0
2026-08-07 18:21:54,-14.1,-16.7,1.0,4.0,20.0
2026-08-07 18:20:54,-14.0,-16.5,1.0,4.0,20.0
2026-08-07 18:19:54,-14.0,-16.4,0.0,3.0,20.0
2026-08-07 18:18:54,-13.9,-16.2,0.0,3.0,21.0
2026-08-07 18:17:54,-13.8,-16.0,0.0,3.0,23.0
2026-08-07 18:16:54,-13.6,-15.9,0.0,3.0,26.0
2026-08-07 18:15:54,-13.6,-15.9,0.0,2.0,30.0
2026-08-07 18:14:54,-13.6,-16.0,0.0,3.0,30.0
2026-08-07 18:13:54,-13.7,-16.1,0.0,3.0,29.0
2026-08-07 18:12:54,-13.8,-16.2,0.0,3.0,29.0
2026-08-07 18:11:54,-13.9,-16.3,0.0,3.0,29.0
2026-08-07 18:10:54,-14.0,-16.4,0.0,3.0,29.0
2026-08-07 18:09:54,-14.1,-16.5,0.0,3.0,29.0
2026-08-07 18:08:54,-14.3,-16.6,0.0,3.0,28.0
2026-08-07 18:07:54,-14.3,-16.7,0.0,3.0,27.0
2026-08-07 18:06:54,-14.5,-16.9,0.0,4.0,27.0
2026-08-07 18:05:54,-14.6,-17.0,0.0,4.0,27.0
2026-08-07 18:04:54,-14.8,-17.2,1.0,4.0,26.0
2026-08-07 18:03:54,-15.0,-17.4,1.0,4.0,26.0
2026-08-07 18:02:54,-15.1,-17.6,2.0,4.0,24.0
2026-08-07 18:01:54,-15.3,-17.9,2.0,3.0,24.0
2026-08-07 18:00:54,-15.5,-18.2,2.0,3.0,23.0
2026-08-07 17:59:54,-15.7,-18.5,3.0,3.0,21.0
2026-08-07 17:58:54,-15.9,-18.8,4.0,4.0,19.0
2026-08-07 17:57:54,-15.9,-18.9,5.0,4.0,15.0
2026-08-07 17:56:54,-15.8,-18.9,5.0,4.0,15.0
2026-08-07 17:55:54,-15.7,-18.9,5.0,4.0,15.0
2026-08-07 17:54:54,-15.6,-18.8,5.0,4.0,16.0
2026-08-07 17:53:54,-15.6,-18.8,5.0,4.0,16.0
2026-08-07 17:52:54,-15.6,-18.7,5.0,4.0,16.0
2026-08-07 17:51:54,-15.5,-18.7,5.0,4.0,16.0
2026-08-07 17:50:54,-15.5,-18.6,4.0,4.0,16.0
2026-08-07 17:49:54,-15.4,-18.6,4.0,4.0,16.0
2026-08-07 17:48:54,-15.4,-18.5,4.0,4.0,16.0
2026-08-07 17:47:54,-15.3,-18.5,4.0,4.0,16.0
2026-08-07 17:46:54,-15.3,-18.4,4.0,4.0,16.0
2026-08-07 17:45:54,-15.3,-18.4,4.0,4.0,16.0
2026-08-07 17:44:54,-15.2,-18.3,4.0,4.0,16.0
2026-08-07 17:43:54,-15.2,-18.3,4.0,4.0,16.0
2026-08-07 17:42:54,-15.1,-18.2,4.0,4.0,16.0
2026-08-07 17:41:54,-15.0,-18.1,4.0,4.0,16.0
2026-08-07 17:40:54,-15.0,-18.1,3.0,4.0,16.0
2026-08-07 17:39:54,-14.9,-18.0,3.0,4.0,16.0
2026-08-07 17:38:54,-14.8,-17.9,3.0,4.0,16.0
2026-08-07 17:37:54,-14.7,-17.9,3.0,4.0,16.0
2026-08-07 17:36:54,-14.7,-17.8,3.0,4.0,17.0
2026-08-07 17:35:54,-14.7,-17.7,3.0,4.0,17.0
2026-08-07 17:34:54,-14.6,-17.6,3.0,4.0,17.0
2026-08-07 17:33:54,-14.6,-17.6,3.0,4.0,17.0
2026-08-07 17:32:54,-14.5,-17.5,3.0,4.0,17.0
2026-08-07 17:31:54,-14.4,-17.4,2.0,4.0,17.0
2026-08-07 17:30:54,-14.3,-17.3,2.0,4.0,17.0
2026-08-07 17:29:54,-14.3,-17.2,2.0,4.0,17.0
2026-08-07 17:28:54,-14.2,-17.1,2.0,4.0,18.0
2026-08-07 17:27:54,-14.1,-17.0,2.0,4.0,18.0
2026-08-07 17:26:54,-14.0,-16.8,1.0,4.0,18.0
2026-08-07 17:25:54,-13.9,-16.7,1.0,4.0,18.0
2026-08-07 17:24:54,-13.9,-16.6,1.0,4.0,19.0
2026-08-07 17:23:54,-13.8,-16.4,1.0,4.0,19.0
2026-08-07 17:22:54,-13.7,-16.3,1.0,4.0,20.0
2026-08-07 17:21:54,-13.7,-16.1,1.0,4.0,20.0
2026-08-07 17:20:54,-13.6,-15.9,0.0,4.0,21.0
2026-08-07 17:19:54,-13.4,-15.7,0.0,4.0,22.0
2026-08-07 17:18:54,-13.3,-15.5,0.0,3.0,23.0
2026-08-07 17:17:54,-13.2,-15.5,0.0,3.0,27.0
2026-08-07 17:16:54,-13.2,-15.5,0.0,3.0,30.0
2026-08-07 17:15:54,-13.3,-15.6,0.0,3.0,30.0
2026-08-07 17:14:54,-13.4,-15.6,0.0,3.0,30.0
2026-08-07 17:13:54,-13.4,-15.7,0.0,3.0,30.0
2026-08-07 17:12:54,-13.5,-15.8,0.0,3.0,30.0
2026-08-07 17:11:54,-13.6,-15.9,0.0,3.0,29.0
2026-08-07 17:10:54,-13.8,-16.0,0.0,3.0,29.0
2026-08-07 17:09:54,-13.9,-16.2,0.0,4.0,29.0
2026-08-07 17:08:54,-14.1,-16.3,1.0,4.0,28.0
2026-08-07 17:07:54,-14.2,-16.5,3.0,4.0,26.0
2026-08-07 17:06:54,-14.4,-16.7,0.0,4.0,27.0
2026-08-07 17:05:54,-14.5,-16.9,1.0,4.0,26.0
2026-08-07 17:04:54,-14.7,-17.0,1.0,4.0,26.0
2026-08-07 17:03:54,-14.8,-17.3,1.0,4.0,26.0
2026-08-07 17:02:54,-15.0,-17.5,1.0,4.0,25.0
2026-08-07 17:01:54,-15.2,-17.7,2.0,4.0,24.0
2026-08-07 17:00:54,-15.4,-18.0,2.0,3.0,22.0
2026-08-07 16:59:54,-15.6,-18.3,3.0,4.0,22.0
2026-08-07 16:58:54,-15.8,-18.6,3.0,3.0,20.0
2026-08-07 16:57:54,-15.9,-18.8,5.0,4.0,16.0
2026-08-07 16:56:54,-15.8,-18.8,5.0,4.0,15.0
2026-08-07 16:55:54,-15.7,-18.8,5.0,3.0,15.0
2026-08-07 16:54:54,-15.8,-18.7,5.0,4.0,15.0
2026-08-07 16:53:54,-15.7,-18.7,5.0,4.0,15.0
2026-08-07 16:52:54,-15.6,-18.6,5.0,4.0,15.0
2026-08-07 16:51:54,-15.6,-18.6,5.0,3.0,15.0
2026-08-07 16:50:54,-15.5,-18.5,5.0,4.0,15.0
2026-08-07 16:49:54,-15.4,-18.5,5.0,4.0,15.0
2026-08-07 16:48:54,-15.4,-18.4,4.0,3.0,15.0
2026-08-07 16:47:54,-15.4,-18.4,4.0,3.0,15.0
2026-08-07 16:46:54,-15.4,-18.3,4.0,4.0,16.0
2026-08-07 16:45:54,-15.3,-18.3,4.0,4.0,16.0
2026-08-07 16:44:54,-15.3,-18.2,4.0,3.0,16.0
2026-08-07 16:43:54,-15.2,-18.2,4.0,4.0,16.0
2026-08-07 16:42:54,-15.2,-18.1,4.0,4.0,16.0
2026-08-07 16:41:54,-15.1,-18.0,4.0,4.0,16.0
2026-08-07 16:40:54,-15.0,-18.0,4.0,4.0,16.0
2026-08-07 16:39:54,-15.0,-17.9,3.0,4.0,16.0
2026-08-07 16:38:54,-14.9,-17.9,3.0,4.0,16.0
2026-08-07 16:37:54,-14.8,-17.8,3.0,4.0,16.0
2026-08-07 16:36:54,-14.8,-17.7,3.0,4.0,16.0
2026-08-07 16:35:54,-14.7,-17.7,3.0,4.0,16.0
2026-08-07 16:34:54,-14.6,-17.6,3.0,4.0,16.0
2026-08-07 16:33:54,-14.6,-17.5,3.0,4.0,16.0
2026-08-07 16:32:54,-14.4,-17.4,3.0,4.0,16.0
2026-08-07 16:31:54,-14.4,-17.3,3.0,4.0,17.0
2026-08-07 16:30:54,-14.3,-17.3,3.0,4.0,17.0
2026-08-07 16:29:54,-14.3,-17.2,2.0,4.0,17.0
2026-08-07 16:28:54,-14.2,-17.0,2.0,4.0,17.0
2026-08-07 16:27:54,-14.2,-16.9,2.0,4.0,17.0
2026-08-07 16:26:54,-14.0,-16.8,2.0,4.0,17.0
2026-08-07 16:25:54,-13.9,-16.7,2.0,4.0,18.0
2026-08-07 16:24:54,-13.9,-16.6,1.0,4.0,18.0
2026-08-07 16:23:54,-13.8,-16.5,1.0,4.0,18.0
2026-08-07 16:22:54,-13.7,-16.4,1.0,4.0,18.0
2026-08-07 16:21:54,-13.6,-16.2,1.0,4.0,19.0
2026-08-07 16:20:54,-13.5,-16.1,1.0,4.0,20.0
2026-08-07 16:19:54,-13.5,-15.9,1.0,4.0,20.0
2026-08-07 16:18:54,-13.4,-15.7,0.0,3.0,20.0
2026-08-07 16:17:54,-13.3,-15.5,0.0,3.0,21.0
2026-08-07 16:16:54,-13.2,-15.4,0.0,3.0,23.0
2026-08-07 16:15:54,-13.1,-15.3,0.0,3.0,27.0
2026-08-07 16:14:54,-13.1,-15.3,0.0,3.0,30.0
2026-08-07 16:13:54,-13.2,-15.4,0.0,3.0,29.0
2026-08-07 16:12:54,-13.3,-15.5,0.0,3.0,29.0
2026-08-07 16:11:54,-13.3,-15.6,0.0,3.0,29.0
2026-08-07 16:10:54,-13.3,-15.6,0.0,3.0,29.0
2026-08-07 16:09:54,-13.4,-15.8,0.0,3.0,28.0
2026-08-07 16:08:54,-13.6,-15.8,0.0,3.0,28.0
2026-08-07 16:07:54,-13.6,-15.9,0.0,4.0,28.0
2026-08-07 16:06:54,-13.7,-16.1,0.0,4.0,27.0
2026-08-07 16:05:54,-13.9,-16.2,0.0,4.0,27.0
2026-08-07 16:04:54,-14.1,-16.4,1.0,3.0,26.0
2026-08-07 16:03:54,-14.3,-16.6,1.0,3.0,26.0
2026-08-07 16:02:54,-14.4,-16.8,1.0,3.0,25.0
2026-08-07 16:01:54,-14.6,-17.1,2.0,3.0,24.0
2026-08-07 16:00:54,-14.8,-17.4,2.0,3.0,23.0
2026-08-07 15:59:54,-15.0,-17.6,2.0,3.0,21.0
2026-08-07 15:58:54,-15.1,-18.0,3.0,3.0,19.0
2026-08-07 15:57:54,-15.2,-18.1,5.0,3.0,15.0
2026-08-07 15:56:54,-15.2,-18.0,5.0,3.0,15.0
2026-08-07 15:55:54,-15.1,-18.0,4.0,3.0,15.0
2026-08-07 15:54:54,-15.0,-17.9,4.0,3.0,16.0
2026-08-07 15:53:54,-14.9,-17.8,4.0,3.0,16.0
2026-08-07 15:52:54,-14.9,-17.8,4.0,3.0,16.0
2026-08-07 15:51:54,-14.8,-17.7,4.0,3.0,16.0
2026-08-07 15:50:54,-14.8,-17.7,4.0,3.0,16.0
2026-08-07 15:49:54,-14.7,-17.6,4.0,3.0,16.0
2026-08-07 15:48:54,-14.6,-17.5,4.0,3.0,16.0
2026-08-07 15:47:54,-14.5,-17.5,4.0,3.0,16.0
2026-08-07 15:46:54,-14.4,-17.4,3.0,3.0,16.0
2026-08-07 15:45:54,-14.4,-17.3,3.0,3.0,16.0
2026-08-07 15:44:54,-14.3,-17.3,3.0,3.0,16.0
2026-08-07 15:43:54,-14.3,-17.2,3.0,3.0,16.0
2026-08-07 15:42:54,-14.2,-17.1,3.0,3.0,16.0
2026-08-07 15:41:54,-14.1,-17.0,3.0,3.0,16.0
2026-08-07 15:40:54,-14.0,-17.0,3.0,3.0,16.0
2026-08-07 15:39:54,-13.9,-16.9,3.0,3.0,16.0
2026-08-07 15:38:54,-13.8,-16.8,2.0,3.0,17.0
2026-08-07 15:37:54,-13.8,-16.7,2.0,3.0,17.0
2026-08-07 15:36:54,-13.8,-16.6,2.0,3.0,17.0
2026-08-07 15:35:54,-13.7,-16.5,2.0,3.0,17.0
2026-08-07 15:34:54,-13.5,-16.4,2.0,3.0,17.0
2026-08-07 15:33:54,-13.4,-16.3,2.0,3.0,17.0
2026-08-07 15:32:54,-13.4,-16.2,2.0,3.0,17.0
2026-08-07 15:31:54,-13.3,-16.1,2.0,3.0,17.0
2026-08-07 15:30:54,-13.2,-15.9,2.0,3.0,18.0
2026-08-07 15:29:54,-13.1,-15.8,2.0,3.0,18.0
2026-08-07 15:28:54,-13.0,-15.7,1.0,3.0,18.0
2026-08-07 15:27:54,-12.9,-15.5,1.0,3.0,18.0
2026-08-07 15:26:54,-12.7,-15.4,1.0,3.0,19.0
2026-08-07 15:25:54,-12.6,-15.2,1.0,3.0,19.0
2026-08-07 15:24:54,-12.5,-15.0,1.0,3.0,20.0
2026-08-07 15:23:54,-12.3,-14.8,1.0,4.0,20.0
2026-08-07 15:22:54,-12.2,-14.6,2.0,4.0,21.0
2026-08-07 15:21:54,-12.0,-14.4,2.0,4.0,22.0
2026-08-07 15:20:54,-11.8,-14.2,0.0,3.0,22.0
2026-08-07 15:19:54,-11.6,-14.0,0.0,3.0,26.0
2026-08-07 15:18:54,-11.5,-13.9,0.0,3.0,30.0
2026-08-07 15:17:54,-11.5,-13.9,0.0,3.0,30.0
2026-08-07 15:16:54,-11.4,-13.9,0.0,3.0,29.0
2026-08-07 15:15:54,-11.4,-14.0,0.0,3.0,29.0
2026-08-07 15:14:54,-11.4,-14.0,0.0,3.0,29.0
2026-08-07 15:13:54,-11.4,-14.0,0.0,3.0,29.0
2026-08-07 15:12:54,-11.4,-14.0,0.0,3.0,29.0
2026-08-07 15:11:54,-11.3,-14.0,0.0,3.0,28.0
2026-08-07 15:10:54,-11.3,-14.0,0.0,3.0,28.0
2026-08-07 15:09:54,-11.2,-14.0,0.0,4.0,28.0
2026-08-07 15:08:54,-11.2,-14.0,1.0,4.0,28.0
2026-08-07 15:07:54,-11.1,-14.0,1.0,4.0,28.0
2026-08-07 15:06:54,-11.0,-13.9,1.0,4.0,28.0
2026-08-07 15:05:54,-10.9,-13.9,2.0,4.0,28.0
2026-08-07 15:04:54,-10.8,-13.8,2.0,4.0,28.0
2026-08-07 15:03:54,-12.3,-14.2,5.0,5.0,30.0
2026-08-07 14:43:36,-14.6,-16.9,0.0,4.0,31.0
2026-08-07 14:42:36,-14.7,-17.0,0.0,3.0,30.0
2026-08-07 14:41:36,-14.9,-17.2,0.0,3.0,29.0
2026-08-07 14:40:36,-15.0,-17.4,0.0,3.0,28.0
2026-08-07 14:39:36,-15.2,-17.7,1.0,3.0,27.0
2026-08-07 14:38:36,-15.3,-17.9,2.0,3.0,25.0
2026-08-07 14:37:36,-15.3,-18.1,3.0,4.0,22.0
2026-08-07 14:36:36,-15.2,-18.1,4.0,4.0,20.0
2026-08-07 14:35:36,-15.2,-18.0,4.0,4.0,20.0
2026-08-07 14:34:36,-15.1,-18.0,4.0,4.0,20.0
2026-08-07 14:33:36,-15.0,-17.9,3.0,4.0,20.0
2026-08-07 14:32:36,-14.9,-17.8,3.0,4.0,20.0
2026-08-07 14:31:36,-14.8,-17.7,3.0,4.0,20.0
2026-08-07 14:30:36,-14.7,-17.6,3.0,4.0,20.0
2026-08-07 14:29:36,-14.6,-17.6,3.0,4.0,20.0
2026-08-07 14:28:36,-14.5,-17.5,3.0,4.0,21.0
2026-08-07 14:27:36,-14.4,-17.4,3.0,4.0,21.0
2026-08-07 14:26:36,-14.3,-17.3,3.0,4.0,21.0
2026-08-07 14:25:36,-14.2,-17.2,3.0,4.0,21.0
2026-08-07 14:24:36,-14.1,-17.1,3.0,4.0,21.0
2026-08-07 14:23:36,-14.0,-17.0,3.0,4.0,21.0
2026-08-07 14:22:36,-13.9,-16.9,3.0,4.0,21.0
2026-08-07 14:21:36,-13.7,-16.7,3.0,4.0,22.0
2026-08-07 14:20:36,-13.6,-16.6,3.0,5.0,22.0
2026-08-07 14:19:36,-13.5,-16.5,3.0,4.0,22.0
2026-08-07 14:18:36,-13.4,-16.3,4.0,5.0,22.0
2026-08-07 14:17:36,-13.3,-16.2,4.0,5.0,23.0
2026-08-07 14:16:36,-13.2,-16.1,4.0,5.0,21.0
2026-08-07 14:15:36,-13.1,-15.9,1.0,4.0,22.0
2026-08-07 14:14:36,-13.0,-15.8,1.0,4.0,23.0
2026-08-07 14:13:36,-13.0,-15.6,1.0,4.0,23.0
2026-08-07 14:12:36,-13.2,-15.5,0.0,4.0,23.0
2026-08-07 14:11:36,-13.2,-15.4,0.0,3.0,27.0
2026-08-07 14:10:36,-13.3,-15.5,0.0,3.0,27.0
2026-08-07 14:09:36,-13.4,-15.6,0.0,4.0,27.0
2026-08-07 14:08:36,-13.5,-15.7,0.0,4.0,27.0
2026-08-07 14:07:36,-13.6,-15.8,0.0,4.0,27.0
2026-08-07 14:06:36,-13.8,-16.0,0.0,4.0,26.0
2026-08-07 14:05:36,-13.9,-16.1,0.0,4.0,26.0
2026-08-07 14:04:36,-14.0,-16.2,1.0,4.0,26.0
2026-08-07 14:03:36,-14.2,-16.4,1.0,4.0,25.0
2026-08-07 14:02:36,-14.3,-16.6,1.0,4.0,24.0
2026-08-07 14:01:36,-14.4,-16.9,2.0,4.0,23.0
2026-08-07 14:00:36,-14.6,-17.1,2.0,4.0,22.0
2026-08-07 13:59:36,-14.8,-17.4,3.0,4.0,21.0
2026-08-07 13:58:36,-15.0,-17.7,4.0,5.0,18.0
2026-08-07 13:57:36,-15.0,-17.8,5.0,5.0,15.0
2026-08-07 13:56:36,-15.0,-17.7,5.0,5.0,15.0
2026-08-07 13:55:36,-14.9,-17.6,5.0,5.0,15.0
2026-08-07 13:54:36,-14.8,-17.6,5.0,5.0,15.0
2026-08-07 13:53:36,-14.8,-17.5,4.0,5.0,15.0
2026-08-07 13:52:36,-14.7,-17.4,4.0,5.0,16.0
2026-08-07 13:51:36,-14.6,-17.4,4.0,5.0,16.0
2026-08-07 13:50:36,-14.5,-17.3,4.0,5.0,16.0
2026-08-07 13:49:36,-14.5,-17.2,4.0,5.0,16.0
2026-08-07 13:48:36,-14.4,-17.1,4.0,5.0,16.0
2026-08-07 13:47:36,-14.4,-17.0,4.0,5.0,16.0
2026-08-07 13:46:36,-14.2,-17.0,4.0,5.0,16.0
2026-08-07 13:45:36,-14.1,-16.9,3.0,5.0,16.0
2026-08-07 13:44:36,-14.1,-16.8,3.0,5.0,16.0
2026-08-07 13:43:36,-14.0,-16.7,3.0,5.0,17.0
2026-08-07 13:42:36,-14.0,-16.6,3.0,5.0,17.0
2026-08-07 13:41:36,-13.8,-16.4,3.0,5.0,17.0
2026-08-07 13:40:36,-13.7,-16.3,3.0,5.0,17.0
2026-08-07 13:39:36,-13.6,-16.2,3.0,5.0,17.0
2026-08-07 13:38:36,-13.5,-16.0,2.0,5.0,18.0
2026-08-07 13:37:36,-13.4,-15.9,2.0,5.0,18.0
2026-08-07 13:36:36,-13.2,-15.7,2.0,5.0,18.0
2026-08-07 13:35:36,-13.2,-15.6,2.0,5.0,19.0
2026-08-07 13:34:36,-13.1,-15.4,2.0,5.0,19.0
2026-08-07 13:33:36,-13.0,-15.2,1.0,4.0,20.0
2026-08-07 13:32:36,-12.9,-15.1,1.0,4.0,21.0
2026-08-07 13:31:36,-12.7,-14.9,0.0,4.0,23.0
2026-08-07 13:30:36,-12.7,-14.8,0.0,4.0,29.0
2026-08-07 13:29:36,-12.7,-14.9,0.0,4.0,28.0
2026-08-07 13:28:36,-12.7,-14.9,0.0,4.0,28.0
2026-08-07 13:27:36,-12.8,-15.0,0.0,4.0,28.0
2026-08-07 13:26:36,-13.0,-15.1,0.0,4.0,28.0
2026-08-07 13:25:36,-13.1,-15.2,0.0,4.0,28.0
2026-08-07 13:24:36,-13.1,-15.3,1.0,4.0,27.0
2026-08-07 13:23:36,-13.3,-15.4,1.0,4.0,27.0
2026-08-07 13:22:36,-13.3,-15.5,1.0,4.0,27.0
2026-08-07 13:21:36,-13.4,-15.7,1.0,5.0,27.0
2026-08-07 13:20:36,-13.6,-15.8,2.0,5.0,26.0
2026-08-07 13:19:36,-13.7,-16.0,2.0,5.0,25.0
2026-08-07 13:18:36,-13.9,-16.1,2.0,5.0,24.0
2026-08-07 13:17:36,-14.0,-16.3,3.0,5.0,24.0
2026-08-07 13:16:36,-14.2,-16.6,3.0,5.0,23.0
2026-08-07 13:15:36,-14.5,-16.8,4.0,5.0,22.0
2026-08-07 13:14:36,-14.7,-17.1,4.0,5.0,21.0
2026-08-07 13:13:36,-14.9,-17.4,5.0,5.0,20.0
2026-08-07 13:12:36,-15.1,-17.7,6.0,5.0,17.0
2026-08-07 13:11:36,-15.1,-17.7,7.0,5.0,15.0
2026-08-07 13:10:36,-15.1,-17.7,7.0,5.0,15.0
2026-08-07 13:09:36,-15.0,-17.6,6.0,5.0,15.0
2026-08-07 13:08:36,-14.9,-17.6,6.0,5.0,15.0
2026-08-07 13:07:36,-14.9,-17.5,6.0,5.0,15.0
2026-08-07 13:06:36,-14.9,-17.5,6.0,5.0,15.0
2026-08-07 13:05:36,-14.8,-17.4,6.0,5.0,15.0
2026-08-07 13:04:36,-14.7,-17.3,6.0,5.0,15.0
2026-08-07 13:03:36,-14.6,-17.3,6.0,5.0,15.0
2026-08-07 13:02:36,-14.6,-17.2,6.0,5.0,15.0
2026-08-07 13:01:36,-14.5,-17.2,6.0,5.0,15.0
2026-08-07 13:00:36,-14.5,-17.1,6.0,5.0,15.0
2026-08-07 12:59:36,-14.4,-17.0,6.0,5.0,15.0
2026-08-07 12:58:36,-14.4,-17.0,6.0,5.0,15.0
2026-08-07 12:57:36,-14.3,-16.9,5.0,5.0,16.0
2026-08-07 12:56:36,-14.2,-16.8,5.0,5.0,16.0
2026-08-07 12:55:36,-14.1,-16.7,5.0,5.0,16.0
2026-08-07 12:54:36,-14.0,-16.7,5.0,5.0,16.0
2026-08-07 12:53:36,-13.9,-16.6,5.0,5.0,16.0
2026-08-07 12:52:36,-13.9,-16.5,5.0,5.0,16.0
2026-08-07 12:51:36,-13.8,-16.5,5.0,5.0,16.0
2026-08-07 12:50:36,-13.7,-16.4,5.0,5.0,16.0
2026-08-07 12:49:36,-13.7,-16.3,5.0,5.0,16.0
2026-08-07 12:48:36,-13.6,-16.2,4.0,5.0,16.0
2026-08-07 12:47:36,-13.5,-16.1,4.0,5.0,16.0
2026-08-07 12:46:36,-13.4,-16.0,4.0,5.0,17.0
2026-08-07 12:45:36,-13.3,-15.9,4.0,5.0,17.0
2026-08-07 12:44:36,-13.2,-15.8,4.0,5.0,17.0
2026-08-07 12:43:36,-13.1,-15.7,4.0,5.0,17.0
2026-08-07 12:42:36,-13.0,-15.6,4.0,5.0,17.0
2026-08-07 12:41:36,-12.9,-15.4,3.0,5.0,17.0
2026-08-07 12:40:36,-12.8,-15.3,3.0,5.0,18.0
2026-08-07 12:39:36,-12.6,-15.2,3.0,5.0,18.0
2026-08-07 12:38:36,-12.5,-15.0,3.0,5.0,18.0
2026-08-07 12:37:36,-12.4,-14.9,3.0,5.0,18.0
2026-08-07 12:36:36,-12.2,-14.7,3.0,5.0,19.0
2026-08-07 12:35:36,-12.1,-14.6,3.0,5.0,19.0
2026-08-07 12:34:36,-11.9,-14.4,2.0,5.0,20.0
2026-08-07 12:33:36,-11.8,-14.2,2.0,5.0,20.0
2026-08-07 12:32:36,-11.7,-14.0,2.0,5.0,20.0
2026-08-07 12:31:36,-11.6,-13.7,2.0,5.0,21.0
2026-08-07 12:30:36,-11.4,-13.5,1.0,5.0,23.0
2026-08-07 12:29:36,-11.3,-13.3,0.0,5.0,25.0
2026-08-07 12:28:36,-11.2,-13.2,0.0,4.0,30.0
2026-08-07 12:27:36,-11.2,-13.3,0.0,4.0,30.0
2026-08-07 12:26:36,-11.2,-13.3,0.0,5.0,30.0
2026-08-07 12:25:36,-11.3,-13.3,0.0,5.0,30.0
2026-08-07 12:24:36,-11.3,-13.4,1.0,5.0,30.0
2026-08-07 12:23:36,-11.4,-13.4,1.0,5.0,30.0
2026-08-07 12:22:36,-11.5,-13.5,1.0,4.0,30.0
2026-08-07 12:21:36,-11.6,-13.5,1.0,4.0,30.0
2026-08-07 12:20:36,-11.8,-13.6,2.0,5.0,30.0
2026-08-07 12:19:36,-11.9,-13.7,2.0,5.0,29.0
2026-08-07 12:18:36,-12.1,-13.9,4.0,6.0,27.0
2026-08-07 12:17:36,-12.3,-14.2,5.0,6.0,26.0
2026-08-07 12:16:36,-12.4,-14.4,4.0,5.0,26.0
2026-08-07 12:15:36,-12.6,-14.6,2.0,4.0,27.0
2026-08-07 12:14:36,-12.7,-14.7,3.0,4.0,27.0
2026-08-07 12:13:36,-12.9,-14.9,3.0,4.0,27.0
2026-08-07 12:12:36,-13.1,-15.1,3.0,4.0,26.0
2026-08-07 12:11:36,-13.4,-15.3,4.0,5.0,25.0
2026-08-07 12:10:36,-13.7,-15.6,4.0,4.0,24.0
2026-08-07 12:09:36,-13.9,-15.9,4.0,4.0,23.0
2026-08-07 12:08:36,-14.2,-16.3,6.0,4.0,21.0
2026-08-07 12:07:36,-14.5,-16.6,5.0,4.0,21.0
2026-08-07 12:06:36,-14.7,-17.0,5.0,4.0,19.0
2026-08-07 12:05:36,-15.0,-17.2,6.0,4.0,15.0
2026-08-07 12:04:36,-14.9,-17.2,6.0,4.0,15.0
2026-08-07 12:03:36,-14.9,-17.2,6.0,4.0,15.0
2026-08-07 12:02:36,-14.9,-17.1,6.0,4.0,15.0
2026-08-07 12:01:36,-14.8,-17.1,6.0,4.0,15.0
2026-08-07 12:00:36,-14.7,-17.0,6.0,4.0,15.0
2026-08-07 11:59:36,-14.7,-17.0,6.0,4.0,15.0
2026-08-07 11:58:36,-14.6,-16.9,6.0,4.0,15.0
2026-08-07 11:57:36,-14.5,-16.8,6.0,4.0,15.0
2026-08-07 11:56:36,-14.5,-16.7,6.0,4.0,15.0
2026-08-07 11:55:36,-14.4,-16.7,6.0,4.0,15.0
2026-08-07 11:54:36,-14.4,-16.7,6.0,4.0,15.0
2026-08-07 11:53:36,-14.3,-16.6,5.0,4.0,15.0
2026-08-07 11:52:36,-14.2,-16.5,5.0,4.0,15.0
2026-08-07 11:51:36,-14.2,-16.5,5.0,4.0,15.0
2026-08-07 11:50:36,-14.1,-16.4,5.0,4.0,15.0
2026-08-07 11:49:36,-14.0,-16.4,5.0,4.0,15.0
2026-08-07 11:48:36,-14.0,-16.3,5.0,4.0,15.0
2026-08-07 11:47:36,-13.9,-16.2,5.0,4.0,15.0
2026-08-07 11:46:36,-13.8,-16.1,5.0,4.0,15.0
2026-08-07 11:45:36,-13.7,-16.1,5.0,4.0,16.0
2026-08-07 11:44:36,-13.7,-16.0,5.0,4.0,16.0
2026-08-07 11:43:36,-13.6,-15.9,4.0,4.0,16.0
2026-08-07 11:42:36,-13.6,-15.8,4.0,4.0,16.0
2026-08-07 11:41:36,-13.5,-15.8,4.0,4.0,16.0
2026-08-07 11:40:36,-13.3,-15.7,4.0,4.0,16.0
2026-08-07 11:39:36,-13.3,-15.6,4.0,4.0,16.0
2026-08-07 11:38:36,-13.2,-15.5,4.0,4.0,16.0
2026-08-07 11:37:36,-13.1,-15.4,4.0,4.0,16.0
2026-08-07 11:36:36,-13.0,-15.3,4.0,3.0,16.0
2026-08-07 11:35:36,-13.0,-15.3,4.0,4.0,16.0
2026-08-07 11:34:36,-12.9,-15.2,3.0,4.0,17.0
2026-08-07 11:33:36,-12.8,-15.0,3.0,4.0,17.0
2026-08-07 11:32:36,-12.6,-15.0,3.0,4.0,17.0
2026-08-07 11:31:36,-12.6,-14.8,3.0,4.0,17.0
2026-08-07 11:30:36,-12.4,-14.7,3.0,4.0,17.0
2026-08-07 11:29:36,-12.3,-14.6,3.0,4.0,17.0
2026-08-07 11:28:36,-12.2,-14.5,3.0,4.0,18.0
2026-08-07 11:27:36,-12.1,-14.4,3.0,4.0,18.0
2026-08-07 11:26:36,-11.9,-14.3,3.0,4.0,18.0
2026-08-07 11:25:36,-11.8,-14.1,3.0,4.0,18.0
2026-08-07 11:24:36,-11.7,-14.0,3.0,4.0,19.0
2026-08-07 11:23:36,-11.5,-13.8,3.0,4.0,19.0
2026-08-07 11:22:36,-11.4,-13.6,3.0,4.0,20.0
2026-08-07 11:21:36,-11.2,-13.4,4.0,5.0,21.0
2026-08-07 11:20:36,-11.0,-13.2,4.0,5.0,22.0
2026-08-07 11:19:36,-10.8,-13.0,5.0,5.0,22.0
2026-08-07 11:18:36,-10.6,-12.8,1.0,4.0,24.0
2026-08-07 11:17:36,-10.6,-12.8,0.0,3.0,29.0
2026-08-07 11:16:36,-10.7,-12.8,0.0,4.0,29.0
2026-08-07 11:15:36,-10.8,-12.9,1.0,4.0,28.0
2026-08-07 11:14:36,-10.8,-12.9,1.0,4.0,29.0
2026-08-07 11:13:36,-10.9,-13.0,1.0,4.0,29.0
2026-08-07 11:12:36,-11.0,-13.1,1.0,4.0,28.0
2026-08-07 11:11:36,-11.0,-13.1,2.0,4.0,28.0
2026-08-07 11:10:36,-11.2,-13.2,2.0,4.0,27.0
2026-08-07 11:09:36,-11.3,-13.3,2.0,4.0,27.0
2026-08-07 11:08:36,-11.3,-13.5,3.0,4.0,27.0
2026-08-07 11:07:36,-11.5,-13.6,3.0,5.0,26.0
2026-08-07 11:06:36,-11.6,-13.7,3.0,5.0,26.0
2026-08-07 11:05:36,-11.8,-13.9,4.0,5.0,24.0
2026-08-07 11:04:36,-12.0,-14.2,4.0,4.0,23.0
2026-08-07 11:03:36,-12.2,-14.4,5.0,5.0,22.0
2026-08-07 11:02:36,-12.3,-14.6,6.0,5.0,19.0
2026-08-07 11:01:36,-12.4,-14.6,6.0,5.0,17.0
2026-08-07 11:00:36,-12.3,-14.5,6.0,5.0,17.0
2026-08-07 10:59:36,-12.2,-14.4,6.0,5.0,17.0
2026-08-07 10:58:36,-12.1,-14.4,6.0,5.0,17.0
2026-08-07 10:57:36,-12.0,-14.3,6.0,5.0,17.0
2026-08-07 10:56:36,-11.9,-14.2,6.0,5.0,18.0
2026-08-07 10:55:36,-11.7,-14.1,6.0,5.0,18.0
2026-08-07 10:54:36,-11.7,-14.0,5.0,5.0,18.0
2026-08-07 10:53:36,-11.6,-13.9,5.0,5.0,18.0
2026-08-07 10:52:36,-11.5,-13.8,5.0,5.0,18.0
2026-08-07 10:51:36,-11.4,-13.7,5.0,5.0,18.0
2026-08-07 10:50:36,-11.3,-13.6,5.0,5.0,18.0
2026-08-07 10:49:36,-11.2,-13.5,5.0,5.0,18.0
2026-08-07 10:48:36,-11.1,-13.4,5.0,5.0,18.0
2026-08-07 10:47:36,-11.0,-13.2,5.0,5.0,18.0
2026-08-07 10:46:36,-10.8,-13.1,5.0,5.0,19.0
2026-08-07 10:45:36,-10.6,-13.0,4.0,5.0,19.0
2026-08-07 10:44:36,-10.5,-12.9,4.0,5.0,19.0
2026-08-07 10:43:36,-10.4,-12.8,4.0,5.0,19.0
2026-08-07 10:42:36,-10.3,-12.6,4.0,5.0,19.0
2026-08-07 10:41:36,-10.1,-12.5,4.0,5.0,19.0
2026-08-07 10:40:36,-10.0,-12.4,4.0,5.0,20.0
2026-08-07 10:39:36,-9.8,-12.2,4.0,5.0,20.0
2026-08-07 10:38:36,-9.7,-12.1,3.0,5.0,20.0
2026-08-07 10:37:36,-9.6,-11.9,3.0,4.0,20.0
2026-08-07 10:36:36,-9.4,-11.8,3.0,5.0,20.0
2026-08-07 10:35:36,-9.2,-11.6,3.0,5.0,21.0
2026-08-07 10:34:36,-9.1,-11.4,3.0,4.0,21.0
2026-08-07 10:33:36,-8.9,-11.2,3.0,4.0,21.0
2026-08-07 10:32:36,-8.7,-11.0,2.0,5.0,22.0
2026-08-07 10:31:36,-8.4,-10.9,2.0,4.0,22.0
2026-08-07 10:30:36,-8.2,-10.7,2.0,4.0,23.0
2026-08-07 10:29:36,-8.1,-10.5,2.0,4.0,23.0
2026-08-07 10:28:36,-7.9,-10.2,2.0,4.0,24.0
2026-08-07 10:27:36,-7.7,-10.0,1.0,4.0,26.0
2026-08-07 10:26:36,-7.4,-9.8,1.0,4.0,27.0
2026-08-07 10:25:36,-7.2,-9.6,0.0,3.0,31.0
2026-08-07 10:24:36,-7.1,-9.5,0.0,3.0,34.0
2026-08-07 10:23:36,-7.0,-9.4,0.0,3.0,34.0
2026-08-07 10:22:36,-7.0,-9.3,0.0,4.0,34.0
2026-08-07 10:21:36,-6.9,-9.3,1.0,3.0,34.0
2026-08-07 10:20:36,-6.8,-9.2,1.0,4.0,34.0
2026-08-07 10:19:36,-6.7,-9.2,1.0,4.0,34.0
2026-08-07 10:18:36,-6.6,-9.1,1.0,4.0,33.0
2026-08-07 10:17:36,-6.5,-9.0,1.0,4.0,33.0
2026-08-07 10:16:36,-6.5,-8.9,1.0,4.0,33.0
2026-08-07 10:15:36,-6.4,-8.8,2.0,4.0,33.0
2026-08-07 10:14:36,-6.3,-8.7,2.0,4.0,33.0
2026-08-07 10:13:36,-6.2,-8.6,2.0,4.0,33.0
2026-08-07 10:12:36,-6.1,-8.5,2.0,4.0,33.0
2026-08-07 10:11:36,-6.0,-8.5,3.0,4.0,33.0
2026-08-07 10:10:36,-5.8,-8.4,3.0,5.0,33.0
2026-08-07 10:09:36,-5.7,-8.3,3.0,5.0,33.0
2026-08-07 10:08:36,-5.6,-8.1,3.0,5.0,32.0
2026-08-07 10:07:36,-5.4,-8.0,4.0,5.0,32.0
2026-08-07 10:06:36,-5.3,-7.9,4.0,5.0,32.0
2026-08-07 10:05:36,-5.1,-7.8,4.0,5.0,32.0
2026-08-07 10:04:36,-5.0,-7.8,4.0,5.0,32.0
2026-08-07 10:03:36,-4.8,-7.7,5.0,5.0,32.0
2026-08-07 10:02:36,-4.7,-7.6,5.0,5.0,32.0
2026-08-07 10:01:36,-4.5,-7.5,5.0,5.0,32.0
2026-08-07 10:00:36,-4.3,-7.4,6.0,5.0,32.0
2026-08-07 09:59:36,-4.2,-7.5,6.0,6.0,32.0
2026-08-07 09:58:36,-4.0,-7.6,7.0,6.0,33.0
2026-08-07 09:57:36,-4.3,-8.5,7.0,5.0,33.0
2026-08-07 09:56:36,-5.0,-10.7,7.0,5.0,32.0
2026-08-07 09:55:36,-4.8,-10.5,7.0,5.0,32.0
2026-08-07 09:54:36,-4.7,-10.3,7.0,5.0,32.0
2026-08-07 09:53:36,-4.5,-10.2,7.0,5.0,31.0
2026-08-07 09:52:36,-4.3,-10.0,7.0,5.0,31.0
2026-08-07 09:51:36,-4.1,-9.8,7.0,5.0,31.0
2026-08-07 09:50:36,-3.9,-9.6,7.0,5.0,31.0
2026-08-07 09:49:36,-3.6,-9.5,7.0,5.0,30.0
2026-08-07 09:48:36,-3.3,-9.3,7.0,5.0,30.0
2026-08-07 09:47:36,-3.0,-9.1,7.0,5.0,30.0
2026-08-07 09:46:36,-2.7,-8.9,7.0,5.0,29.0
2026-08-07 09:45:36,-2.4,-8.7,6.0,5.0,29.0
2026-08-07 09:44:36,-2.1,-8.5,6.0,5.0,28.0
2026-08-07 09:43:36,-1.8,-8.3,6.0,5.0,28.0
2026-08-07 09:42:36,-1.6,-8.1,6.0,5.0,27.0
2026-08-07 09:41:36,-1.4,-7.9,6.0,5.0,27.0
2026-08-07 09:40:36,-1.2,-7.8,6.0,5.0,26.0
2026-08-07 09:39:36,-1.0,-7.7,6.0,5.0,26.0
2026-08-07 09:38:36,-1.0,-7.6,6.0,4.0,26.0
2026-08-07 09:37:36,-1.1,-7.5,6.0,5.0,27.0
2026-08-07 09:36:36,-1.3,-7.5,6.0,4.0,27.0
2026-08-07 09:35:36,-1.5,-7.5,5.0,4.0,27.0
2026-08-07 09:34:36,-1.9,-7.6,5.0,4.0,27.0
2026-08-07 09:33:36,-2.4,-7.8,5.0,4.0,28.0
2026-08-07 09:32:36,-3.2,-8.1,5.0,4.0,28.0
2026-08-07 09:31:36,-4.0,-8.8,5.0,4.0,28.0
2026-08-07 09:30:36,-4.8,-9.4,5.0,4.0,28.0
2026-08-07 09:29:36,-5.6,-10.1,5.0,4.0,29.0
2026-08-07 09:28:36,-6.2,-10.6,5.0,4.0,29.0
2026-08-07 09:27:36,-6.8,-11.2,5.0,4.0,29.0
2026-08-07 09:26:36,-7.4,-11.6,4.0,4.0,30.0
2026-08-07 09:25:36,-8.0,-12.0,4.0,4.0,30.0
2026-08-07 09:24:36,-8.6,-12.4,4.0,4.0,30.0
2026-08-07 09:23:36,-9.1,-12.8,4.0,4.0,30.0
2026-08-07 09:22:36,-9.7,-13.2,4.0,4.0,31.0
2026-08-07 09:21:36,-10.3,-13.6,4.0,4.0,31.0
2026-08-07 09:20:36,-10.9,-14.1,4.0,4.0,31.0
2026-08-07 09:19:36,-11.5,-14.5,3.0,4.0,31.0
2026-08-07 09:18:36,-12.2,-15.0,3.0,4.0,32.0
2026-08-07 09:17:36,-13.0,-15.4,3.0,4.0,32.0
2026-08-07 09:16:36,-13.8,-15.9,3.0,4.0,32.0
2026-08-07 09:15:36,-14.4,-16.4,3.0,4.0,32.0
2026-08-07 09:14:36,-15.1,-16.9,2.0,4.0,32.0
2026-08-07 09:13:36,-15.5,-17.3,2.0,4.0,32.0
2026-08-07 09:12:36,-15.6,-17.7,2.0,4.0,31.0
2026-08-07 09:11:36,-15.6,-18.0,2.0,3.0,30.0
2026-08-07 09:10:36,-15.6,-18.3,1.0,4.0,27.0
2026-08-07 09:09:36,-15.4,-18.2,1.0,3.0,28.0
2026-08-07 09:08:36,-15.4,-18.1,1.0,3.0,28.0
2026-08-07 09:07:36,-15.3,-17.9,1.0,3.0,29.0
2026-08-07 09:06:36,-15.3,-17.8,0.0,3.0,30.0
2026-08-07 09:05:36,-15.4,-17.7,0.0,3.0,32.0
2026-08-07 09:04:36,-15.5,-17.7,0.0,3.0,35.0
2026-08-07 09:03:36,-15.6,-17.8,0.0,3.0,34.0
2026-08-07 09:02:36,-15.6,-17.8,0.0,3.0,34.0
2026-08-07 09:01:36,-15.8,-18.0,0.0,3.0,34.0
2026-08-07 09:00:36,-15.9,-18.1,0.0,3.0,33.0
2026-08-07 08:59:36,-16.0,-18.2,0.0,3.0,33.0
2026-08-07 08:58:36,-16.1,-18.4,0.0,3.0,31.0
2026-08-07 08:57:36,-16.2,-18.5,0.0,3.0,31.0
2026-08-07 08:56:36,-16.2,-18.6,0.0,4.0,30.0
2026-08-07 08:55:36,-16.3,-18.8,2.0,4.0,28.0
2026-08-07 08:54:36,-16.2,-18.9,4.0,4.0,26.0
2026-08-07 08:53:36,-16.1,-18.9,4.0,4.0,25.0
2026-08-07 08:52:36,-16.0,-18.8,3.0,4.0,25.0
2026-08-07 08:51:36,-16.0,-18.7,3.0,4.0,25.0
2026-08-07 08:50:36,-15.9,-18.6,3.0,4.0,26.0
2026-08-07 08:49:36,-15.8,-18.5,3.0,4.0,26.0
2026-08-07 08:48:36,-15.7,-18.5,3.0,4.0,26.0
2026-08-07 08:47:36,-15.6,-18.4,3.0,4.0,26.0
2026-08-07 08:46:36,-15.5,-18.3,2.0,4.0,26.0
2026-08-07 08:45:36,-15.4,-18.2,2.0,4.0,27.0
2026-08-07 08:44:36,-15.3,-18.1,2.0,4.0,27.0
2026-08-07 08:43:36,-15.3,-18.0,1.0,4.0,27.0
2026-08-07 08:42:36,-15.2,-17.9,1.0,4.0,28.0
2026-08-07 08:41:36,-15.1,-17.7,1.0,3.0,29.0
2026-08-07 08:40:36,-15.1,-17.6,1.0,3.0,29.0
2026-08-07 08:39:36,-15.0,-17.5,0.0,3.0,30.0
2026-08-07 08:38:36,-15.1,-17.4,0.0,3.0,32.0
2026-08-07 08:37:36,-15.2,-17.4,0.0,3.0,35.0
2026-08-07 08:36:36,-15.3,-17.4,0.0,3.0,35.0
2026-08-07 08:35:36,-15.4,-17.5,0.0,3.0,34.0
2026-08-07 08:34:36,-15.5,-17.6,0.0,3.0,34.0
2026-08-07 08:33:36,-15.5,-17.7,0.0,3.0,34.0
2026-08-07 08:32:36,-15.7,-17.9,0.0,3.0,33.0
2026-08-07 08:31:36,-15.8,-18.0,0.0,3.0,32.0
2026-08-07 08:30:36,-15.8,-18.1,0.0,3.0,31.0
2026-08-07 08:29:36,-15.9,-18.3,1.0,4.0,30.0
2026-08-07 08:28:36,-15.9,-18.4,1.0,4.0,29.0
2026-08-07 08:27:36,-15.9,-18.5,3.0,4.0,26.0
2026-08-07 08:26:36,-15.8,-18.5,4.0,4.0,25.0
2026-08-07 08:25:36,-15.7,-18.4,4.0,4.0,25.0
2026-08-07 08:24:36,-15.6,-18.4,3.0,4.0,26.0
2026-08-07 08:23:36,-15.6,-18.3,3.0,4.0,26.0
2026-08-07 08:22:36,-15.5,-18.2,3.0,4.0,26.0
2026-08-07 08:21:36,-15.4,-18.1,3.0,4.0,26.0
2026-08-07 08:20:36,-15.3,-18.0,3.0,4.0,26.0
2026-08-07 08:19:36,-15.2,-17.9,3.0,4.0,26.0
2026-08-07 08:18:36,-15.1,-17.8,2.0,4.0,27.0
2026-08-07 08:17:36,-15.0,-17.7,2.0,4.0,27.0
2026-08-07 08:16:36,-14.8,-17.6,2.0,4.0,27.0
2026-08-07 08:15:36,-14.8,-17.5,1.0,4.0,28.0
2026-08-07 08:14:36,-14.6,-17.4,1.0,4.0,28.0
2026-08-07 08:13:36,-14.6,-17.2,1.0,4.0,29.0
2026-08-07 08:12:36,-14.5,-17.1,1.0,3.0,30.0
2026-08-07 08:11:36,-14.5,-17.0,0.0,3.0,31.0
2026-08-07 08:10:36,-14.5,-16.9,0.0,3.0,33.0
2026-08-07 08:09:36,-14.6,-16.8,0.0,3.0,35.0
2026-08-07 08:08:36,-14.7,-16.9,0.0,3.0,35.0
2026-08-07 08:07:36,-14.8,-17.0,0.0,3.0,34.0
2026-08-07 08:06:36,-14.9,-17.1,0.0,3.0,33.0
2026-08-07 08:05:36,-15.0,-17.2,0.0,3.0,33.0
2026-08-07 08:04:36,-15.0,-17.3,0.0,3.0,32.0
2026-08-07 08:03:36,-15.1,-17.4,0.0,3.0,31.0
2026-08-07 08:02:36,-15.2,-17.6,0.0,4.0,30.0
2026-08-07 08:01:36,-15.2,-17.7,1.0,4.0,29.0
2026-08-07 08:00:36,-15.2,-17.8,3.0,4.0,27.0
2026-08-07 07:59:36,-15.1,-17.8,4.0,4.0,25.0
2026-08-07 07:58:36,-15.0,-17.7,3.0,4.0,25.0
2026-08-07 07:57:36,-14.9,-17.6,3.0,4.0,26.0
2026-08-07 07:56:36,-14.8,-17.5,3.0,4.0,26.0
2026-08-07 07:55:36,-14.7,-17.4,3.0,4.0,26.0
2026-08-07 07:54:36,-14.6,-17.4,3.0,4.0,26.0
2026-08-07 07:53:36,-14.5,-17.2,3.0,4.0,26.0
2026-08-07 07:52:36,-14.3,-17.1,2.0,4.0,26.0
2026-08-07 07:51:36,-14.2,-17.0,2.0,4.0,26.0
2026-08-07 07:50:36,-14.0,-16.8,2.0,4.0,27.0
2026-08-07 07:49:36,-13.9,-16.7,2.0,4.0,27.0
2026-08-07 07:48:36,-13.7,-16.6,1.0,4.0,27.0
2026-08-07 07:47:36,-13.6,-16.4,1.0,4.0,27.0
2026-08-07 07:46:36,-13.4,-16.3,1.0,4.0,28.0
2026-08-07 07:45:36,-13.3,-16.1,1.0,4.0,28.0
2026-08-07 07:44:36,-13.2,-16.0,1.0,3.0,29.0
2026-08-07 07:43:36,-13.0,-15.8,0.0,3.0,30.0
2026-08-07 07:42:36,-12.8,-15.6,0.0,3.0,31.0
2026-08-07 07:41:36,-12.8,-15.4,0.0,3.0,32.0
2026-08-07 07:40:36,-12.8,-15.3,0.0,3.0,34.0
2026-08-07 07:39:36,-12.8,-15.2,0.0,3.0,36.0
2026-08-07 07:38:36,-12.8,-15.2,0.0,3.0,35.0
2026-08-07 07:37:36,-12.8,-15.2,0.0,3.0,35.0
2026-08-07 07:36:36,-12.8,-15.2,0.0,3.0,35.0
2026-08-07 07:35:36,-12.7,-15.2,0.0,3.0,34.0
2026-08-07 07:34:36,-12.7,-15.2,0.0,3.0,34.0
2026-08-07 07:33:36,-12.6,-15.2,0.0,3.0,34.0
2026-08-07 07:32:36,-12.6,-15.2,0.0,3.0,33.0
2026-08-07 07:31:36,-12.6,-15.2,0.0,3.0,33.0
2026-08-07 07:30:36,-12.5,-15.2,0.0,3.0,32.0
2026-08-07 07:29:36,-12.5,-15.1,0.0,3.0,32.0
2026-08-07 07:28:36,-12.5,-15.1,0.0,4.0,31.0
2026-08-07 07:27:36,-12.5,-15.1,0.0,4.0,31.0
2026-08-07 07:26:36,-12.4,-15.1,0.0,4.0,30.0
2026-08-07 07:25:36,-12.3,-15.0,0.0,4.0,29.0
2026-08-07 07:24:36,-12.3,-15.0,0.0,4.0,29.0
2026-08-07 07:23:36,-12.2,-15.0,0.0,4.0,28.0
2026-08-07 07:22:36,-12.1,-14.9,1.0,4.0,27.0
2026-08-07 07:21:36,-12.1,-14.8,1.0,5.0,26.0
2026-08-07 07:20:36,-11.9,-14.8,1.0,5.0,25.0
2026-08-07 07:19:36,-11.8,-14.7,2.0,5.0,24.0
2026-08-07 07:18:36,-11.8,-14.6,3.0,5.0,23.0
2026-08-07 07:17:36,-11.9,-14.5,3.0,5.0,22.0
2026-08-07 07:16:36,-11.9,-14.3,4.0,5.0,22.0
2026-08-07 07:15:36,-11.9,-14.2,5.0,5.0,21.0
2026-08-07 07:14:36,-12.1,-14.2,6.0,5.0,21.0
2026-08-07 07:13:36,-12.5,-14.4,7.0,5.0,21.0
2026-08-07 07:12:36,-13.0,-14.8,8.0,5.0,21.0
2026-08-07 07:11:36,-13.2,-15.0,8.0,5.0,22.0
2026-08-07 07:10:36,-13.3,-15.0,8.0,5.0,22.0
2026-08-07 07:09:36,-13.3,-15.0,8.0,5.0,22.0
2026-08-07 07:08:36,-13.4,-15.1,8.0,5.0,22.0
2026-08-07 07:07:36,-13.5,-15.1,8.0,5.0,22.0
2026-08-07 07:06:36,-13.6,-15.2,8.0,5.0,22.0
2026-08-07 07:05:36,-13.7,-15.2,8.0,5.0,23.0
2026-08-07 07:04:36,-13.8,-15.2,7.0,5.0,23.0
2026-08-07 07:03:36,-13.9,-15.3,7.0,5.0,23.0
2026-08-07 07:02:36,-14.0,-15.4,7.0,5.0,23.0
2026-08-07 07:01:36,-14.1,-15.4,7.0,5.0,23.0
2026-08-07 07:00:36,-14.1,-15.5,7.0,5.0,23.0
2026-08-07 06:59:36,-14.2,-15.5,7.0,5.0,24.0
2026-08-07 06:58:36,-14.3,-15.5,7.0,5.0,24.0
2026-08-07 06:57:36,-14.4,-15.6,7.0,5.0,24.0
2026-08-07 06:56:36,-14.4,-15.6,7.0,5.0,24.0
2026-08-07 06:55:36,-14.5,-15.7,7.0,4.0,24.0
2026-08-07 06:54:36,-14.6,-15.8,7.0,4.0,25.0
2026-08-07 06:53:36,-14.7,-15.8,7.0,5.0,25.0
2026-08-07 06:52:36,-14.7,-15.9,7.0,4.0,26.0
2026-08-07 06:51:36,-14.8,-16.0,7.0,5.0,26.0
2026-08-07 06:50:36,-14.8,-16.1,7.0,4.0,26.0
2026-08-07 06:49:36,-15.0,-16.2,7.0,4.0,26.0
2026-08-07 06:48:36,-15.0,-16.2,7.0,4.0,26.0
2026-08-07 06:47:36,-15.1,-16.3,6.0,4.0,27.0
2026-08-07 06:46:36,-15.2,-16.4,6.0,4.0,27.0
2026-08-07 06:45:36,-15.3,-16.5,6.0,4.0,27.0
2026-08-07 06:44:36,-15.4,-16.6,6.0,4.0,27.0
2026-08-07 06:43:36,-15.5,-16.7,6.0,4.0,27.0
2026-08-07 06:42:36,-15.6,-16.8,6.0,4.0,28.0
2026-08-07 06:41:36,-15.7,-16.9,6.0,4.0,28.0
2026-08-07 06:40:36,-15.7,-17.0,6.0,4.0,28.0
2026-08-07 06:39:36,-15.8,-17.1,6.0,4.0,28.0
2026-08-07 06:38:36,-16.0,-17.3,6.0,4.0,29.0
2026-08-07 06:37:36,-16.1,-17.4,5.0,4.0,29.0
2026-08-07 06:36:36,-16.1,-17.5,5.0,4.0,29.0
2026-08-07 06:35:36,-16.2,-17.7,5.0,4.0,29.0
2026-08-07 06:34:36,-16.4,-17.9,5.0,4.0,30.0
2026-08-07 06:33:36,-16.5,-18.0,5.0,4.0,30.0
2026-08-07 06:32:36,-16.6,-18.2,5.0,4.0,30.0
2026-08-07 06:31:36,-16.7,-18.4,5.0,4.0,30.0
2026-08-07 06:30:36,-16.9,-18.6,5.0,4.0,30.0
2026-08-07 06:29:36,-16.9,-18.8,4.0,4.0,29.0
2026-08-07 06:28:36,-17.1,-19.1,4.0,4.0,29.0
2026-08-07 06:27:36,-17.2,-19.4,4.0,4.0,28.0
2026-08-07 06:26:36,-17.3,-19.7,4.0,4.0,26.0
2026-08-07 06:25:36,-17.3,-20.1,4.0,4.0,24.0
2026-08-07 06:24:36,-17.2,-20.0,4.0,4.0,24.0
2026-08-07 06:23:36,-17.2,-19.9,4.0,4.0,24.0
2026-08-07 06:22:36,-17.1,-19.9,4.0,4.0,24.0
2026-08-07 06:21:36,-17.0,-19.8,4.0,4.0,24.0
2026-08-07 06:20:36,-17.0,-19.8,3.0,4.0,24.0
2026-08-07 06:19:36,-16.9,-19.7,3.0,4.0,24.0
2026-08-07 06:18:36,-16.8,-19.6,3.0,4.0,25.0
2026-08-07 06:17:36,-16.8,-19.5,3.0,4.0,25.0
2026-08-07 06:16:36,-16.7,-19.5,3.0,4.0,25.0
2026-08-07 06:15:36,-16.6,-19.4,2.0,4.0,26.0
2026-08-07 06:14:36,-16.5,-19.3,2.0,4.0,26.0
2026-08-07 06:13:36,-16.5,-19.2,2.0,4.0,26.0
2026-08-07 06:12:36,-16.4,-19.1,2.0,4.0,27.0
2026-08-07 06:11:36,-16.3,-19.1,1.0,4.0,27.0
2026-08-07 06:10:36,-16.3,-18.9,1.0,4.0,28.0
2026-08-07 06:09:36,-16.3,-18.8,1.0,3.0,29.0
2026-08-07 06:08:36,-16.3,-18.8,0.0,3.0,30.0
2026-08-07 06:07:36,-16.4,-18.7,0.0,3.0,32.0
2026-08-07 06:06:36,-16.6,-18.8,0.0,3.0,34.0
2026-08-07 06:05:36,-16.6,-18.9,0.0,3.0,33.0
2026-08-07 06:04:36,-16.8,-19.0,0.0,3.0,33.0
2026-08-07 06:03:36,-16.9,-19.2,0.0,3.0,32.0
2026-08-07 06:02:36,-17.0,-19.3,0.0,3.0,32.0
2026-08-07 06:01:36,-17.2,-19.5,0.0,3.0,31.0
2026-08-07 06:00:36,-17.2,-19.6,1.0,4.0,29.0
2026-08-07 05:59:36,-17.3,-19.8,2.0,4.0,28.0
2026-08-07 05:58:36,-17.3,-20.0,3.0,4.0,26.0
2026-08-07 05:57:36,-17.2,-20.0,4.0,4.0,24.0
2026-08-07 05:56:36,-17.2,-20.0,4.0,4.0,24.0
2026-08-07 05:55:36,-17.1,-19.9,4.0,4.0,24.0
2026-08-07 05:54:36,-17.1,-19.9,4.0,4.0,24.0
2026-08-07 05:53:36,-17.0,-19.8,4.0,4.0,24.0
2026-08-07 05:52:36,-16.9,-19.8,3.0,4.0,24.0
2026-08-07 05:51:36,-16.9,-19.7,3.0,4.0,24.0
2026-08-07 05:50:36,-16.8,-19.6,3.0,4.0,25.0
2026-08-07 05:49:36,-16.8,-19.5,3.0,4.0,25.0
2026-08-07 05:48:36,-16.7,-19.5,3.0,4.0,26.0
2026-08-07 05:47:36,-16.6,-19.4,3.0,4.0,26.0
2026-08-07 05:46:36,-16.5,-19.3,2.0,4.0,26.0
2026-08-07 05:45:36,-16.5,-19.2,2.0,4.0,26.0
2026-08-07 05:44:36,-16.4,-19.1,2.0,4.0,26.0
2026-08-07 05:43:36,-16.3,-19.0,2.0,4.0,27.0
2026-08-07 05:42:36,-16.2,-18.9,1.0,4.0,27.0
2026-08-07 05:41:36,-16.2,-18.8,1.0,3.0,28.0
2026-08-07 05:40:36,-16.2,-18.7,0.0,3.0,29.0
2026-08-07 05:39:36,-16.3,-18.7,0.0,3.0,30.0
2026-08-07 05:38:36,-16.4,-18.6,0.0,3.0,33.0
2026-08-07 05:37:36,-16.5,-18.7,0.0,3.0,34.0
2026-08-07 05:36:36,-16.6,-18.8,0.0,3.0,33.0
2026-08-07 05:35:36,-16.7,-19.0,0.0,3.0,33.0
2026-08-07 05:34:36,-16.9,-19.1,0.0,3.0,32.0
2026-08-07 05:33:36,-17.0,-19.2,0.0,3.0,32.0
2026-08-07 05:32:36,-17.1,-19.4,0.0,3.0,31.0
2026-08-07 05:31:36,-17.2,-19.6,1.0,4.0,30.0
2026-08-07 05:30:36,-17.3,-19.7,2.0,4.0,28.0
2026-08-07 05:29:36,-17.2,-19.9,3.0,4.0,26.0
2026-08-07 05:28:36,-17.2,-20.0,4.0,4.0,24.0
2026-08-07 05:27:36,-17.1,-19.9,4.0,4.0,24.0
2026-08-07 05:26:36,-17.1,-19.9,4.0,4.0,24.0
2026-08-07 05:25:36,-17.0,-19.8,4.0,4.0,24.0
2026-08-07 05:24:36,-16.9,-19.7,4.0,4.0,24.0
2026-08-07 05:23:36,-16.9,-19.7,3.0,4.0,24.0
2026-08-07 05:22:36,-16.8,-19.6,3.0,4.0,24.0
2026-08-07 05:21:36,-16.8,-19.6,3.0,4.0,25.0
2026-08-07 05:20:36,-16.7,-19.5,3.0,4.0,25.0
2026-08-07 05:19:36,-16.7,-19.4,3.0,4.0,26.0
2026-08-07 05:18:36,-16.6,-19.4,3.0,4.0,25.0
2026-08-07 05:17:36,-16.5,-19.3,2.0,4.0,26.0
2026-08-07 05:16:36,-16.4,-19.2,2.0,4.0,26.0
2026-08-07 05:15:36,-16.3,-19.1,2.0,4.0,26.0
2026-08-07 05:14:36,-16.3,-19.0,2.0,4.0,27.0
2026-08-07 05:13:36,-16.2,-18.9,1.0,4.0,27.0
2026-08-07 05:12:36,-16.2,-18.8,1.0,3.0,28.0
2026-08-07 05:11:36,-16.1,-18.7,0.0,3.0,29.0
2026-08-07 05:10:36,-16.2,-18.6,0.0,3.0,30.0
2026-08-07 05:09:36,-16.3,-18.6,0.0,3.0,33.0
2026-08-07 05:08:36,-16.5,-18.6,0.0,3.0,34.0
2026-08-07 05:07:36,-16.6,-18.8,0.0,3.0,33.0
2026-08-07 05:06:36,-16.7,-18.9,0.0,3.0,33.0
2026-08-07 05:05:36,-16.8,-19.0,0.0,4.0,32.0
2026-08-07 05:04:36,-16.9,-19.2,0.0,3.0,32.0
2026-08-07 05:03:36,-17.1,-19.4,0.0,4.0,31.0
2026-08-07 05:02:36,-17.2,-19.5,1.0,4.0,29.0
2026-08-07 05:01:36,-17.2,-19.7,2.0,4.0,28.0
2026-08-07 05:00:36,-17.2,-19.8,3.0,4.0,26.0
2026-08-07 04:59:36,-17.1,-19.9,4.0,4.0,24.0
2026-08-07 04:58:36,-17.0,-19.8,4.0,4.0,24.0
2026-08-07 04:57:36,-17.0,-19.8,4.0,4.0,24.0
2026-08-07 04:56:36,-16.9,-19.7,4.0,4.0,24.0
2026-08-07 04:55:36,-16.9,-19.7,4.0,4.0,24.0
2026-08-07 04:54:36,-16.8,-19.6,3.0,4.0,24.0
2026-08-07 04:53:36,-16.7,-19.5,3.0,4.0,25.0
2026-08-07 04:52:36,-16.7,-19.5,3.0,4.0,25.0
2026-08-07 04:51:36,-16.6,-19.4,3.0,4.0,25.0
2026-08-07 04:50:36,-16.5,-19.3,3.0,4.0,25.0
2026-08-07 04:49:36,-16.5,-19.3,3.0,4.0,26.0
2026-08-07 04:48:36,-16.4,-19.2,2.0,4.0,26.0
2026-08-07 04:47:36,-16.3,-19.1,2.0,4.0,26.0
2026-08-07 04:46:36,-16.2,-19.0,2.0,4.0,27.0
2026-08-07 04:45:36,-16.2,-18.9,1.0,4.0,27.0
2026-08-07 04:44:36,-16.1,-18.8,1.0,4.0,28.0
2026-08-07 04:43:36,-16.1,-18.7,1.0,4.0,29.0
2026-08-07 04:42:36,-16.1,-18.6,0.0,3.0,30.0
2026-08-07 04:41:36,-16.2,-18.5,0.0,3.0,31.0
2026-08-07 04:40:36,-16.3,-18.5,0.0,3.0,34.0
2026-08-07 04:39:36,-16.4,-18.6,0.0,3.0,34.0
2026-08-07 04:38:36,-16.5,-18.8,0.0,3.0,33.0
2026-08-07 04:37:36,-16.6,-18.9,0.0,3.0,32.0
2026-08-07 04:36:36,-16.8,-19.0,0.0,3.0,32.0
2026-08-07 04:35:36,-16.9,-19.2,0.0,3.0,31.0
2026-08-07 04:34:36,-17.0,-19.4,0.0,4.0,30.0
2026-08-07 04:33:36,-17.1,-19.5,1.0,4.0,29.0
2026-08-07 04:32:36,-17.1,-19.7,2.0,4.0,27.0
2026-08-07 04:31:36,-17.1,-19.8,4.0,4.0,25.0
2026-08-07 04:30:36,-17.0,-19.8,4.0,4.0,24.0
2026-08-07 04:29:36,-17.0,-19.7,4.0,4.0,24.0
2026-08-07 04:28:36,-16.9,-19.7,4.0,4.0,24.0
2026-08-07 04:27:36,-16.8,-19.6,4.0,4.0,25.0
2026-08-07 04:26:36,-16.8,-19.6,4.0,4.0,24.0
2026-08-07 04:25:36,-16.7,-19.5,3.0,4.0,24.0
2026-08-07 04:24:36,-16.7,-19.5,3.0,4.0,25.0
2026-08-07 04:23:36,-16.6,-19.4,3.0,4.0,25.0
2026-08-07 04:22:36,-16.5,-19.3,3.0,4.0,26.0
2026-08-07 04:21:36,-16.4,-19.2,3.0,4.0,26.0
2026-08-07 04:20:36,-16.4,-19.2,2.0,4.0,26.0
2026-08-07 04:19:36,-16.3,-19.1,2.0,4.0,26.0
2026-08-07 04:18:36,-16.2,-19.0,2.0,4.0,26.0
2026-08-07 04:17:36,-16.2,-18.9,2.0,4.0,27.0
2026-08-07 04:16:36,-16.1,-18.8,1.0,4.0,27.0
2026-08-07 04:15:36,-16.0,-18.7,1.0,3.0,28.0
2026-08-07 04:14:36,-16.0,-18.6,0.0,4.0,29.0
2026-08-07 04:13:36,-16.1,-18.5,0.0,3.0,31.0
2026-08-07 04:12:36,-16.2,-18.4,0.0,3.0,33.0
2026-08-07 04:11:36,-16.3,-18.5,0.0,3.0,34.0
2026-08-07 04:10:36,-16.5,-18.6,0.0,3.0,33.0
2026-08-07 04:09:36,-16.6,-18.8,0.0,3.0,33.0
2026-08-07 04:08:36,-16.7,-18.9,0.0,3.0,33.0
2026-08-07 04:07:36,-16.8,-19.1,0.0,3.0,32.0
2026-08-07 04:06:36,-16.9,-19.2,0.0,4.0,31.0
2026-08-07 04:05:36,-17.0,-19.4,1.0,4.0,29.0
2026-08-07 04:04:36,-17.1,-19.6,2.0,4.0,27.0
2026-08-07 04:03:36,-17.0,-19.7,3.0,4.0,26.0
2026-08-07 04:02:36,-16.9,-19.7,4.0,4.0,24.0
2026-08-07 04:01:36,-16.9,-19.7,4.0,4.0,24.0
2026-08-07 04:00:36,-16.8,-19.6,4.0,4.0,24.0
2026-08-07 03:59:36,-16.8,-19.5,4.0,4.0,25.0
2026-08-07 03:58:36,-16.7,-19.5,3.0,4.0,24.0
2026-08-07 03:57:36,-16.7,-19.5,3.0,4.0,25.0
2026-08-07 03:56:36,-16.6,-19.4,3.0,4.0,25.0
2026-08-07 03:55:36,-16.5,-19.3,3.0,4.0,25.0
2026-08-07 03:54:36,-16.5,-19.2,3.0,4.0,26.0
2026-08-07 03:53:36,-16.4,-19.2,3.0,4.0,26.0
2026-08-07 03:52:36,-16.3,-19.1,2.0,4.0,26.0
2026-08-07 03:51:36,-16.2,-19.0,2.0,4.0,26.0
2026-08-07 03:50:36,-16.2,-18.9,2.0,4.0,27.0
2026-08-07 03:49:36,-16.1,-18.8,1.0,4.0,27.0
2026-08-07 03:48:36,-16.0,-18.7,1.0,4.0,27.0
2026-08-07 03:47:36,-16.0,-18.6,1.0,3.0,28.0
2026-08-07 03:46:36,-16.0,-18.5,0.0,3.0,29.0
2026-08-07 03:45:36,-16.0,-18.4,0.0,3.0,31.0
2026-08-07 03:44:36,-16.1,-18.4,0.0,3.0,33.0
2026-08-07 03:43:36,-16.3,-18.4,0.0,3.0,34.0
2026-08-07 03:42:36,-16.3,-18.6,0.0,3.0,33.0
2026-08-07 03:41:36,-16.4,-18.7,0.0,3.0,33.0
2026-08-07 03:40:36,-16.6,-18.8,0.0,3.0,33.0
2026-08-07 03:39:36,-16.7,-19.0,0.0,3.0,32.0
2026-08-07 03:38:36,-16.8,-19.1,0.0,4.0,31.0
2026-08-07 03:37:36,-16.9,-19.3,1.0,4.0,30.0
2026-08-07 03:36:36,-17.0,-19.5,1.0,4.0,28.0
2026-08-07 03:35:36,-17.0,-19.6,3.0,4.0,27.0
2026-08-07 03:34:36,-16.9,-19.7,4.0,4.0,24.0
2026-08-07 03:33:36,-16.8,-19.6,4.0,4.0,24.0
2026-08-07 03:32:36,-16.8,-19.6,4.0,4.0,24.0
2026-08-07 03:31:36,-16.7,-19.5,3.0,4.0,25.0
2026-08-07 03:30:36,-16.7,-19.5,3.0,4.0,24.0
2026-08-07 03:29:36,-16.6,-19.4,3.0,4.0,25.0
2026-08-07 03:28:36,-16.5,-19.3,3.0,4.0,25.0
2026-08-07 03:27:36,-16.4,-19.3,3.0,4.0,25.0
2026-08-07 03:26:36,-16.4,-19.1,3.0,4.0,26.0
2026-08-07 03:25:36,-16.3,-19.1,3.0,4.0,26.0
2026-08-07 03:24:36,-16.3,-19.0,2.0,4.0,26.0
2026-08-07 03:23:36,-16.2,-18.9,2.0,4.0,26.0
2026-08-07 03:22:36,-16.1,-18.8,2.0,4.0,27.0
2026-08-07 03:21:36,-16.0,-18.7,2.0,4.0,27.0
2026-08-07 03:20:36,-15.9,-18.6,1.0,4.0,28.0
2026-08-07 03:19:36,-15.9,-18.5,1.0,3.0,29.0
2026-08-07 03:18:36,-15.9,-18.4,0.0,3.0,30.0
2026-08-07 03:17:36,-16.0,-18.4,0.0,3.0,31.0
2026-08-07 03:16:36,-16.1,-18.3,0.0,3.0,33.0
2026-08-07 03:15:36,-16.2,-18.4,0.0,3.0,34.0
2026-08-07 03:14:36,-16.3,-18.5,0.0,3.0,33.0
2026-08-07 03:13:36,-16.4,-18.6,0.0,3.0,33.0
2026-08-07 03:12:36,-16.6,-18.8,0.0,3.0,33.0
2026-08-07 03:11:36,-16.7,-18.9,0.0,3.0,32.0
2026-08-07 03:10:36,-16.8,-19.1,0.0,3.0,31.0
2026-08-07 03:09:36,-16.9,-19.2,1.0,4.0,30.0
2026-08-07 03:08:36,-16.9,-19.4,2.0,4.0,28.0
2026-08-07 03:07:36,-16.9,-19.6,3.0,4.0,26.0
2026-08-07 03:06:36,-16.8,-19.6,4.0,4.0,24.0
2026-08-07 03:05:36,-16.8,-19.5,4.0,4.0,24.0
2026-08-07 03:04:36,-16.7,-19.5,3.0,4.0,24.0
2026-08-07 03:03:36,-16.7,-19.4,3.0,4.0,25.0
2026-08-07 03:02:36,-16.6,-19.4,3.0,4.0,25.0
2026-08-07 03:01:36,-16.5,-19.3,3.0,4.0,25.0
2026-08-07 03:00:36,-16.4,-19.2,3.0,4.0,25.0
2026-08-07 02:59:36,-16.4,-19.2,3.0,4.0,25.0
2026-08-07 02:58:36,-16.3,-19.1,3.0,4.0,26.0
2026-08-07 02:57:36,-16.2,-19.0,3.0,4.0,26.0
2026-08-07 02:56:36,-16.2,-18.9,2.0,4.0,26.0
2026-08-07 02:55:36,-16.1,-18.8,2.0,4.0,26.0
2026-08-07 02:54:36,-16.0,-18.8,2.0,4.0,27.0
2026-08-07 02:53:36,-15.9,-18.6,1.0,4.0,27.0
2026-08-07 02:52:36,-15.8,-18.6,1.0,4.0,28.0
2026-08-07 02:51:36,-15.8,-18.5,1.0,3.0,29.0
2026-08-07 02:50:36,-15.8,-18.3,0.0,3.0,30.0
2026-08-07 02:49:36,-15.9,-18.3,0.0,3.0,31.0
2026-08-07 02:48:36,-16.0,-18.2,0.0,3.0,34.0
2026-08-07 02:47:36,-16.1,-18.3,0.0,3.0,34.0
2026-08-07 02:46:36,-16.2,-18.4,0.0,3.0,34.0
2026-08-07 02:45:36,-16.3,-18.5,0.0,3.0,33.0
2026-08-07 02:44:36,-16.5,-18.7,0.0,3.0,33.0
2026-08-07 02:43:36,-16.6,-18.8,0.0,3.0,32.0
2026-08-07 02:42:36,-16.7,-19.0,0.0,3.0,31.0
2026-08-07 02:41:36,-16.8,-19.1,0.0,4.0,30.0
2026-08-07 02:40:36,-16.9,-19.3,1.0,4.0,29.0
2026-08-07 02:39:36,-16.9,-19.4,3.0,4.0,27.0
2026-08-07 02:38:36,-16.8,-19.5,4.0,4.0,24.0
2026-08-07 02:37:36,-16.7,-19.5,4.0,4.0,24.0
2026-08-07 02:36:36,-16.6,-19.4,3.0,4.0,24.0
2026-08-07 02:35:36,-16.6,-19.4,3.0,4.0,25.0
2026-08-07 02:34:36,-16.5,-19.3,3.0,4.0,25.0
2026-08-07 02:33:36,-16.5,-19.2,3.0,4.0,25.0
2026-08-07 02:32:36,-16.4,-19.1,3.0,4.0,25.0
2026-08-07 02:31:36,-16.3,-19.1,3.0,4.0,26.0
2026-08-07 02:30:36,-16.2,-19.0,3.0,4.0,26.0
2026-08-07 02:29:36,-16.2,-18.9,3.0,4.0,26.0
2026-08-07 02:28:36,-16.1,-18.9,2.0,4.0,26.0
2026-08-07 02:27:36,-16.0,-18.7,2.0,4.0,27.0
2026-08-07 02:26:36,-15.9,-18.7,2.0,4.0,27.0
2026-08-07 02:25:36,-15.8,-18.6,1.0,4.0,27.0
2026-08-07 02:24:36,-15.8,-18.5,1.0,4.0,28.0
2026-08-07 02:23:36,-15.7,-18.4,1.0,3.0,29.0
2026-08-07 02:22:36,-15.8,-18.3,0.0,3.0,30.0
2026-08-07 02:21:36,-15.8,-18.2,0.0,3.0,31.0
2026-08-07 02:20:36,-16.0,-18.1,0.0,3.0,35.0
2026-08-07 02:19:36,-16.1,-18.3,0.0,3.0,34.0
2026-08-07 02:18:36,-16.2,-18.4,0.0,3.0,33.0
2026-08-07 02:17:36,-16.3,-18.5,0.0,3.0,34.0
2026-08-07 02:16:36,-16.4,-18.6,0.0,3.0,33.0
2026-08-07 02:15:36,-16.5,-18.8,0.0,3.0,32.0
2026-08-07 02:14:36,-16.6,-18.9,0.0,3.0,31.0
2026-08-07 02:13:36,-16.7,-19.1,1.0,4.0,30.0
2026-08-07 02:12:36,-16.8,-19.2,1.0,4.0,29.0
2026-08-07 02:11:36,-16.8,-19.4,3.0,4.0,27.0
2026-08-07 02:10:36,-16.7,-19.5,4.0,4.0,24.0
2026-08-07 02:09:36,-16.6,-19.4,4.0,4.0,24.0
2026-08-07 02:08:36,-16.6,-19.4,4.0,4.0,24.0
2026-08-07 02:07:36,-16.5,-19.3,3.0,4.0,24.0
2026-08-07 02:06:36,-16.4,-19.2,3.0,4.0,25.0
2026-08-07 02:05:36,-16.4,-19.1,3.0,4.0,25.0
2026-08-07 02:04:36,-16.3,-19.1,3.0,4.0,25.0
2026-08-07 02:03:36,-16.2,-19.0,3.0,4.0,26.0
2026-08-07 02:02:36,-16.2,-18.9,3.0,4.0,26.0
2026-08-07 02:01:36,-16.1,-18.8,2.0,4.0,26.0
2026-08-07 02:00:36,-16.0,-18.8,2.0,4.0,26.0
2026-08-07 01:59:36,-15.9,-18.7,2.0,4.0,27.0
2026-08-07 01:58:36,-15.8,-18.6,1.0,4.0,27.0
2026-08-07 01:57:36,-15.8,-18.5,1.0,4.0,28.0
2026-08-07 01:56:36,-15.7,-18.4,1.0,3.0,28.0
2026-08-07 01:55:36,-15.7,-18.3,1.0,3.0,29.0
2026-08-07 01:54:36,-15.7,-18.2,0.0,3.0,30.0
2026-08-07 01:53:36,-15.8,-18.1,0.0,3.0,32.0
2026-08-07 01:52:36,-16.0,-18.1,0.0,3.0,35.0
2026-08-07 01:51:36,-16.1,-18.2,0.0,3.0,34.0
2026-08-07 01:50:36,-16.2,-18.3,0.0,3.0,34.0
2026-08-07 01:49:36,-16.3,-18.5,0.0,3.0,33.0
2026-08-07 01:48:36,-16.4,-18.6,0.0,3.0,33.0
2026-08-07 01:47:36,-16.5,-18.8,0.0,3.0,32.0
2026-08-07 01:46:36,-16.6,-18.9,0.0,3.0,30.0
2026-08-07 01:45:36,-16.7,-19.1,1.0,4.0,30.0
2026-08-07 01:44:36,-16.7,-19.3,2.0,4.0,28.0
2026-08-07 01:43:36,-16.7,-19.4,4.0,4.0,25.0
2026-08-07 01:42:36,-16.6,-19.4,4.0,4.0,24.0
2026-08-07 01:41:36,-16.5,-19.3,4.0,4.0,24.0
2026-08-07 01:40:36,-16.5,-19.2,3.0,4.0,25.0
2026-08-07 01:39:36,-16.4,-19.2,3.0,4.0,25.0
2026-08-07 01:38:36,-16.3,-19.1,3.0,4.0,25.0
2026-08-07 01:37:36,-16.2,-19.0,3.0,4.0,25.0
2026-08-07 01:36:36,-16.2,-19.0,3.0,4.0,26.0
2026-08-07 01:35:36,-16.1,-18.9,3.0,4.0,26.0
2026-08-07 01:34:36,-16.0,-18.8,2.0,4.0,26.0
2026-08-07 01:33:36,-16.0,-18.7,2.0,4.0,26.0
2026-08-07 01:32:36,-15.9,-18.6,2.0,4.0,27.0
2026-08-07 01:31:36,-15.8,-18.5,1.0,4.0,27.0
2026-08-07 01:30:36,-15.7,-18.4,1.0,3.0,28.0
2026-08-07 01:29:36,-15.7,-18.3,1.0,3.0,28.0
2026-08-07 01:28:36,-15.6,-18.2,1.0,3.0,29.0
2026-08-07 01:27:36,-15.6,-18.1,0.0,3.0,30.0
2026-08-07 01:26:36,-15.7,-18.0,0.0,3.0,32.0
2026-08-07 01:25:36,-15.9,-18.0,0.0,3.0,35.0
2026-08-07 01:24:36,-16.0,-18.2,0.0,3.0,34.0
2026-08-07 01:23:36,-16.1,-18.3,0.0,3.0,34.0
2026-08-07 01:22:36,-16.2,-18.4,0.0,3.0,34.0
2026-08-07 01:21:36,-16.3,-18.5,0.0,3.0,33.0
2026-08-07 01:20:36,-16.4,-18.7,0.0,3.0,32.0
2026-08-07 01:19:36,-16.5,-18.8,0.0,4.0,31.0
2026-08-07 01:18:36,-16.6,-19.0,1.0,4.0,30.0
2026-08-07 01:17:36,-16.7,-19.1,1.0,4.0,29.0
2026-08-07 01:16:36,-16.7,-19.3,3.0,4.0,27.0
2026-08-07 01:15:36,-16.6,-19.3,4.0,4.0,24.0
2026-08-07 01:14:36,-16.5,-19.3,4.0,4.0,24.0
2026-08-07 01:13:36,-16.5,-19.2,4.0,4.0,25.0
2026-08-07 01:12:36,-16.4,-19.1,3.0,4.0,25.0
2026-08-07 01:11:36,-16.3,-19.1,3.0,4.0,25.0
2026-08-07 01:10:36,-16.2,-19.0,3.0,4.0,25.0
2026-08-07 01:09:36,-16.2,-18.9,3.0,4.0,26.0
2026-08-07 01:08:36,-16.1,-18.8,3.0,4.0,26.0
2026-08-07 01:07:36,-16.0,-18.8,2.0,4.0,26.0
2026-08-07 01:06:36,-15.9,-18.7,2.0,4.0,26.0
2026-08-07 01:05:36,-15.9,-18.6,2.0,4.0,27.0
2026-08-07 01:04:36,-15.8,-18.5,2.0,4.0,27.0
2026-08-07 01:03:36,-15.7,-18.4,1.0,4.0,27.0
2026-08-07 01:02:36,-15.6,-18.3,1.0,3.0,28.0
2026-08-07 01:01:36,-15.5,-18.2,1.0,3.0,29.0
2026-08-07 01:00:36,-15.5,-18.1,0.0,3.0,30.0
2026-08-07 00:59:36,-15.6,-18.0,0.0,3.0,31.0
2026-08-07 00:58:36,-15.7,-17.9,0.0,3.0,33.0
2026-08-07 00:57:36,-15.8,-18.0,0.0,3.0,35.0
2026-08-07 00:56:36,-15.9,-18.1,0.0,3.0,34.0
2026-08-07 00:55:36,-16.0,-18.2,0.0,3.0,34.0
2026-08-07 00:54:36,-16.2,-18.3,0.0,3.0,34.0
2026-08-07 00:53:36,-16.3,-18.5,0.0,3.0,33.0
2026-08-07 00:52:36,-16.4,-18.6,0.0,3.0,32.0
2026-08-07 00:51:36,-16.5,-18.8,0.0,3.0,31.0
2026-08-07 00:50:36,-16.6,-18.9,0.0,3.0,30.0
2026-08-07 00:49:36,-16.6,-19.1,1.0,4.0,29.0
2026-08-07 00:48:36,-16.6,-19.2,3.0,4.0,27.0
2026-08-07 00:47:36,-16.5,-19.3,4.0,4.0,24.0
2026-08-07 00:46:36,-16.4,-19.2,4.0,4.0,24.0
2026-08-07 00:45:36,-16.4,-19.2,3.0,4.0,25.0
2026-08-07 00:44:36,-16.3,-19.1,3.0,4.0,25.0
2026-08-07 00:43:36,-16.2,-19.0,3.0,4.0,25.0
2026-08-07 00:42:36,-16.2,-18.9,3.0,4.0,26.0
2026-08-07 00:41:36,-16.1,-18.9,3.0,4.0,26.0
2026-08-07 00:40:36,-16.1,-18.8,3.0,4.0,26.0
2026-08-07 00:39:36,-16.0,-18.7,2.0,4.0,26.0
2026-08-07 00:38:36,-15.9,-18.6,2.0,4.0,26.0
2026-08-07 00:37:36,-15.8,-18.5,2.0,4.0,27.0
2026-08-07 00:36:36,-15.7,-18.4,1.0,4.0,27.0
2026-08-07 00:35:36,-15.6,-18.4,1.0,3.0,28.0
2026-08-07 00:34:36,-15.6,-18.2,1.0,4.0,28.0
2026-08-07 00:33:36,-15.5,-18.1,1.0,3.0,29.0
2026-08-07 00:32:36,-15.5,-18.0,0.0,3.0,30.0
2026-08-07 00:31:36,-15.6,-18.0,0.0,3.0,31.0
2026-08-07 00:30:36,-15.7,-17.9,0.0,3.0,35.0
2026-08-07 00:29:36,-15.9,-18.0,0.0,3.0,35.0
2026-08-07 00:28:36,-16.0,-18.1,0.0,3.0,34.0
2026-08-07 00:27:36,-16.1,-18.2,0.0,3.0,34.0
2026-08-07 00:26:36,-16.2,-18.3,0.0,3.0,33.0
2026-08-07 00:25:36,-16.3,-18.5,0.0,3.0,32.0
2026-08-07 00:24:36,-16.4,-18.7,0.0,3.0,31.0
2026-08-07 00:23:36,-16.5,-18.8,0.0,4.0,30.0
2026-08-07 00:22:36,-16.5,-19.0,1.0,4.0,29.0
2026-08-07 00:21:36,-16.5,-19.1,2.0,4.0,27.0
2026-08-07 00:20:36,-16.5,-19.2,4.0,4.0,25.0
2026-08-07 00:19:36,-16.4,-19.2,4.0,4.0,25.0
2026-08-07 00:18:36,-16.3,-19.1,3.0,4.0,25.0
2026-08-07 00:17:36,-16.3,-19.0,3.0,4.0,25.0
2026-08-07 00:16:36,-16.2,-18.9,3.0,4.0,25.0
2026-08-07 00:15:36,-16.1,-18.9,3.0,4.0,26.0
2026-08-07 00:14:36,-16.1,-18.8,3.0,4.0,26.0
2026-08-07 00:13:36,-16.0,-18.7,3.0,4.0,26.0
2026-08-07 00:12:36,-15.9,-18.6,3.0,4.0,26.0
2026-08-07 00:11:36,-15.8,-18.6,2.0,4.0,26.0
2026-08-07 00:10:36,-15.7,-18.5,2.0,4.0,27.0
2026-08-07 00:09:36,-15.6,-18.4,1.0,4.0,27.0
2026-08-07 00:08:36,-15.6,-18.3,1.0,4.0,28.0
2026-08-07 00:07:36,-15.5,-18.2,1.0,3.0,28.0
2026-08-07 00:06:36,-15.5,-18.1,1.0,3.0,29.0
2026-08-07 00:05:36,-15.5,-18.0,0.0,3.0,30.0
2026-08-07 00:04:36,-15.5,-17.9,0.0,3.0,31.0
2026-08-07 00:03:36,-15.6,-17.8,0.0,3.0,34.0
2026-08-07 00:02:36,-15.7,-17.9,0.0,3.0,35.0
2026-08-07 00:01:36,-15.8,-18.0,0.0,3.0,34.0
2026-08-07 00:00:36,-15.9,-18.1,0.0,3.0,34.0
2026-08-06 23:59:36,-16.1,-18.2,0.0,3.0,34.0
2026-08-06 23:58:36,-16.2,-18.4,0.0,3.0,33.0
2026-08-06 23:57:36,-16.3,-18.5,0.0,3.0,32.0
2026-08-06 23:56:36,-16.4,-18.7,0.0,3.0,31.0
2026-08-06 23:55:36,-16.5,-18.8,1.0,4.0,30.0
2026-08-06 23:54:36,-16.5,-19.0,2.0,4.0,28.0
2026-08-06 23:53:36,-16.4,-19.1,3.0,4.0,26.0
2026-08-06 23:52:36,-16.3,-19.1,4.0,4.0,25.0
2026-08-06 23:51:36,-16.3,-19.0,3.0,4.0,25.0
2026-08-06 23:50:36,-16.2,-19.0,3.0,4.0,25.0
2026-08-06 23:49:36,-16.2,-18.9,3.0,4.0,26.0
2026-08-06 23:48:36,-16.1,-18.8,3.0,4.0,26.0
2026-08-06 23:47:36,-16.0,-18.7,3.0,4.0,26.0
2026-08-06 23:46:36,-15.9,-18.7,3.0,4.0,26.0
2026-08-06 23:45:36,-15.9,-18.6,3.0,4.0,26.0
2026-08-06 23:44:36,-15.8,-18.5,2.0,4.0,26.0
2026-08-06 23:43:36,-15.7,-18.4,2.0,4.0,27.0
2026-08-06 23:42:36,-15.6,-18.3,1.0,4.0,27.0
2026-08-06 23:41:36,-15.5,-18.2,1.0,4.0,28.0
2026-08-06 23:40:36,-15.5,-18.1,1.0,3.0,28.0
2026-08-06 23:39:36,-15.4,-18.0,1.0,3.0,29.0
2026-08-06 23:38:36,-15.4,-17.9,0.0,3.0,30.0
2026-08-06 23:37:36,-15.4,-17.8,0.0,3.0,32.0
2026-08-06 23:36:36,-15.5,-17.8,0.0,3.0,34.0
2026-08-06 23:35:36,-15.7,-17.8,0.0,3.0,35.0
2026-08-06 23:34:36,-15.8,-17.9,0.0,3.0,34.0
2026-08-06 23:33:36,-15.9,-18.1,0.0,3.0,34.0
2026-08-06 23:32:36,-16.0,-18.2,0.0,3.0,33.0
2026-08-06 23:31:36,-16.2,-18.3,0.0,3.0,33.0
2026-08-06 23:30:36,-16.3,-18.5,0.0,4.0,32.0
2026-08-06 23:29:36,-16.3,-18.6,0.0,3.0,31.0
2026-08-06 23:28:36,-16.4,-18.8,1.0,4.0,30.0
2026-08-06 23:27:36,-16.4,-19.0,2.0,4.0,28.0
2026-08-06 23:26:36,-16.3,-19.1,4.0,4.0,25.0
2026-08-06 23:25:36,-16.3,-19.0,3.0,4.0,25.0
2026-08-06 23:24:36,-16.2,-19.0,3.0,4.0,25.0
2026-08-06 23:23:36,-16.2,-18.9,3.0,4.0,25.0
2026-08-06 23:22:36,-16.1,-18.8,3.0,4.0,26.0
2026-08-06 23:21:36,-16.0,-18.7,3.0,4.0,26.0
2026-08-06 23:20:36,-15.9,-18.6,3.0,4.0,26.0
2026-08-06 23:19:36,-15.8,-18.6,3.0,4.0,26.0
2026-08-06 23:18:36,-15.7,-18.5,2.0,4.0,26.0
2026-08-06 23:17:36,-15.7,-18.4,2.0,4.0,27.0
2026-08-06 23:16:36,-15.6,-18.3,2.0,4.0,27.0
2026-08-06 23:15:36,-15.5,-18.2,1.0,4.0,27.0
2026-08-06 23:14:36,-15.4,-18.1,1.0,3.0,28.0
2026-08-06 23:13:36,-15.3,-18.0,1.0,4.0,29.0
2026-08-06 23:12:36,-15.3,-17.9,1.0,3.0,29.0
2026-08-06 23:11:36,-15.3,-17.8,0.0,3.0,30.0
2026-08-06 23:10:36,-15.3,-17.7,0.0,3.0,32.0
2026-08-06 23:09:36,-15.5,-17.6,0.0,3.0,35.0
2026-08-06 23:08:36,-15.6,-17.7,0.0,3.0,35.0
2026-08-06 23:07:36,-15.7,-17.8,0.0,3.0,35.0
2026-08-06 23:06:36,-15.8,-17.9,0.0,3.0,34.0
2026-08-06 23:05:36,-15.9,-18.1,0.0,3.0,34.0
2026-08-06 23:04:36,-16.0,-18.2,0.0,3.0,33.0
2026-08-06 23:03:36,-16.2,-18.3,0.0,3.0,32.0
2026-08-06 23:02:36,-16.2,-18.5,0.0,3.0,31.0
2026-08-06 23:01:36,-16.3,-18.7,0.0,4.0,30.0
2026-08-06 23:00:36,-16.3,-18.8,2.0,4.0,28.0
2026-08-06 22:59:36,-16.2,-19.0,3.0,4.0,26.0
2026-08-06 22:58:36,-16.1,-18.9,3.0,4.0,25.0
2026-08-06 22:57:36,-16.1,-18.8,3.0,4.0,25.0
2026-08-06 22:56:36,-16.0,-18.8,3.0,4.0,26.0
2026-08-06 22:55:36,-16.0,-18.7,3.0,4.0,26.0
2026-08-06 22:54:36,-15.9,-18.6,3.0,4.0,26.0
2026-08-06 22:53:36,-15.8,-18.5,3.0,4.0,26.0
2026-08-06 22:52:36,-15.7,-18.5,3.0,4.0,26.0
2026-08-06 22:51:36,-15.6,-18.4,2.0,4.0,27.0
2026-08-06 22:50:36,-15.5,-18.3,2.0,4.0,27.0
2026-08-06 22:49:36,-15.4,-18.2,2.0,4.0,27.0
2026-08-06 22:48:36,-15.4,-18.1,1.0,4.0,28.0
2026-08-06 22:47:36,-15.3,-18.0,1.0,4.0,28.0
2026-08-06 22:46:36,-15.2,-17.9,1.0,3.0,29.0
2026-08-06 22:45:36,-15.2,-17.7,1.0,3.0,30.0
2026-08-06 22:44:36,-15.2,-17.7,0.0,3.0,31.0
2026-08-06 22:43:36,-15.3,-17.6,0.0,3.0,33.0
2026-08-06 22:42:36,-15.4,-17.5,0.0,3.0,36.0
2026-08-06 22:41:36,-15.4,-17.6,0.0,3.0,35.0
2026-08-06 22:40:36,-15.5,-17.7,0.0,3.0,35.0
2026-08-06 22:39:36,-15.7,-17.9,0.0,3.0,35.0
2026-08-06 22:38:36,-15.8,-18.0,0.0,3.0,34.0
2026-08-06 22:37:36,-15.9,-18.1,0.0,3.0,33.0
2026-08-06 22:36:36,-16.0,-18.3,0.0,3.0,32.0
2026-08-06 22:35:36,-16.1,-18.4,0.0,3.0,31.0
2026-08-06 22:34:36,-16.2,-18.6,1.0,4.0,30.0
2026-08-06 22:33:36,-16.1,-18.7,2.0,4.0,28.0
2026-08-06 22:32:36,-16.1,-18.8,3.0,4.0,26.0
2026-08-06 22:31:36,-16.0,-18.8,3.0,4.0,25.0
2026-08-06 22:30:36,-15.9,-18.7,3.0,4.0,26.0
2026-08-06 22:29:36,-15.8,-18.6,3.0,4.0,26.0
2026-08-06 22:28:36,-15.8,-18.5,3.0,4.0,26.0
2026-08-06 22:27:36,-15.7,-18.4,3.0,4.0,26.0
2026-08-06 22:26:36,-15.6,-18.4,2.0,4.0,26.0
2026-08-06 22:25:36,-15.5,-18.3,2.0,4.0,27.0
2026-08-06 22:24:36,-15.4,-18.2,2.0,4.0,27.0
2026-08-06 22:23:36,-15.3,-18.1,2.0,4.0,27.0
2026-08-06 22:22:36,-15.2,-18.0,2.0,4.0,27.0
2026-08-06 22:21:36,-15.1,-17.9,1.0,4.0,28.0
2026-08-06 22:20:36,-15.0,-17.8,1.0,4.0,29.0
2026-08-06 22:19:36,-14.9,-17.6,1.0,4.0,29.0
2026-08-06 22:18:36,-14.9,-17.5,1.0,3.0,30.0
2026-08-06 22:17:36,-14.9,-17.4,0.0,3.0,31.0
2026-08-06 22:16:36,-15.0,-17.3,0.0,3.0,33.0
2026-08-06 22:15:36,-15.1,-17.2,0.0,3.0,37.0
2026-08-06 22:14:36,-15.2,-17.3,0.0,3.0,37.0
2026-08-06 22:13:36,-15.3,-17.4,0.0,3.0,36.0
2026-08-06 22:12:36,-15.4,-17.5,0.0,3.0,35.0
2026-08-06 22:11:36,-15.6,-17.6,0.0,3.0,34.0
2026-08-06 22:10:36,-15.8,-17.7,0.0,3.0,33.0
2026-08-06 22:09:36,-15.9,-17.9,0.0,4.0,33.0
2026-08-06 22:08:36,-16.0,-18.0,0.0,4.0,31.0
2026-08-06 22:07:36,-16.2,-18.2,1.0,4.0,31.0
2026-08-06 22:06:36,-16.3,-18.5,1.0,4.0,31.0
2026-08-06 22:05:36,-16.4,-18.7,0.0,3.0,31.0
2026-08-06 22:04:36,-16.5,-18.8,0.0,4.0,30.0
2026-08-06 22:03:36,-16.5,-19.0,1.0,4.0,28.0
2026-08-06 22:02:36,-16.4,-19.2,3.0,4.0,26.0
2026-08-06 22:01:36,-16.3,-19.1,3.0,4.0,24.0
2026-08-06 22:00:36,-16.3,-19.1,3.0,4.0,24.0
2026-08-06 21:59:36,-16.2,-19.0,3.0,4.0,25.0
2026-08-06 21:58:36,-16.2,-18.9,3.0,4.0,25.0
2026-08-06 21:57:36,-16.1,-18.9,3.0,4.0,25.0
2026-08-06 21:56:36,-16.0,-18.8,3.0,4.0,26.0
2026-08-06 21:55:36,-15.9,-18.7,3.0,4.0,26.0
2026-08-06 21:54:36,-15.8,-18.6,2.0,4.0,26.0
2026-08-06 21:53:36,-15.7,-18.5,2.0,4.0,26.0
2026-08-06 21:52:36,-15.7,-18.4,2.0,4.0,27.0
2026-08-06 21:51:36,-15.6,-18.3,1.0,4.0,27.0
2026-08-06 21:50:36,-15.5,-18.3,1.0,4.0,28.0
2026-08-06 21:49:36,-15.4,-18.2,1.0,3.0,28.0
2026-08-06 21:48:36,-15.4,-18.0,1.0,3.0,29.0
2026-08-06 21:47:36,-15.4,-17.9,0.0,3.0,30.0
2026-08-06 21:46:36,-15.5,-17.8,0.0,3.0,31.0
2026-08-06 21:45:36,-15.6,-17.8,0.0,3.0,34.0
2026-08-06 21:44:36,-15.7,-17.9,0.0,3.0,35.0
2026-08-06 21:43:36,-15.8,-18.0,0.0,3.0,35.0
2026-08-06 21:42:36,-15.9,-18.1,0.0,3.0,34.0
2026-08-06 21:41:36,-16.1,-18.2,0.0,3.0,33.0
2026-08-06 21:40:36,-16.2,-18.3,0.0,3.0,32.0
2026-08-06 21:39:36,-16.3,-18.5,0.0,3.0,31.0
2026-08-06 21:38:36,-16.4,-18.6,0.0,3.0,31.0
2026-08-06 21:37:36,-16.4,-18.8,0.0,3.0,30.0
2026-08-06 21:36:36,-16.5,-19.0,2.0,4.0,27.0
2026-08-06 21:35:36,-16.4,-19.1,3.0,4.0,25.0
2026-08-06 21:34:36,-16.3,-19.1,3.0,4.0,24.0
2026-08-06 21:33:36,-16.2,-19.0,3.0,4.0,24.0
2026-08-06 21:32:36,-16.2,-18.9,3.0,4.0,25.0
2026-08-06 21:31:36,-16.1,-18.8,3.0,4.0,25.0
2026-08-06 21:30:36,-16.0,-18.8,3.0,4.0,25.0
2026-08-06 21:29:36,-16.0,-18.7,3.0,4.0,26.0
2026-08-06 21:28:36,-15.9,-18.7,3.0,4.0,26.0
2026-08-06 21:27:36,-15.8,-18.6,2.0,4.0,26.0
2026-08-06 21:26:36,-15.7,-18.5,2.0,4.0,26.0
2026-08-06 21:25:36,-15.6,-18.3,2.0,4.0,27.0
2026-08-06 21:24:36,-15.5,-18.3,1.0,4.0,27.0
2026-08-06 21:23:36,-15.5,-18.2,1.0,4.0,28.0
2026-08-06 21:22:36,-15.4,-18.1,1.0,4.0,28.0
2026-08-06 21:21:36,-15.4,-18.0,1.0,3.0,29.0
2026-08-06 21:20:36,-15.4,-17.9,0.0,3.0,30.0
2026-08-06 21:19:36,-15.5,-17.8,0.0,3.0,32.0
2026-08-06 21:18:36,-15.6,-17.7,0.0,3.0,35.0
2026-08-06 21:17:36,-15.7,-17.8,0.0,3.0,35.0
2026-08-06 21:16:36,-15.8,-18.0,0.0,3.0,34.0
2026-08-06 21:15:36,-16.0,-18.1,0.0,3.0,34.0
2026-08-06 21:14:36,-16.1,-18.2,0.0,3.0,33.0
2026-08-06 21:13:36,-16.2,-18.4,0.0,3.0,32.0
2026-08-06 21:12:36,-16.2,-18.5,0.0,3.0,31.0
2026-08-06 21:11:36,-16.4,-18.7,0.0,3.0,30.0
2026-08-06 21:10:36,-16.4,-18.9,1.0,4.0,29.0
2026-08-06 21:09:36,-16.3,-19.0,3.0,4.0,26.0
2026-08-06 21:08:36,-16.3,-19.0,3.0,4.0,24.0
2026-08-06 21:07:36,-16.2,-19.0,3.0,4.0,24.0
2026-08-06 21:06:36,-16.1,-18.9,3.0,4.0,25.0
2026-08-06 21:05:36,-16.0,-18.8,3.0,4.0,25.0
2026-08-06 21:04:36,-16.0,-18.7,3.0,4.0,25.0
2026-08-06 21:03:36,-15.9,-18.6,3.0,4.0,26.0
2026-08-06 21:02:36,-15.8,-18.6,3.0,4.0,26.0
2026-08-06 21:01:36,-15.7,-18.5,2.0,4.0,26.0
2026-08-06 21:00:36,-15.6,-18.4,2.0,4.0,26.0
2026-08-06 20:59:36,-15.6,-18.3,2.0,4.0,27.0
2026-08-06 20:58:36,-15.5,-18.2,1.0,4.0,27.0
2026-08-06 20:57:36,-15.4,-18.1,1.0,4.0,28.0
2026-08-06 20:56:36,-15.3,-18.0,1.0,4.0,28.0
2026-08-06 20:55:36,-15.3,-17.9,1.0,4.0,29.0
2026-08-06 20:54:36,-15.3,-17.8,0.0,3.0,30.0
2026-08-06 20:53:36,-15.4,-17.7,0.0,3.0,32.0
2026-08-06 20:52:36,-15.5,-17.6,0.0,3.0,35.0
2026-08-06 20:51:36,-15.6,-17.7,0.0,3.0,35.0
2026-08-06 20:50:36,-15.7,-17.8,0.0,3.0,35.0
2026-08-06 20:49:36,-15.8,-18.0,0.0,3.0,34.0
2026-08-06 20:48:36,-16.0,-18.1,0.0,3.0,33.0
2026-08-06 20:47:36,-16.0,-18.2,0.0,3.0,32.0
2026-08-06 20:46:36,-16.1,-18.4,0.0,3.0,32.0
2026-08-06 20:45:36,-16.2,-18.5,0.0,3.0,30.0
2026-08-06 20:44:36,-16.2,-18.7,0.0,3.0,29.0
2026-08-06 20:43:36,-16.2,-18.9,2.0,4.0,26.0
2026-08-06 20:42:36,-16.1,-18.9,3.0,4.0,25.0
2026-08-06 20:41:36,-16.0,-18.8,3.0,3.0,25.0
2026-08-06 20:40:36,-16.0,-18.7,3.0,3.0,25.0
2026-08-06 20:39:36,-15.9,-18.6,2.0,3.0,26.0
2026-08-06 20:38:36,-15.8,-18.6,2.0,4.0,26.0
2026-08-06 20:37:36,-15.7,-18.5,2.0,3.0,26.0
2026-08-06 20:36:36,-15.7,-18.4,2.0,3.0,26.0
2026-08-06 20:35:36,-15.5,-18.3,2.0,4.0,27.0
2026-08-06 20:34:36,-15.4,-18.2,1.0,3.0,27.0
2026-08-06 20:33:36,-15.4,-18.1,1.0,3.0,27.0
2026-08-06 20:32:36,-15.3,-18.0,1.0,3.0,28.0
2026-08-06 20:31:36,-15.2,-17.9,1.0,3.0,28.0
2026-08-06 20:30:36,-15.2,-17.8,0.0,4.0,29.0
2026-08-06 20:29:36,-15.2,-17.7,0.0,3.0,30.0
2026-08-06 20:28:36,-15.3,-17.6,0.0,3.0,31.0
2026-08-06 20:27:36,-15.5,-17.5,0.0,3.0,34.0
2026-08-06 20:26:36,-15.6,-17.6,0.0,4.0,32.0
2026-08-06 20:25:36,-15.7,-17.8,1.0,3.0,32.0
2026-08-06 20:24:36,-15.9,-18.0,0.0,3.0,34.0
2026-08-06 20:23:36,-16.0,-18.1,0.0,3.0,34.0
2026-08-06 20:22:36,-16.1,-18.2,0.0,3.0,33.0
2026-08-06 20:21:36,-16.2,-18.4,0.0,3.0,33.0
2026-08-06 20:20:36,-16.3,-18.5,0.0,3.0,31.0
2026-08-06 20:19:36,-16.4,-18.7,0.0,3.0,30.0
2026-08-06 20:18:36,-16.5,-18.8,0.0,3.0,30.0
2026-08-06 20:17:36,-16.5,-19.0,1.0,4.0,28.0
2026-08-06 20:16:36,-16.4,-19.2,3.0,4.0,26.0
2026-08-06 20:15:36,-16.4,-19.2,3.0,4.0,24.0
2026-08-06 20:14:36,-16.3,-19.1,3.0,4.0,24.0
2026-08-06 20:13:36,-16.2,-19.0,3.0,4.0,24.0
2026-08-06 20:12:36,-16.2,-18.9,3.0,4.0,25.0
2026-08-06 20:11:36,-16.1,-18.9,3.0,4.0,25.0
2026-08-06 20:10:36,-16.1,-18.8,3.0,4.0,25.0
2026-08-06 20:09:36,-16.0,-18.7,2.0,4.0,26.0
2026-08-06 20:08:36,-15.9,-18.6,2.0,4.0,26.0
2026-08-06 20:07:36,-15.8,-18.6,2.0,4.0,26.0
2026-08-06 20:06:36,-15.7,-18.5,2.0,4.0,26.0
2026-08-06 20:05:36,-15.6,-18.3,1.0,4.0,27.0
2026-08-06 20:04:36,-15.6,-18.2,1.0,4.0,27.0
2026-08-06 20:03:36,-15.5,-18.2,1.0,3.0,28.0
2026-08-06 20:02:36,-15.4,-18.1,1.0,3.0,29.0
2026-08-06 20:01:36,-15.4,-18.0,0.0,3.0,30.0
2026-08-06 20:00:36,-15.5,-17.9,0.0,3.0,31.0
2026-08-06 19:59:36,-15.6,-17.8,0.0,3.0,33.0
2026-08-06 19:58:36,-15.7,-17.9,0.0,3.0,34.0
2026-08-06 19:57:36,-15.9,-18.0,0.0,3.0,35.0
2026-08-06 19:56:36,-16.0,-18.1,0.0,3.0,34.0
2026-08-06 19:55:36,-16.2,-18.2,0.0,3.0,33.0
2026-08-06 19:54:36,-16.2,-18.4,0.0,3.0,32.0
2026-08-06 19:53:36,-16.3,-18.5,0.0,3.0,31.0
2026-08-06 19:52:36,-16.4,-18.7,0.0,3.0,31.0
2026-08-06 19:51:36,-16.5,-18.8,1.0,3.0,29.0
2026-08-06 19:50:36,-16.4,-19.0,2.0,4.0,27.0
2026-08-06 19:49:36,-16.3,-19.1,3.0,4.0,24.0
2026-08-06 19:48:36,-16.2,-19.0,3.0,4.0,24.0
2026-08-06 19:47:36,-16.2,-19.0,3.0,4.0,24.0
2026-08-06 19:46:36,-16.2,-18.9,3.0,4.0,25.0
2026-08-06 19:45:36,-16.1,-18.8,3.0,4.0,25.0
2026-08-06 19:44:36,-16.0,-18.7,3.0,4.0,25.0
2026-08-06 19:43:36,-15.9,-18.7,3.0,4.0,26.0
2026-08-06 19:42:36,-15.8,-18.6,2.0,4.0,26.0
2026-08-06 19:41:36,-15.7,-18.5,2.0,4.0,26.0
2026-08-06 19:40:36,-15.6,-18.4,2.0,4.0,26.0
2026-08-06 19:39:36,-15.6,-18.3,1.0,4.0,27.0
2026-08-06 19:38:36,-15.5,-18.2,1.0,4.0,27.0
2026-08-06 19:37:36,-15.4,-18.1,1.0,3.0,28.0
2026-08-06 19:36:36,-15.4,-18.0,1.0,3.0,29.0
2026-08-06 19:35:36,-15.4,-17.9,0.0,3.0,30.0
2026-08-06 19:34:36,-15.5,-17.8,0.0,3.0,31.0
2026-08-06 19:33:36,-15.6,-17.8,0.0,3.0,33.0
2026-08-06 19:32:36,-15.7,-17.8,0.0,3.0,35.0
2026-08-06 19:31:36,-15.8,-18.0,0.0,3.0,34.0
2026-08-06 19:30:36,-15.9,-18.1,0.0,3.0,33.0
2026-08-06 19:29:36,-16.0,-18.2,0.0,3.0,33.0
2026-08-06 19:28:36,-16.1,-18.4,0.0,3.0,31.0
2026-08-06 19:27:36,-16.3,-18.5,0.0,3.0,31.0
2026-08-06 19:26:36,-16.3,-18.7,0.0,3.0,30.0
2026-08-06 19:25:36,-16.3,-18.8,1.0,4.0,28.0
2026-08-06 19:24:36,-16.3,-19.0,3.0,4.0,26.0
2026-08-06 19:23:36,-16.2,-19.0,3.0,4.0,24.0
2026-08-06 19:22:36,-16.1,-18.9,3.0,4.0,25.0
2026-08-06 19:21:36,-16.0,-18.8,3.0,4.0,25.0
2026-08-06 19:20:36,-16.0,-18.7,3.0,4.0,25.0
2026-08-06 19:19:36,-15.9,-18.6,2.0,4.0,25.0
2026-08-06 19:18:36,-15.8,-18.6,2.0,4.0,26.0
2026-08-06 19:17:36,-15.7,-18.5,2.0,3.0,26.0
2026-08-06 19:16:36,-15.6,-18.4,2.0,4.0,26.0
2026-08-06 19:15:36,-15.5,-18.3,2.0,4.0,26.0
2026-08-06 19:14:36,-15.5,-18.2,1.0,3.0,27.0
2026-08-06 19:13:36,-15.4,-18.1,1.0,3.0,27.0
2026-08-06 19:12:36,-15.3,-18.0,1.0,3.0,28.0
2026-08-06 19:11:36,-15.3,-17.9,1.0,3.0,29.0
2026-08-06 19:10:36,-15.3,-17.8,0.0,3.0,30.0
2026-08-06 19:09:36,-15.3,-17.7,0.0,3.0,31.0
2026-08-06 19:08:36,-15.4,-17.6,0.0,3.0,33.0
2026-08-06 19:07:36,-15.6,-17.6,0.0,3.0,35.0
2026-08-06 19:06:36,-15.7,-17.7,0.0,3.0,35.0
2026-08-06 19:05:36,-15.8,-17.9,0.0,3.0,34.0
2026-08-06 19:04:36,-15.9,-18.0,0.0,3.0,33.0
2026-08-06 19:03:36,-16.0,-18.1,0.0,3.0,32.0
2026-08-06 19:02:36,-16.1,-18.2,0.0,3.0,32.0
2026-08-06 19:01:36,-16.2,-18.4,0.0,3.0,31.0
2026-08-06 19:00:36,-16.3,-18.6,0.0,4.0,30.0
2026-08-06 18:59:36,-16.2,-18.7,1.0,4.0,28.0
2026-08-06 18:58:36,-16.2,-18.9,3.0,4.0,26.0
2026-08-06 18:57:36,-16.1,-18.8,3.0,4.0,24.0
2026-08-06 18:56:36,-16.0,-18.8,3.0,4.0,25.0
2026-08-06 18:55:36,-16.0,-18.7,3.0,4.0,25.0
2026-08-06 18:54:36,-15.9,-18.6,3.0,4.0,25.0
2026-08-06 18:53:36,-15.8,-18.5,2.0,4.0,26.0
2026-08-06 18:52:36,-15.7,-18.5,2.0,4.0,26.0
2026-08-06 18:51:36,-15.6,-18.4,2.0,4.0,26.0
2026-08-06 18:50:36,-15.5,-18.3,2.0,4.0,26.0
2026-08-06 18:49:36,-15.4,-18.2,1.0,3.0,27.0
2026-08-06 18:48:36,-15.4,-18.1,1.0,4.0,27.0
2026-08-06 18:47:36,-15.3,-18.0,1.0,3.0,27.0
2026-08-06 18:46:36,-15.2,-17.9,1.0,3.0,28.0
2026-08-06 18:45:36,-15.2,-17.7,0.0,3.0,29.0
2026-08-06 18:44:36,-15.2,-17.7,0.0,3.0,30.0
2026-08-06 18:43:36,-15.3,-17.6,0.0,3.0,32.0
2026-08-06 18:42:36,-15.4,-17.5,0.0,3.0,35.0
2026-08-06 18:41:36,-15.5,-17.6,0.0,3.0,35.0
2026-08-06 18:40:36,-15.6,-17.7,0.0,3.0,34.0
2026-08-06 18:39:36,-15.7,-17.8,0.0,3.0,34.0
2026-08-06 18:38:36,-15.9,-17.9,0.0,3.0,33.0
2026-08-06 18:37:36,-16.0,-18.1,0.0,3.0,32.0
2026-08-06 18:36:36,-16.0,-18.2,0.0,3.0,32.0
2026-08-06 18:35:36,-16.1,-18.4,0.0,3.0,30.0
2026-08-06 18:34:36,-16.2,-18.6,1.0,4.0,29.0
2026-08-06 18:33:36,-16.1,-18.7,3.0,4.0,26.0
2026-08-06 18:32:36,-16.0,-18.8,3.0,4.0,24.0
2026-08-06 18:31:36,-15.9,-18.7,3.0,4.0,25.0
2026-08-06 18:30:36,-15.9,-18.6,3.0,4.0,25.0
2026-08-06 18:29:36,-15.8,-18.5,3.0,4.0,25.0
2026-08-06 18:28:36,-15.7,-18.4,2.0,4.0,25.0
2026-08-06 18:27:36,-15.6,-18.4,2.0,4.0,26.0
2026-08-06 18:26:36,-15.5,-18.3,2.0,4.0,26.0
2026-08-06 18:25:36,-15.4,-18.2,2.0,4.0,26.0
2026-08-06 18:24:36,-15.3,-18.1,2.0,4.0,27.0
2026-08-06 18:23:36,-15.2,-18.0,1.0,4.0,27.0
2026-08-06 18:22:36,-15.2,-17.8,1.0,4.0,28.0
2026-08-06 18:21:36,-15.1,-17.8,1.0,4.0,28.0
2026-08-06 18:20:36,-15.1,-17.6,1.0,3.0,29.0
2026-08-06 18:19:36,-15.0,-17.5,0.0,3.0,30.0
2026-08-06 18:18:36,-15.1,-17.4,0.0,3.0,31.0
2026-08-06 18:17:36,-15.2,-17.3,0.0,3.0,34.0
2026-08-06 18:16:36,-15.3,-17.4,0.0,3.0,36.0
2026-08-06 18:15:36,-15.4,-17.5,0.0,3.0,35.0
2026-08-06 18:14:36,-15.5,-17.6,0.0,3.0,34.0
2026-08-06 18:13:36,-15.7,-17.7,0.0,3.0,34.0
2026-08-06 18:12:36,-15.8,-17.9,0.0,3.0,32.0
2026-08-06 18:11:36,-16.0,-18.0,0.0,4.0,32.0
2026-08-06 18:10:36,-16.1,-18.1,1.0,4.0,30.0
2026-08-06 18:09:36,-16.2,-18.4,0.0,3.0,31.0
2026-08-06 18:08:36,-16.2,-18.6,1.0,4.0,29.0
2026-08-06 18:07:36,-16.1,-18.7,2.0,4.0,27.0
2026-08-06 18:06:36,-16.0,-18.8,3.0,4.0,24.0
2026-08-06 18:05:36,-15.9,-18.7,3.0,4.0,25.0
2026-08-06 18:04:36,-15.9,-18.6,3.0,4.0,25.0
2026-08-06 18:03:36,-15.8,-18.5,3.0,4.0,25.0
2026-08-06 18:02:36,-15.7,-18.5,2.0,4.0,26.0
2026-08-06 18:01:36,-15.6,-18.4,2.0,4.0,26.0
2026-08-06 18:00:36,-15.5,-18.3,2.0,4.0,26.0
2026-08-06 17:59:36,-15.5,-18.2,2.0,4.0,26.0
2026-08-06 17:58:36,-15.4,-18.1,2.0,4.0,26.0
2026-08-06 17:57:36,-15.3,-18.0,1.0,4.0,27.0
2026-08-06 17:56:36,-15.2,-17.9,1.0,3.0,27.0
2026-08-06 17:55:36,-15.1,-17.8,1.0,3.0,28.0
2026-08-06 17:54:36,-15.1,-17.7,0.0,3.0,29.0
2026-08-06 17:53:36,-15.1,-17.6,0.0,3.0,30.0
2026-08-06 17:52:36,-15.2,-17.5,0.0,3.0,32.0
2026-08-06 17:51:36,-15.4,-17.4,0.0,3.0,35.0
2026-08-06 17:50:36,-15.4,-17.5,0.0,3.0,35.0
2026-08-06 17:49:36,-15.5,-17.6,0.0,3.0,34.0
2026-08-06 17:48:36,-15.6,-17.7,0.0,3.0,33.0
2026-08-06 17:47:36,-15.8,-17.9,0.0,3.0,32.0
2026-08-06 17:46:36,-15.9,-18.0,0.0,4.0,32.0
2026-08-06 17:45:36,-16.0,-18.2,0.0,3.0,31.0
2026-08-06 17:44:36,-16.0,-18.3,0.0,4.0,30.0
2026-08-06 17:43:36,-16.0,-18.5,2.0,4.0,28.0
2026-08-06 17:42:36,-15.8,-18.6,3.0,4.0,25.0
2026-08-06 17:41:36,-15.8,-18.6,3.0,4.0,24.0
2026-08-06 17:40:36,-15.7,-18.5,3.0,4.0,25.0
2026-08-06 17:39:36,-15.6,-18.4,3.0,4.0,25.0
2026-08-06 17:38:36,-15.6,-18.3,3.0,4.0,25.0
2026-08-06 17:37:36,-15.5,-18.2,3.0,4.0,26.0
2026-08-06 17:36:36,-15.4,-18.1,2.0,4.0,26.0
2026-08-06 17:35:36,-15.3,-18.0,2.0,4.0,26.0
2026-08-06 17:34:36,-15.2,-17.9,2.0,4.0,26.0
2026-08-06 17:33:36,-15.1,-17.8,1.0,4.0,27.0
2026-08-06 17:32:36,-15.0,-17.7,1.0,4.0,27.0
2026-08-06 17:31:36,-15.0,-17.6,1.0,4.0,28.0
2026-08-06 17:30:36,-14.9,-17.5,1.0,3.0,29.0
2026-08-06 17:29:36,-14.9,-17.4,0.0,3.0,30.0
2026-08-06 17:28:36,-14.9,-17.3,0.0,3.0,31.0
2026-08-06 17:27:36,-15.1,-17.2,0.0,3.0,34.0
2026-08-06 17:26:36,-15.2,-17.3,0.0,3.0,34.0
2026-08-06 17:25:36,-15.3,-17.4,0.0,3.0,34.0
2026-08-06 17:24:36,-15.4,-17.5,0.0,3.0,33.0
2026-08-06 17:23:36,-15.5,-17.6,0.0,3.0,32.0
2026-08-06 17:22:36,-15.6,-17.7,0.0,3.0,32.0
2026-08-06 17:21:36,-15.6,-17.9,0.0,3.0,31.0
2026-08-06 17:20:36,-15.7,-18.1,1.0,4.0,29.0
2026-08-06 17:19:36,-15.6,-18.2,2.0,4.0,27.0
2026-08-06 17:18:36,-15.5,-18.3,3.0,4.0,24.0
2026-08-06 17:17:36,-15.4,-18.2,3.0,4.0,24.0
2026-08-06 17:16:36,-15.4,-18.1,3.0,4.0,25.0
2026-08-06 17:15:36,-15.3,-18.0,3.0,4.0,25.0
2026-08-06 17:14:36,-15.2,-17.9,3.0,4.0,25.0
2026-08-06 17:13:36,-15.1,-17.9,2.0,4.0,26.0
2026-08-06 17:12:36,-15.0,-17.8,2.0,4.0,26.0
2026-08-06 17:11:36,-14.9,-17.7,2.0,4.0,26.0
2026-08-06 17:10:36,-14.8,-17.5,2.0,4.0,26.0
2026-08-06 17:09:36,-14.7,-17.4,1.0,4.0,27.0
2026-08-06 17:08:36,-14.6,-17.3,1.0,4.0,27.0
2026-08-06 17:07:36,-14.5,-17.2,1.0,4.0,27.0
2026-08-06 17:06:36,-14.4,-17.1,1.0,3.0,28.0
2026-08-06 17:05:36,-14.4,-16.9,0.0,3.0,30.0
2026-08-06 17:04:36,-14.5,-16.8,0.0,3.0,31.0
2026-08-06 17:03:36,-14.6,-16.7,0.0,3.0,34.0
2026-08-06 17:02:36,-14.7,-16.8,0.0,3.0,34.0
2026-08-06 17:01:36,-14.8,-16.9,0.0,3.0,33.0
2026-08-06 17:00:36,-14.8,-17.0,0.0,3.0,33.0
2026-08-06 16:59:36,-14.9,-17.1,0.0,3.0,33.0
2026-08-06 16:58:36,-15.0,-17.2,0.0,4.0,32.0
2026-08-06 16:57:36,-15.1,-17.4,0.0,4.0,30.0
2026-08-06 16:56:36,-15.1,-17.5,0.0,4.0,29.0
2026-08-06 16:55:36,-15.1,-17.6,1.0,4.0,27.0
2026-08-06 16:54:36,-15.0,-17.7,3.0,4.0,25.0
2026-08-06 16:53:36,-14.9,-17.7,3.0,4.0,24.0
2026-08-06 16:52:36,-14.8,-17.5,3.0,4.0,24.0
2026-08-06 16:51:36,-14.7,-17.4,3.0,4.0,25.0
2026-08-06 16:50:36,-14.5,-17.4,3.0,4.0,25.0
2026-08-06 16:49:36,-14.4,-17.3,3.0,4.0,25.0
2026-08-06 16:48:36,-14.3,-17.1,2.0,4.0,25.0
2026-08-06 16:47:36,-14.2,-17.0,2.0,4.0,26.0
2026-08-06 16:46:36,-14.1,-16.9,2.0,4.0,26.0
2026-08-06 16:45:36,-13.9,-16.8,2.0,4.0,26.0
2026-08-06 16:44:36,-13.7,-16.6,1.0,4.0,26.0
2026-08-06 16:43:36,-13.6,-16.5,1.0,4.0,27.0
2026-08-06 16:42:37,-13.4,-16.3,1.0,4.0,27.0
2026-08-06 16:41:36,-13.2,-16.2,1.0,4.0,27.0
2026-08-06 16:40:36,-13.1,-16.0,1.0,3.0,28.0
2026-08-06 16:39:36,-12.9,-15.8,0.0,3.0,29.0
2026-08-06 16:38:36,-12.9,-15.6,0.0,3.0,30.0
2026-08-06 16:37:36,-12.8,-15.4,0.0,3.0,31.0
2026-08-06 16:36:36,-12.8,-15.2,0.0,3.0,33.0
2026-08-06 16:35:36,-12.8,-15.2,0.0,2.0,35.0
2026-08-06 16:34:36,-12.8,-15.1,0.0,3.0,35.0
2026-08-06 16:33:36,-12.8,-15.2,0.0,3.0,35.0
2026-08-06 16:32:36,-12.8,-15.1,0.0,3.0,34.0
2026-08-06 16:31:36,-12.7,-15.1,0.0,3.0,34.0
2026-08-06 16:30:36,-12.7,-15.1,0.0,3.0,34.0
2026-08-06 16:29:36,-12.7,-15.1,0.0,3.0,33.0
2026-08-06 16:28:36,-12.6,-15.1,0.0,3.0,33.0
2026-08-06 16:27:36,-12.6,-15.1,0.0,3.0,32.0
2026-08-06 16:26:36,-12.6,-15.1,0.0,4.0,32.0
2026-08-06 16:25:36,-12.5,-15.1,0.0,4.0,31.0
2026-08-06 16:24:36,-12.5,-15.1,0.0,4.0,31.0
2026-08-06 16:23:36,-12.5,-15.0,0.0,4.0,30.0
2026-08-06 16:22:36,-12.4,-15.0,0.0,4.0,29.0
2026-08-06 16:21:36,-12.4,-15.0,0.0,4.0,29.0
2026-08-06 16:20:36,-12.3,-14.9,0.0,4.0,28.0
2026-08-06 16:19:36,-12.2,-14.9,0.0,4.0,27.0
2026-08-06 16:18:36,-12.1,-14.8,1.0,4.0,26.0
2026-08-06 16:17:36,-12.0,-14.8,1.0,4.0,25.0
2026-08-06 16:16:36,-12.0,-14.7,1.0,5.0,24.0
2026-08-06 16:15:36,-11.9,-14.6,2.0,5.0,23.0
2026-08-06 16:14:36,-12.0,-14.5,3.0,5.0,22.0
2026-08-06 16:13:36,-11.9,-14.4,4.0,5.0,22.0
2026-08-06 16:12:36,-12.0,-14.2,4.0,5.0,21.0
2026-08-06 16:11:36,-12.1,-14.2,5.0,5.0,21.0
2026-08-06 16:10:36,-12.5,-14.4,6.0,5.0,21.0
2026-08-06 16:09:36,-13.0,-14.9,7.0,5.0,21.0
2026-08-06 16:08:36,-13.3,-15.2,7.0,5.0,21.0
2026-08-06 16:07:36,-13.4,-15.3,7.0,5.0,22.0
2026-08-06 16:06:36,-13.5,-15.4,7.0,5.0,22.0
2026-08-06 16:05:36,-13.5,-15.4,7.0,5.0,22.0
2026-08-06 16:04:36,-13.6,-15.4,7.0,5.0,22.0
2026-08-06 16:03:36,-13.7,-15.5,7.0,5.0,22.0
2026-08-06 16:02:36,-13.9,-15.5,7.0,5.0,22.0
2026-08-06 16:01:36,-13.9,-15.5,7.0,5.0,23.0
2026-08-06 16:00:36,-14.0,-15.6,7.0,5.0,23.0
2026-08-06 15:59:36,-14.1,-15.6,7.0,4.0,23.0
2026-08-06 15:58:36,-14.2,-15.6,7.0,5.0,23.0
2026-08-06 15:57:36,-14.3,-15.7,7.0,4.0,23.0
2026-08-06 15:56:36,-14.4,-15.8,7.0,4.0,23.0
2026-08-06 15:55:36,-14.5,-15.8,7.0,4.0,24.0
2026-08-06 15:54:36,-14.5,-15.8,7.0,5.0,24.0
2026-08-06 15:53:36,-14.6,-15.9,7.0,4.0,24.0
2026-08-06 15:52:36,-14.7,-15.9,7.0,5.0,24.0
2026-08-06 15:51:36,-14.8,-16.0,7.0,4.0,24.0
2026-08-06 15:50:36,-14.9,-16.0,6.0,4.0,25.0
2026-08-06 15:49:36,-15.0,-16.1,6.0,4.0,25.0
2026-08-06 15:48:36,-15.1,-16.2,6.0,4.0,25.0
2026-08-06 15:47:36,-15.2,-16.2,6.0,4.0,26.0
2026-08-06 15:46:36,-15.3,-16.3,6.0,4.0,26.0
2026-08-06 15:45:36,-15.3,-16.3,6.0,4.0,26.0
2026-08-06 15:44:36,-15.4,-16.4,6.0,4.0,26.0
2026-08-06 15:43:36,-15.5,-16.5,6.0,4.0,27.0
2026-08-06 15:42:36,-15.6,-16.6,6.0,4.0,27.0
2026-08-06 15:41:36,-15.7,-16.7,6.0,4.0,27.0
2026-08-06 15:40:36,-15.8,-16.8,6.0,4.0,27.0
2026-08-06 15:39:36,-15.8,-16.8,6.0,4.0,27.0
2026-08-06 15:38:36,-15.9,-16.9,5.0,4.0,28.0
2026-08-06 15:37:36,-16.0,-17.0,5.0,4.0,28.0
2026-08-06 15:36:36,-16.0,-17.1,5.0,4.0,28.0
2026-08-06 15:35:36,-16.1,-17.2,5.0,4.0,28.0
2026-08-06 15:34:36,-16.2,-17.3,5.0,4.0,28.0
2026-08-06 15:33:36,-16.2,-17.5,5.0,4.0,29.0
2026-08-06 15:32:36,-16.3,-17.6,5.0,4.0,29.0
2026-08-06 15:31:36,-16.4,-17.8,5.0,4.0,29.0
2026-08-06 15:30:36,-16.6,-18.0,5.0,4.0,29.0
2026-08-06 15:29:36,-16.7,-18.2,4.0,4.0,29.0
2026-08-06 15:28:36,-16.8,-18.4,4.0,4.0,29.0
2026-08-06 15:27:36,-16.9,-18.6,4.0,4.0,29.0
2026-08-06 15:26:36,-17.1,-18.8,4.0,4.0,29.0
2026-08-06 15:25:36,-17.2,-19.1,4.0,4.0,29.0
2026-08-06 15:24:36,-17.3,-19.4,3.0,4.0,28.0
2026-08-06 15:23:36,-17.4,-19.8,3.0,4.0,27.0
2026-08-06 15:22:36,-17.4,-20.1,3.0,4.0,24.0
2026-08-06 15:21:36,-17.3,-20.1,4.0,4.0,22.0
2026-08-06 15:20:36,-17.3,-20.1,3.0,4.0,22.0
2026-08-06 15:19:36,-17.2,-20.0,3.0,4.0,23.0
2026-08-06 15:18:36,-17.1,-20.0,3.0,4.0,23.0
2026-08-06 15:17:36,-17.1,-19.9,3.0,4.0,23.0
2026-08-06 15:16:36,-17.0,-19.8,3.0,4.0,23.0
2026-08-06 15:15:36,-16.9,-19.7,3.0,4.0,23.0
2026-08-06 15:14:36,-16.8,-19.7,3.0,4.0,23.0
2026-08-06 15:13:36,-16.7,-19.6,3.0,4.0,23.0
2026-08-06 15:12:36,-16.7,-19.5,2.0,4.0,24.0
2026-08-06 15:11:36,-16.6,-19.4,2.0,4.0,24.0
2026-08-06 15:10:36,-16.5,-19.3,2.0,4.0,24.0
2026-08-06 15:09:36,-16.5,-19.2,1.0,4.0,25.0
2026-08-06 15:08:36,-16.4,-19.1,1.0,4.0,26.0
2026-08-06 15:07:36,-16.3,-19.0,1.0,4.0,26.0
2026-08-06 15:06:36,-16.3,-18.9,0.0,3.0,27.0
2026-08-06 15:05:36,-16.4,-18.8,0.0,4.0,28.0
2026-08-06 15:04:36,-16.6,-18.7,0.0,3.0,30.0
2026-08-06 15:03:36,-16.7,-18.8,0.0,3.0,33.0
2026-08-06 15:02:36,-16.8,-18.9,0.0,3.0,32.0
2026-08-06 15:01:36,-17.0,-19.0,0.0,3.0,32.0
2026-08-06 15:00:36,-17.1,-19.2,0.0,3.0,31.0
2026-08-06 14:59:36,-17.2,-19.4,0.0,3.0,30.0
2026-08-06 14:58:36,-17.3,-19.5,0.0,3.0,29.0
2026-08-06 14:57:36,-17.4,-19.7,1.0,4.0,27.0
2026-08-06 14:56:36,-17.3,-19.9,2.0,4.0,26.0
2026-08-06 14:55:36,-17.2,-20.0,3.0,4.0,23.0
2026-08-06 14:54:36,-17.2,-20.0,3.0,4.0,23.0
2026-08-06 14:53:36,-17.1,-19.9,3.0,4.0,23.0
2026-08-06 14:52:36,-17.1,-19.8,3.0,4.0,23.0
2026-08-06 14:51:36,-17.0,-19.8,3.0,4.0,23.0
2026-08-06 14:50:36,-16.9,-19.7,3.0,4.0,23.0
2026-08-06 14:49:36,-16.8,-19.7,3.0,4.0,23.0
2026-08-06 14:48:37,-16.8,-19.5,3.0,4.0,23.0
2026-08-06 14:47:36,-16.7,-19.5,2.0,4.0,23.0
2026-08-06 14:46:36,-16.6,-19.4,2.0,4.0,24.0
2026-08-06 14:45:36,-16.5,-19.3,2.0,4.0,24.0
2026-08-06 14:44:36,-16.4,-19.2,2.0,4.0,24.0
2026-08-06 14:43:36,-16.3,-19.1,1.0,4.0,25.0
2026-08-06 14:42:36,-16.3,-19.0,1.0,4.0,26.0
2026-08-06 14:41:36,-16.2,-18.9,1.0,4.0,26.0
2026-08-06 14:40:36,-16.1,-18.8,1.0,3.0,27.0
2026-08-06 14:39:36,-16.1,-18.7,0.0,3.0,28.0
2026-08-06 14:38:36,-16.2,-18.6,0.0,4.0,29.0
2026-08-06 14:37:36,-16.3,-18.5,0.0,3.0,31.0
2026-08-06 14:36:36,-16.5,-18.5,0.0,3.0,34.0
2026-08-06 14:35:36,-16.6,-18.7,0.0,3.0,33.0
2026-08-06 14:34:36,-16.7,-18.8,0.0,3.0,32.0
2026-08-06 14:33:36,-16.9,-19.0,0.0,3.0,31.0
2026-08-06 14:32:36,-17.0,-19.1,0.0,3.0,31.0
2026-08-06 14:31:36,-17.1,-19.4,0.0,3.0,30.0
2026-08-06 14:30:36,-17.2,-19.6,0.0,3.0,28.0
2026-08-06 14:29:36,-17.1,-19.7,1.0,3.0,26.0
2026-08-06 14:28:36,-17.0,-19.8,3.0,4.0,24.0
2026-08-06 14:27:36,-16.9,-19.7,3.0,4.0,24.0
2026-08-06 14:26:36,-16.9,-19.6,4.0,4.0,24.0
2026-08-06 14:25:36,-16.8,-19.5,4.0,4.0,23.0
2026-08-06 14:24:36,-16.7,-19.5,3.0,4.0,24.0
2026-08-06 14:23:36,-16.6,-19.4,1.0,4.0,24.0
2026-08-06 14:22:36,-16.6,-19.3,1.0,4.0,24.0
2026-08-06 14:21:36,-16.5,-19.2,1.0,4.0,25.0
2026-08-06 14:20:36,-16.5,-19.1,1.0,3.0,26.0
2026-08-06 14:19:36,-16.6,-19.0,0.0,3.0,27.0
2026-08-06 14:18:36,-16.7,-18.9,0.0,3.0,29.0
2026-08-06 14:17:36,-16.9,-18.9,0.0,3.0,32.0
2026-08-06 14:16:36,-17.0,-19.0,0.0,3.0,32.0
2026-08-06 14:15:36,-17.1,-19.2,0.0,3.0,31.0
2026-08-06 14:14:36,-17.3,-19.3,0.0,3.0,30.0
2026-08-06 14:13:36,-17.4,-19.5,0.0,3.0,29.0
2026-08-06 14:12:36,-17.5,-19.7,0.0,3.0,28.0
2026-08-06 14:11:36,-17.5,-19.9,0.0,4.0,27.0
2026-08-06 14:10:36,-17.5,-20.1,2.0,4.0,25.0
2026-08-06 14:09:36,-17.4,-20.2,4.0,4.0,22.0
2026-08-06 14:08:36,-17.3,-20.2,3.0,4.0,22.0
2026-08-06 14:07:36,-17.3,-20.1,3.0,4.0,22.0
2026-08-06 14:06:36,-17.2,-20.0,3.0,4.0,22.0
2026-08-06 14:05:36,-17.1,-20.0,3.0,4.0,22.0
2026-08-06 14:04:36,-17.1,-19.9,3.0,4.0,22.0
2026-08-06 14:03:43,-17.0,-19.8,3.0,4.0,23.0
2026-08-06 14:02:36,-16.9,-19.7,3.0,4.0,23.0
2026-08-06 14:01:36,-16.8,-19.7,3.0,4.0,23.0
2026-08-06 14:00:36,-16.8,-19.6,2.0,4.0,23.0
2026-08-06 13:59:36,-16.7,-19.5,2.0,4.0,23.0
2026-08-06 13:58:36,-16.6,-19.4,2.0,4.0,24.0
2026-08-06 13:57:36,-16.5,-19.3,1.0,4.0,24.0
2026-08-06 13:56:36,-16.5,-19.2,1.0,4.0,24.0
2026-08-06 13:55:36,-16.4,-19.1,1.0,4.0,26.0
2026-08-06 13:54:36,-16.4,-19.0,0.0,4.0,26.0
2026-08-06 13:53:36,-16.5,-18.9,0.0,3.0,27.0
2026-08-06 13:52:36,-16.6,-18.8,0.0,3.0,29.0
2026-08-06 13:51:36,-16.8,-18.8,0.0,3.0,32.0
2026-08-06 13:50:36,-16.9,-18.9,0.0,3.0,31.0
2026-08-06 13:49:36,-17.0,-19.1,0.0,3.0,31.0
2026-08-06 13:48:36,-17.2,-19.2,0.0,3.0,30.0
2026-08-06 13:47:36,-17.2,-19.4,0.0,3.0,29.0
2026-08-06 13:46:36,-17.3,-19.6,0.0,3.0,28.0
2026-08-06 13:45:36,-17.3,-19.8,1.0,4.0,26.0
2026-08-06 13:44:36,-17.3,-19.9,2.0,4.0,24.0
2026-08-06 13:43:36,-17.2,-20.0,3.0,4.0,22.0
2026-08-06 13:42:36,-17.1,-19.9,3.0,4.0,22.0
2026-08-06 13:41:36,-17.0,-19.9,3.0,4.0,22.0
2026-08-06 13:40:36,-17.0,-19.8,3.0,4.0,23.0
2026-08-06 13:39:36,-16.9,-19.8,3.0,4.0,22.0
2026-08-06 13:38:36,-16.9,-19.7,3.0,4.0,22.0
2026-08-06 13:37:36,-16.8,-19.6,3.0,4.0,23.0
2026-08-06 13:36:36,-16.7,-19.5,2.0,4.0,23.0
2026-08-06 13:35:36,-16.6,-19.5,2.0,4.0,23.0
2026-08-06 13:34:36,-16.5,-19.4,2.0,4.0,23.0
2026-08-06 13:33:36,-16.5,-19.3,2.0,4.0,23.0
2026-08-06 13:32:36,-16.4,-19.2,2.0,4.0,24.0
2026-08-06 13:31:36,-16.3,-19.1,1.0,4.0,24.0
2026-08-06 13:30:36,-16.3,-19.0,1.0,4.0,25.0
2026-08-06 13:29:36,-16.1,-18.9,1.0,4.0,25.0
2026-08-06 13:28:36,-16.1,-18.7,1.0,3.0,26.0
2026-08-06 13:27:36,-16.1,-18.6,0.0,3.0,27.0
2026-08-06 13:26:36,-16.2,-18.5,0.0,3.0,29.0
2026-08-06 13:25:36,-16.4,-18.5,0.0,3.0,31.0
2026-08-06 13:24:36,-16.5,-18.6,0.0,2.0,32.0
2026-08-06 13:23:36,-16.7,-18.7,0.0,2.0,31.0
2026-08-06 13:22:36,-16.8,-18.9,0.0,2.0,31.0
2026-08-06 13:21:36,-16.9,-19.1,0.0,2.0,30.0
2026-08-06 13:20:36,-16.9,-19.3,0.0,3.0,29.0
2026-08-06 13:19:36,-17.0,-19.5,0.0,3.0,27.0
2026-08-06 13:18:36,-16.9,-19.6,2.0,3.0,24.0
2026-08-06 13:17:36,-16.8,-19.6,3.0,3.0,23.0
2026-08-06 13:16:36,-16.7,-19.5,3.0,3.0,23.0
2026-08-06 13:15:36,-16.7,-19.4,3.0,4.0,24.0
2026-08-06 13:14:36,-16.6,-19.3,3.0,4.0,24.0
2026-08-06 13:13:36,-16.5,-19.2,4.0,4.0,25.0
2026-08-06 13:12:36,-16.5,-19.1,4.0,4.0,23.0
2026-08-06 13:11:36,-16.4,-19.1,1.0,3.0,26.0
2026-08-06 13:10:36,-16.4,-19.0,0.0,3.0,27.0
2026-08-06 13:09:36,-16.5,-18.9,0.0,3.0,28.0
2026-08-06 13:08:36,-16.7,-18.8,0.0,3.0,31.0
2026-08-06 13:07:36,-16.9,-18.9,0.0,3.0,32.0
2026-08-06 13:06:36,-17.0,-19.1,0.0,3.0,31.0
2026-08-06 13:05:36,-17.1,-19.2,0.0,3.0,31.0
2026-08-06 13:04:36,-17.3,-19.3,0.0,3.0,30.0
2026-08-06 13:03:39,-17.4,-19.5,0.0,3.0,29.0
2026-08-06 13:02:36,-17.5,-19.7,0.0,3.0,28.0
2026-08-06 13:01:36,-17.5,-19.9,1.0,4.0,26.0
2026-08-06 13:00:36,-17.5,-20.1,2.0,4.0,24.0
2026-08-06 12:59:36,-17.4,-20.2,4.0,4.0,22.0
2026-08-06 12:58:36,-17.4,-20.2,3.0,4.0,22.0
2026-08-06 12:57:36,-17.3,-20.1,3.0,4.0,22.0
2026-08-06 12:56:36,-17.2,-20.0,3.0,4.0,22.0
2026-08-06 12:55:36,-17.2,-20.0,3.0,4.0,22.0
2026-08-06 12:54:36,-17.1,-19.9,3.0,4.0,22.0
2026-08-06 12:53:36,-17.0,-19.8,3.0,4.0,22.0
2026-08-06 12:52:36,-17.0,-19.8,3.0,3.0,22.0
2026-08-06 12:51:36,-16.9,-19.7,2.0,4.0,22.0
2026-08-06 12:50:36,-16.8,-19.7,2.0,4.0,23.0
2026-08-06 12:49:36,-16.7,-19.6,2.0,3.0,23.0
2026-08-06 12:48:38,-16.7,-19.5,2.0,4.0,23.0
2026-08-06 12:47:36,-16.6,-19.4,1.0,4.0,23.0
2026-08-06 12:46:36,-16.5,-19.3,1.0,4.0,24.0
2026-08-06 12:45:36,-16.4,-19.2,1.0,3.0,24.0
2026-08-06 12:44:36,-16.4,-19.1,1.0,3.0,25.0
2026-08-06 12:43:36,-16.3,-19.0,1.0,3.0,26.0
2026-08-06 12:42:36,-16.4,-18.8,0.0,3.0,27.0
2026-08-06 12:41:36,-16.5,-18.8,0.0,3.0,29.0
2026-08-06 12:40:36,-16.7,-18.7,0.0,3.0,32.0
2026-08-06 12:39:36,-16.8,-18.8,0.0,3.0,32.0
2026-08-06 12:38:36,-16.9,-19.0,0.0,3.0,31.0
2026-08-06 12:37:36,-17.1,-19.1,0.0,3.0,31.0
2026-08-06 12:36:36,-17.2,-19.3,0.0,3.0,30.0
2026-08-06 12:35:36,-17.3,-19.5,0.0,3.0,29.0
2026-08-06 12:34:36,-17.4,-19.7,0.0,4.0,27.0
2026-08-06 12:33:36,-17.4,-19.8,1.0,4.0,25.0
2026-08-06 12:32:36,-17.3,-20.0,3.0,4.0,23.0
2026-08-06 12:31:36,-17.2,-20.1,4.0,4.0,22.0
2026-08-06 12:30:36,-17.2,-20.0,3.0,4.0,22.0
2026-08-06 12:29:36,-17.1,-19.9,3.0,4.0,22.0
2026-08-06 12:28:36,-17.1,-19.8,3.0,4.0,22.0
2026-08-06 12:27:36,-17.0,-19.8,3.0,4.0,22.0
2026-08-06 12:26:36,-16.9,-19.7,3.0,4.0,22.0
2026-08-06 12:25:36,-16.9,-19.7,3.0,4.0,22.0
2026-08-06 12:24:36,-16.8,-19.6,2.0,4.0,22.0
2026-08-06 12:23:36,-16.7,-19.5,2.0,3.0,23.0
2026-08-06 12:22:36,-16.6,-19.5,2.0,4.0,23.0
2026-08-06 12:21:36,-16.5,-19.4,2.0,4.0,23.0
2026-08-06 12:20:36,-16.5,-19.3,2.0,3.0,23.0
2026-08-06 12:19:36,-16.4,-19.2,1.0,3.0,23.0
2026-08-06 12:18:36,-16.3,-19.0,1.0,4.0,24.0
2026-08-06 12:17:36,-16.2,-18.9,1.0,3.0,24.0
2026-08-06 12:16:36,-16.2,-18.8,1.0,3.0,26.0
2026-08-06 12:15:36,-16.2,-18.7,0.0,3.0,27.0
2026-08-06 12:14:36,-16.2,-18.6,0.0,3.0,28.0
2026-08-06 12:13:36,-16.4,-18.5,0.0,3.0,30.0
2026-08-06 12:12:36,-16.5,-18.6,0.0,3.0,32.0
2026-08-06 12:11:36,-16.6,-18.7,0.0,3.0,31.0
2026-08-06 12:10:36,-16.8,-18.8,0.0,3.0,32.0
2026-08-06 12:09:36,-16.9,-19.0,0.0,3.0,31.0
2026-08-06 12:08:36,-17.0,-19.1,0.0,3.0,30.0
2026-08-06 12:07:36,-17.2,-19.3,0.0,4.0,29.0
2026-08-06 12:06:36,-17.2,-19.5,0.0,4.0,27.0
2026-08-06 12:05:36,-17.2,-19.7,1.0,4.0,26.0
2026-08-06 12:04:36,-17.2,-19.9,3.0,4.0,23.0
2026-08-06 12:03:36,-17.1,-19.9,3.0,4.0,22.0
2026-08-06 12:02:36,-17.0,-19.8,3.0,4.0,22.0
2026-08-06 12:01:36,-16.9,-19.7,3.0,4.0,22.0
2026-08-06 12:00:36,-16.9,-19.7,3.0,4.0,22.0
2026-08-06 11:59:36,-16.8,-19.6,3.0,4.0,22.0
2026-08-06 11:58:36,-16.7,-19.5,3.0,4.0,22.0
2026-08-06 11:57:36,-16.7,-19.4,3.0,4.0,22.0
2026-08-06 11:56:36,-16.6,-19.4,2.0,4.0,23.0
2026-08-06 11:55:36,-16.5,-19.3,2.0,4.0,23.0
2026-08-06 11:54:36,-16.4,-19.2,2.0,4.0,23.0
2026-08-06 11:53:36,-16.3,-19.1,2.0,4.0,23.0
2026-08-06 11:52:36,-16.2,-19.0,1.0,4.0,24.0
2026-08-06 11:51:36,-16.2,-18.9,1.0,4.0,24.0
2026-08-06 11:50:36,-16.1,-18.8,1.0,3.0,24.0
2026-08-06 11:49:36,-16.0,-18.7,1.0,3.0,26.0
2026-08-06 11:48:36,-16.0,-18.6,0.0,3.0,26.0
2026-08-06 11:47:36,-16.1,-18.5,0.0,3.0,28.0
2026-08-06 11:46:36,-16.2,-18.4,0.0,3.0,30.0
2026-08-06 11:45:36,-16.4,-18.4,0.0,3.0,32.0
2026-08-06 11:44:36,-16.5,-18.5,0.0,3.0,32.0
2026-08-06 11:43:36,-16.6,-18.6,0.0,3.0,32.0
2026-08-06 11:42:36,-16.7,-18.8,0.0,3.0,31.0
2026-08-06 11:41:36,-16.8,-19.0,0.0,3.0,30.0
2026-08-06 11:40:36,-16.9,-19.1,0.0,3.0,29.0
2026-08-06 11:39:36,-17.0,-19.3,0.0,3.0,27.0
2026-08-06 11:38:36,-17.0,-19.5,1.0,4.0,26.0
2026-08-06 11:37:36,-17.0,-19.6,3.0,4.0,23.0
2026-08-06 11:36:36,-16.9,-19.7,3.0,4.0,22.0
2026-08-06 11:35:36,-16.8,-19.6,3.0,4.0,22.0
2026-08-06 11:34:36,-16.7,-19.5,3.0,4.0,22.0
2026-08-06 11:33:36,-16.6,-19.5,3.0,4.0,22.0
2026-08-06 11:32:36,-16.6,-19.4,3.0,4.0,22.0
2026-08-06 11:31:36,-16.5,-19.3,3.0,4.0,22.0
2026-08-06 11:30:36,-16.4,-19.2,2.0,4.0,23.0
2026-08-06 11:29:36,-16.4,-19.1,2.0,4.0,23.0
2026-08-06 11:28:36,-16.3,-19.1,2.0,4.0,23.0
2026-08-06 11:27:36,-16.2,-19.0,2.0,4.0,23.0
2026-08-06 11:26:36,-16.1,-18.8,1.0,4.0,23.0
2026-08-06 11:25:36,-16.0,-18.7,1.0,4.0,24.0
2026-08-06 11:24:36,-15.9,-18.6,1.0,4.0,25.0
2026-08-06 11:23:36,-15.9,-18.5,1.0,3.0,25.0
2026-08-06 11:22:36,-15.8,-18.4,1.0,3.0,26.0
2026-08-06 11:21:36,-15.9,-18.3,0.0,3.0,27.0
2026-08-06 11:20:36,-16.0,-18.2,0.0,3.0,29.0
2026-08-06 11:19:36,-16.1,-18.1,0.0,3.0,32.0
2026-08-06 11:18:36,-16.2,-18.2,0.0,3.0,32.0
2026-08-06 11:17:36,-16.4,-18.3,0.0,3.0,32.0
2026-08-06 11:16:36,-16.5,-18.5,0.0,3.0,31.0
2026-08-06 11:15:36,-16.6,-18.6,0.0,3.0,31.0
2026-08-06 11:14:36,-16.7,-18.8,0.0,3.0,30.0
2026-08-06 11:13:36,-16.7,-19.0,0.0,4.0,28.0
2026-08-06 11:12:36,-16.8,-19.1,0.0,4.0,27.0
2026-08-06 11:11:36,-16.7,-19.3,1.0,4.0,25.0
2026-08-06 11:10:36,-16.6,-19.5,3.0,4.0,22.0
2026-08-06 11:09:36,-16.6,-19.4,3.0,4.0,22.0
2026-08-06 11:08:36,-16.5,-19.3,3.0,4.0,22.0
2026-08-06 11:07:36,-16.5,-19.2,3.0,4.0,22.0
2026-08-06 11:06:36,-16.4,-19.1,3.0,4.0,22.0
2026-08-06 11:05:36,-16.3,-19.1,3.0,4.0,23.0
2026-08-06 11:04:36,-16.2,-19.0,2.0,4.0,23.0
2026-08-06 11:03:36,-16.1,-18.9,2.0,4.0,23.0
2026-08-06 11:02:36,-16.0,-18.8,2.0,4.0,23.0
2026-08-06 11:01:36,-16.0,-18.7,2.0,4.0,23.0
2026-08-06 11:00:36,-15.8,-18.6,2.0,4.0,24.0
2026-08-06 10:59:36,-15.8,-18.5,1.0,4.0,24.0
2026-08-06 10:58:36,-15.6,-18.4,1.0,4.0,25.0
2026-08-06 10:57:36,-15.6,-18.3,1.0,4.0,26.0
2026-08-06 10:56:36,-15.5,-18.2,1.0,3.0,26.0
2026-08-06 10:55:36,-15.5,-18.0,0.0,3.0,27.0
2026-08-06 10:54:36,-15.6,-17.9,0.0,3.0,29.0
2026-08-06 10:53:36,-15.7,-17.8,0.0,3.0,32.0
2026-08-06 10:52:36,-15.9,-17.9,0.0,3.0,33.0
2026-08-06 10:51:36,-16.0,-18.0,0.0,3.0,33.0
2026-08-06 10:50:36,-16.1,-18.1,0.0,3.0,32.0
2026-08-06 10:49:36,-16.2,-18.3,0.0,3.0,31.0
2026-08-06 10:48:36,-16.3,-18.4,0.0,4.0,30.0
2026-08-06 10:47:36,-16.4,-18.5,0.0,3.0,29.0
2026-08-06 10:46:36,-16.5,-18.7,0.0,4.0,29.0
2026-08-06 10:45:36,-16.5,-18.9,1.0,4.0,27.0
2026-08-06 10:44:36,-16.4,-19.1,2.0,4.0,24.0
2026-08-06 10:43:36,-16.3,-19.1,3.0,4.0,22.0
2026-08-06 10:42:36,-16.3,-19.0,3.0,4.0,23.0
2026-08-06 10:41:36,-16.2,-18.9,3.0,4.0,23.0
2026-08-06 10:40:36,-16.1,-18.8,3.0,4.0,23.0
2026-08-06 10:39:36,-16.0,-18.8,3.0,4.0,23.0
2026-08-06 10:38:36,-15.9,-18.6,2.0,4.0,23.0
2026-08-06 10:37:36,-15.8,-18.6,2.0,4.0,24.0
2026-08-06 10:36:36,-15.7,-18.5,2.0,4.0,23.0
2026-08-06 10:35:36,-15.6,-18.4,2.0,4.0,24.0
2026-08-06 10:34:36,-15.5,-18.3,1.0,4.0,24.0
2026-08-06 10:33:36,-15.4,-18.1,1.0,4.0,25.0
2026-08-06 10:32:36,-15.3,-18.0,1.0,4.0,26.0
2026-08-06 10:31:36,-15.2,-17.9,1.0,4.0,26.0
2026-08-06 10:30:36,-15.2,-17.8,1.0,4.0,27.0
2026-08-06 10:29:36,-15.2,-17.6,0.0,3.0,28.0
2026-08-06 10:28:36,-15.3,-17.5,0.0,3.0,30.0
2026-08-06 10:27:36,-15.4,-17.4,0.0,3.0,33.0
2026-08-06 10:26:36,-15.5,-17.5,0.0,3.0,34.0
2026-08-06 10:25:36,-15.6,-17.6,0.0,3.0,33.0
2026-08-06 10:24:36,-15.8,-17.8,0.0,3.0,32.0
2026-08-06 10:23:36,-15.8,-17.9,0.0,3.0,31.0
2026-08-06 10:22:36,-15.9,-18.1,0.0,3.0,30.0
2026-08-06 10:21:36,-15.9,-18.3,0.0,3.0,29.0
2026-08-06 10:20:36,-15.9,-18.4,0.0,3.0,27.0
2026-08-06 10:19:36,-15.8,-18.6,2.0,4.0,24.0
2026-08-06 10:18:36,-15.8,-18.5,3.0,4.0,24.0
2026-08-06 10:17:36,-15.7,-18.4,3.0,4.0,25.0
2026-08-06 10:16:36,-15.6,-18.2,4.0,4.0,25.0
2026-08-06 10:15:36,-15.5,-18.1,4.0,4.0,24.0
2026-08-06 10:14:36,-15.5,-18.0,3.0,4.0,24.0
2026-08-06 10:13:36,-15.5,-18.0,0.0,4.0,27.0
2026-08-06 10:12:36,-15.6,-17.8,0.0,3.0,29.0
2026-08-06 10:11:36,-15.8,-17.8,0.0,3.0,32.0
2026-08-06 10:10:36,-15.9,-17.9,0.0,3.0,32.0
2026-08-06 10:09:36,-16.0,-18.1,0.0,3.0,31.0
2026-08-06 10:08:36,-16.1,-18.2,0.0,3.0,30.0
2026-08-06 10:07:36,-16.2,-18.4,0.0,3.0,29.0
2026-08-06 10:06:36,-16.2,-18.6,0.0,3.0,28.0
2026-08-06 10:05:36,-16.2,-18.8,0.0,3.0,26.0
2026-08-06 10:04:36,-16.1,-18.9,2.0,3.0,23.0
2026-08-06 10:03:36,-16.0,-18.8,2.0,3.0,23.0
2026-08-06 10:02:36,-15.9,-18.7,2.0,4.0,23.0
2026-08-06 10:01:36,-15.9,-18.6,2.0,4.0,23.0
2026-08-06 10:00:36,-15.8,-18.5,2.0,4.0,24.0
2026-08-06 09:59:36,-15.7,-18.4,3.0,4.0,24.0
2026-08-06 09:58:36,-15.6,-18.3,3.0,4.0,25.0
2026-08-06 09:57:36,-15.6,-18.2,3.0,4.0,23.0
2026-08-06 09:56:36,-15.5,-18.1,1.0,4.0,26.0
2026-08-06 09:55:36,-15.5,-18.0,0.0,3.0,27.0
2026-08-06 09:54:36,-15.7,-17.9,0.0,3.0,29.0
2026-08-06 09:53:36,-15.8,-17.9,0.0,3.0,32.0
2026-08-06 09:52:36,-15.9,-18.0,0.0,3.0,31.0
2026-08-06 09:51:36,-16.0,-18.1,0.0,3.0,30.0
2026-08-06 09:50:36,-16.2,-18.3,0.0,3.0,30.0
2026-08-06 09:49:36,-16.2,-18.5,0.0,3.0,28.0
2026-08-06 09:48:37,-16.3,-18.7,0.0,4.0,27.0
2026-08-06 09:47:36,-16.2,-18.8,2.0,4.0,24.0
2026-08-06 09:46:36,-16.1,-18.9,3.0,4.0,22.0
2026-08-06 09:45:36,-16.0,-18.8,3.0,4.0,22.0
2026-08-06 09:44:36,-16.0,-18.7,3.0,4.0,22.0
2026-08-06 09:43:36,-15.8,-18.6,3.0,4.0,22.0
2026-08-06 09:42:36,-15.7,-18.5,3.0,4.0,23.0
2026-08-06 09:41:36,-15.6,-18.4,3.0,4.0,23.0
2026-08-06 09:40:36,-15.5,-18.3,3.0,4.0,23.0
2026-08-06 09:39:36,-15.4,-18.2,2.0,4.0,23.0
2026-08-06 09:38:36,-15.3,-18.1,2.0,4.0,23.0
2026-08-06 09:37:36,-15.2,-18.0,2.0,4.0,24.0
2026-08-06 09:36:36,-15.1,-17.9,1.0,4.0,24.0
2026-08-06 09:35:36,-15.0,-17.7,1.0,4.0,24.0
2026-08-06 09:34:36,-15.0,-17.6,1.0,4.0,26.0
2026-08-06 09:33:36,-15.0,-17.5,0.0,3.0,26.0
2026-08-06 09:32:36,-15.0,-17.4,0.0,3.0,28.0
2026-08-06 09:31:36,-15.2,-17.3,0.0,3.0,31.0
2026-08-06 09:30:36,-15.3,-17.4,0.0,3.0,31.0
2026-08-06 09:29:36,-15.4,-17.5,0.0,3.0,30.0
2026-08-06 09:28:36,-15.5,-17.6,0.0,4.0,30.0
2026-08-06 09:27:36,-15.5,-17.7,0.0,4.0,28.0
2026-08-06 09:26:36,-15.5,-17.9,0.0,4.0,27.0
2026-08-06 09:25:36,-15.5,-18.0,1.0,4.0,25.0
2026-08-06 09:24:36,-15.3,-18.1,3.0,4.0,22.0
2026-08-06 09:23:36,-15.2,-18.1,3.0,4.0,22.0
2026-08-06 09:22:36,-15.1,-17.9,3.0,4.0,22.0
2026-08-06 09:21:36,-15.0,-17.8,3.0,4.0,23.0
2026-08-06 09:20:36,-14.9,-17.7,3.0,4.0,22.0
2026-08-06 09:19:36,-14.7,-17.6,3.0,4.0,23.0
2026-08-06 09:18:36,-14.6,-17.5,2.0,4.0,23.0
2026-08-06 09:17:36,-14.5,-17.4,2.0,4.0,23.0
2026-08-06 09:16:36,-14.3,-17.3,2.0,4.0,23.0
2026-08-06 09:15:36,-14.1,-17.1,2.0,4.0,23.0
2026-08-06 09:14:36,-14.0,-16.9,2.0,4.0,23.0
2026-08-06 09:13:36,-13.9,-16.7,1.0,4.0,23.0
2026-08-06 09:12:36,-13.6,-16.6,1.0,4.0,24.0
2026-08-06 09:11:36,-13.5,-16.4,1.0,4.0,25.0
2026-08-06 09:10:36,-13.3,-16.2,1.0,4.0,25.0
2026-08-06 09:09:36,-13.2,-16.0,0.0,3.0,26.0
2026-08-06 09:08:36,-13.1,-15.8,0.0,3.0,27.0
2026-08-06 09:07:36,-13.1,-15.6,0.0,3.0,28.0
2026-08-06 09:06:36,-13.2,-15.4,0.0,3.0,31.0
2026-08-06 09:05:36,-13.2,-15.4,0.0,3.0,31.0
2026-08-06 09:04:36,-13.2,-15.4,0.0,3.0,31.0
2026-08-06 09:03:36,-13.1,-15.4,0.0,3.0,31.0
2026-08-06 09:02:36,-13.1,-15.4,0.0,3.0,30.0
2026-08-06 09:01:36,-13.1,-15.4,0.0,3.0,30.0
2026-08-06 09:00:36,-13.1,-15.4,0.0,3.0,29.0
2026-08-06 08:59:36,-13.0,-15.3,0.0,3.0,29.0
2026-08-06 08:58:36,-13.0,-15.3,0.0,4.0,28.0
2026-08-06 08:57:36,-12.9,-15.3,0.0,4.0,27.0
2026-08-06 08:56:36,-12.9,-15.2,0.0,4.0,27.0
2026-08-06 08:55:36,-12.8,-15.2,0.0,4.0,26.0
2026-08-06 08:54:36,-12.7,-15.2,0.0,4.0,25.0
2026-08-06 08:53:36,-12.6,-15.1,0.0,4.0,24.0
2026-08-06 08:52:36,-12.6,-15.0,1.0,4.0,23.0
2026-08-06 08:51:36,-12.5,-14.9,1.0,4.0,23.0
2026-08-06 08:50:36,-12.4,-14.8,2.0,5.0,22.0
2026-08-06 08:49:36,-12.4,-14.7,3.0,5.0,21.0
2026-08-06 08:48:47,-12.4,-14.6,3.0,5.0,21.0
2026-08-06 08:47:36,-12.4,-14.5,4.0,5.0,20.0
2026-08-06 08:46:36,-12.7,-14.6,6.0,5.0,20.0
2026-08-06 08:45:36,-13.1,-15.0,7.0,5.0,21.0
2026-08-06 08:44:36,-13.5,-15.5,7.0,5.0,21.0
2026-08-06 08:43:36,-13.6,-15.5,7.0,5.0,21.0
2026-08-06 08:42:36,-13.8,-15.6,7.0,5.0,21.0
2026-08-06 08:41:36,-13.8,-15.6,7.0,5.0,21.0
2026-08-06 08:40:36,-13.9,-15.7,7.0,5.0,22.0
2026-08-06 08:39:36,-14.1,-15.7,7.0,5.0,22.0
2026-08-06 08:38:36,-14.1,-15.8,7.0,5.0,22.0
2026-08-06 08:37:36,-14.3,-15.9,7.0,5.0,22.0
2026-08-06 08:36:36,-14.4,-15.9,7.0,4.0,22.0
2026-08-06 08:35:36,-14.5,-15.9,7.0,4.0,22.0
2026-08-06 08:34:36,-14.6,-16.0,7.0,4.0,23.0
2026-08-06 08:33:36,-14.7,-16.1,7.0,4.0,23.0
2026-08-06 08:32:36,-14.8,-16.1,7.0,4.0,23.0
2026-08-06 08:31:36,-14.9,-16.1,7.0,4.0,23.0
2026-08-06 08:30:36,-15.0,-16.2,7.0,4.0,23.0
2026-08-06 08:29:36,-15.1,-16.2,6.0,4.0,23.0
2026-08-06 08:28:36,-15.2,-16.3,6.0,4.0,24.0
2026-08-06 08:27:36,-15.2,-16.4,6.0,4.0,24.0
2026-08-06 08:26:36,-15.3,-16.4,6.0,4.0,24.0
2026-08-06 08:25:36,-15.4,-16.5,6.0,4.0,24.0
2026-08-06 08:24:36,-15.5,-16.5,6.0,4.0,25.0
2026-08-06 08:23:36,-15.6,-16.6,6.0,4.0,25.0
2026-08-06 08:22:36,-15.6,-16.7,6.0,4.0,25.0
2026-08-06 08:21:36,-15.7,-16.7,6.0,4.0,26.0
2026-08-06 08:20:36,-15.7,-16.9,6.0,4.0,26.0
2026-08-06 08:19:36,-15.8,-17.0,6.0,4.0,26.0
2026-08-06 08:18:36,-15.9,-17.1,6.0,4.0,26.0
2026-08-06 08:17:36,-16.0,-17.2,6.0,4.0,26.0
2026-08-06 08:16:36,-16.1,-17.3,5.0,4.0,27.0
2026-08-06 08:15:36,-16.1,-17.3,5.0,4.0,27.0
2026-08-06 08:14:36,-16.2,-17.4,5.0,4.0,27.0
2026-08-06 08:13:36,-16.3,-17.5,5.0,4.0,27.0
2026-08-06 08:12:36,-16.3,-17.6,5.0,4.0,27.0
2026-08-06 08:11:36,-16.4,-17.7,5.0,4.0,28.0
2026-08-06 08:10:36,-16.5,-17.8,5.0,4.0,28.0
2026-08-06 08:09:36,-16.6,-17.9,5.0,4.0,28.0
2026-08-06 08:08:36,-16.7,-18.1,5.0,4.0,28.0
2026-08-06 08:07:36,-16.8,-18.3,4.0,4.0,28.0
2026-08-06 08:06:36,-17.0,-18.5,4.0,4.0,28.0
2026-08-06 08:05:36,-17.1,-18.7,4.0,4.0,28.0
2026-08-06 08:04:36,-17.2,-18.9,4.0,4.0,28.0
2026-08-06 08:03:36,-17.3,-19.2,4.0,4.0,28.0
2026-08-06 08:02:36,-17.5,-19.5,4.0,4.0,27.0
2026-08-06 08:01:36,-17.6,-19.8,3.0,4.0,27.0
2026-08-06 08:00:36,-17.7,-20.2,2.0,4.0,25.0
2026-08-06 07:59:36,-17.6,-20.4,3.0,4.0,22.0
2026-08-06 07:58:36,-17.5,-20.4,4.0,4.0,21.0
2026-08-06 07:57:36,-17.5,-20.4,4.0,4.0,21.0
2026-08-06 07:56:36,-17.4,-20.3,4.0,4.0,21.0
2026-08-06 07:55:36,-17.4,-20.2,3.0,4.0,21.0
2026-08-06 07:54:36,-17.3,-20.2,3.0,4.0,21.0
2026-08-06 07:53:36,-17.3,-20.1,3.0,4.0,22.0
2026-08-06 07:52:36,-17.2,-20.0,3.0,4.0,22.0
2026-08-06 07:51:36,-17.1,-20.0,3.0,4.0,22.0
2026-08-06 07:50:36,-17.0,-19.8,3.0,4.0,22.0
2026-08-06 07:49:36,-16.9,-19.8,2.0,4.0,22.0
2026-08-06 07:48:36,-16.8,-19.7,2.0,4.0,22.0
2026-08-06 07:47:36,-16.8,-19.6,1.0,4.0,23.0
2026-08-06 07:46:36,-16.7,-19.5,1.0,4.0,23.0
2026-08-06 07:45:36,-16.7,-19.4,1.0,3.0,24.0
2026-08-06 07:44:36,-16.6,-19.3,1.0,3.0,24.0
2026-08-06 07:43:36,-16.7,-19.2,0.0,3.0,26.0
2026-08-06 07:42:36,-16.8,-19.1,0.0,3.0,27.0
2026-08-06 07:41:36,-17.0,-19.1,0.0,3.0,31.0
2026-08-06 07:40:36,-17.2,-19.2,0.0,3.0,31.0
2026-08-06 07:39:36,-17.3,-19.4,0.0,3.0,30.0
2026-08-06 07:38:36,-17.4,-19.6,0.0,3.0,29.0
2026-08-06 07:37:36,-17.5,-19.8,0.0,3.0,27.0
2026-08-06 07:36:36,-17.6,-20.0,0.0,4.0,26.0
2026-08-06 07:35:36,-17.6,-20.1,1.0,4.0,24.0
2026-08-06 07:34:36,-17.5,-20.3,4.0,4.0,22.0
2026-08-06 07:33:37,-17.4,-20.3,4.0,4.0,21.0
2026-08-06 07:32:36,-17.4,-20.2,4.0,4.0,21.0
2026-08-06 07:31:36,-17.3,-20.1,3.0,4.0,21.0
2026-08-06 07:30:36,-17.2,-20.1,3.0,4.0,21.0
2026-08-06 07:29:36,-17.2,-20.0,3.0,4.0,21.0
2026-08-06 07:28:36,-17.1,-19.9,3.0,4.0,22.0
2026-08-06 07:27:36,-17.0,-19.8,3.0,4.0,22.0
2026-08-06 07:26:36,-17.0,-19.8,3.0,4.0,22.0
2026-08-06 07:25:36,-16.9,-19.7,3.0,4.0,22.0
2026-08-06 07:24:36,-16.8,-19.6,2.0,4.0,22.0
2026-08-06 07:23:36,-16.7,-19.5,2.0,4.0,23.0
2026-08-06 07:22:36,-16.7,-19.4,1.0,4.0,23.0
2026-08-06 07:21:36,-16.6,-19.3,1.0,4.0,23.0
2026-08-06 07:20:36,-16.5,-19.2,1.0,4.0,24.0
2026-08-06 07:19:36,-16.5,-19.1,1.0,3.0,25.0
2026-08-06 07:18:36,-16.5,-19.0,0.0,3.0,26.0
2026-08-06 07:17:36,-16.6,-18.9,0.0,3.0,28.0
2026-08-06 07:16:36,-16.8,-18.9,0.0,3.0,31.0
2026-08-06 07:15:36,-17.0,-19.1,0.0,3.0,31.0
2026-08-06 07:14:36,-17.1,-19.2,0.0,3.0,30.0
2026-08-06 07:13:36,-17.2,-19.4,0.0,3.0,29.0
2026-08-06 07:12:36,-17.3,-19.6,0.0,3.0,28.0
2026-08-06 07:11:36,-17.4,-19.8,0.0,4.0,27.0
2026-08-06 07:10:36,-17.4,-20.0,1.0,4.0,25.0
2026-08-06 07:09:36,-17.4,-20.2,3.0,4.0,22.0
2026-08-06 07:08:36,-17.3,-20.1,4.0,4.0,21.0
2026-08-06 07:07:36,-17.2,-20.1,4.0,4.0,21.0
2026-08-06 07:06:36,-17.2,-20.0,3.0,4.0,21.0
2026-08-06 07:05:36,-17.1,-19.9,3.0,4.0,21.0
2026-08-06 07:04:36,-17.0,-19.9,3.0,4.0,21.0
2026-08-06 07:03:36,-17.0,-19.8,3.0,4.0,22.0
2026-08-06 07:02:36,-16.9,-19.7,3.0,4.0,22.0
2026-08-06 07:01:36,-16.8,-19.6,3.0,4.0,22.0
2026-08-06 07:00:36,-16.7,-19.6,2.0,4.0,22.0
2026-08-06 06:59:36,-16.7,-19.5,2.0,4.0,22.0
2026-08-06 06:58:36,-16.6,-19.4,2.0,4.0,23.0
2026-08-06 06:57:36,-16.5,-19.3,1.0,4.0,23.0
2026-08-06 06:56:36,-16.4,-19.2,1.0,4.0,23.0
2026-08-06 06:55:36,-16.3,-19.1,1.0,4.0,24.0
2026-08-06 06:54:36,-16.4,-19.0,1.0,3.0,25.0
2026-08-06 06:53:36,-16.4,-18.9,0.0,3.0,26.0
2026-08-06 06:52:36,-16.5,-18.8,0.0,3.0,28.0
2026-08-06 06:51:36,-16.7,-18.8,0.0,3.0,32.0
2026-08-06 06:50:36,-16.8,-18.9,0.0,3.0,31.0
2026-08-06 06:49:36,-17.0,-19.1,0.0,3.0,30.0
2026-08-06 06:48:36,-17.1,-19.2,0.0,3.0,29.0
2026-08-06 06:47:36,-17.2,-19.4,0.0,3.0,28.0
2026-08-06 06:46:36,-17.3,-19.6,0.0,4.0,27.0
2026-08-06 06:45:36,-17.3,-19.8,1.0,4.0,25.0
2026-08-06 06:44:36,-17.2,-20.0,3.0,4.0,22.0
2026-08-06 06:43:36,-17.1,-20.0,4.0,4.0,21.0
2026-08-06 06:42:36,-17.1,-19.9,4.0,4.0,21.0
2026-08-06 06:41:36,-17.0,-19.8,3.0,4.0,21.0
2026-08-06 06:40:36,-16.9,-19.8,3.0,4.0,22.0
2026-08-06 06:39:36,-16.9,-19.7,3.0,4.0,22.0
2026-08-06 06:38:36,-16.8,-19.6,3.0,4.0,22.0
2026-08-06 06:37:36,-16.7,-19.5,3.0,4.0,22.0
2026-08-06 06:36:36,-16.7,-19.5,3.0,4.0,22.0
2026-08-06 06:35:36,-16.6,-19.4,2.0,4.0,22.0
2026-08-06 06:34:36,-16.5,-19.3,2.0,4.0,23.0
2026-08-06 06:33:37,-16.4,-19.2,2.0,4.0,23.0
2026-08-06 06:32:36,-16.3,-19.1,2.0,4.0,24.0
2026-08-06 06:31:36,-16.3,-19.0,1.0,4.0,24.0
2026-08-06 06:30:36,-16.2,-18.9,1.0,3.0,25.0
2026-08-06 06:29:36,-16.3,-18.8,0.0,3.0,26.0
2026-08-06 06:28:36,-16.4,-18.7,0.0,3.0,28.0
2026-08-06 06:27:36,-16.5,-18.6,0.0,3.0,31.0
2026-08-06 06:26:36,-16.7,-18.8,0.0,3.0,31.0
2026-08-06 06:25:36,-16.8,-19.0,0.0,3.0,30.0
2026-08-06 06:24:36,-16.9,-19.1,0.0,3.0,29.0
2026-08-06 06:23:36,-17.0,-19.3,0.0,3.0,29.0
2026-08-06 06:22:36,-17.1,-19.5,0.0,4.0,27.0
2026-08-06 06:21:36,-17.1,-19.7,1.0,4.0,25.0
2026-08-06 06:20:36,-17.1,-19.8,3.0,4.0,22.0
2026-08-06 06:19:36,-17.0,-19.8,4.0,4.0,21.0
2026-08-06 06:18:37,-16.9,-19.7,3.0,4.0,21.0
2026-08-06 06:17:36,-16.8,-19.6,3.0,4.0,22.0
2026-08-06 06:16:36,-16.7,-19.6,3.0,4.0,22.0
2026-08-06 06:15:36,-16.7,-19.5,3.0,4.0,22.0
2026-08-06 06:14:36,-16.6,-19.4,3.0,4.0,22.0
2026-08-06 06:13:36,-16.5,-19.4,3.0,4.0,22.0
2026-08-06 06:12:36,-16.5,-19.3,2.0,4.0,22.0
2026-08-06 06:11:36,-16.4,-19.2,2.0,4.0,23.0
2026-08-06 06:10:36,-16.3,-19.1,2.0,4.0,23.0
2026-08-06 06:09:36,-16.2,-19.0,1.0,4.0,23.0
2026-08-06 06:08:36,-16.1,-18.9,1.0,4.0,24.0
2026-08-06 06:07:36,-16.1,-18.8,1.0,4.0,24.0
2026-08-06 06:06:36,-16.0,-18.6,1.0,4.0,26.0
2026-08-06 06:05:36,-16.1,-18.6,0.0,3.0,27.0
2026-08-06 06:04:36,-16.2,-18.5,0.0,3.0,28.0
2026-08-06 06:03:38,-16.4,-18.5,0.0,3.0,32.0
2026-08-06 06:02:36,-16.5,-18.6,0.0,3.0,31.0
2026-08-06 06:01:36,-16.6,-18.8,0.0,3.0,30.0
2026-08-06 06:00:36,-16.8,-19.0,0.0,3.0,29.0
2026-08-06 05:59:36,-16.9,-19.1,0.0,3.0,29.0
2026-08-06 05:58:36,-17.0,-19.3,0.0,4.0,27.0
2026-08-06 05:57:36,-17.0,-19.5,1.0,4.0,26.0
2026-08-06 05:56:36,-16.9,-19.7,3.0,4.0,22.0
2026-08-06 05:55:36,-16.8,-19.6,4.0,4.0,22.0
2026-08-06 05:54:36,-16.7,-19.5,3.0,4.0,22.0
2026-08-06 05:53:36,-16.7,-19.5,3.0,4.0,22.0
2026-08-06 05:52:36,-16.6,-19.4,3.0,4.0,22.0
2026-08-06 05:51:36,-16.5,-19.3,3.0,4.0,22.0
2026-08-06 05:50:36,-16.4,-19.2,3.0,4.0,22.0
2026-08-06 05:49:36,-16.4,-19.2,3.0,4.0,22.0
2026-08-06 05:48:36,-16.3,-19.1,2.0,4.0,23.0
2026-08-06 05:47:36,-16.2,-19.0,2.0,4.0,23.0
2026-08-06 05:46:36,-16.1,-18.9,2.0,4.0,23.0
2026-08-06 05:45:36,-16.0,-18.8,1.0,4.0,24.0
2026-08-06 05:44:36,-16.0,-18.7,1.0,4.0,24.0
2026-08-06 05:43:36,-15.9,-18.6,1.0,4.0,25.0
2026-08-06 05:42:36,-15.9,-18.5,1.0,4.0,26.0
2026-08-06 05:41:36,-16.0,-18.4,0.0,3.0,27.0
2026-08-06 05:40:36,-16.1,-18.3,0.0,3.0,29.0
2026-08-06 05:39:36,-16.2,-18.3,0.0,3.0,32.0
2026-08-06 05:38:36,-16.4,-18.5,0.0,3.0,31.0
2026-08-06 05:37:36,-16.5,-18.6,0.0,3.0,30.0
2026-08-06 05:36:36,-16.6,-18.8,0.0,3.0,30.0
2026-08-06 05:35:36,-16.7,-19.0,0.0,4.0,29.0
2026-08-06 05:34:36,-16.7,-19.2,0.0,4.0,27.0
2026-08-06 05:33:36,-16.7,-19.3,2.0,4.0,25.0
2026-08-06 05:32:36,-16.6,-19.5,4.0,4.0,22.0
2026-08-06 05:31:36,-16.6,-19.4,4.0,4.0,22.0
2026-08-06 05:30:36,-16.5,-19.3,3.0,4.0,22.0
2026-08-06 05:29:36,-16.4,-19.2,3.0,4.0,22.0
2026-08-06 05:28:36,-16.3,-19.2,3.0,4.0,22.0
2026-08-06 05:27:36,-16.3,-19.1,3.0,4.0,23.0
2026-08-06 05:26:36,-16.2,-19.0,3.0,4.0,22.0
2026-08-06 05:25:36,-16.1,-18.9,3.0,4.0,23.0
2026-08-06 05:24:36,-16.0,-18.8,2.0,4.0,23.0
2026-08-06 05:23:36,-16.0,-18.7,2.0,4.0,23.0
2026-08-06 05:22:36,-15.9,-18.6,2.0,4.0,24.0
2026-08-06 05:21:36,-15.8,-18.5,1.0,4.0,24.0
2026-08-06 05:20:36,-15.7,-18.4,1.0,4.0,25.0
2026-08-06 05:19:36,-15.7,-18.3,1.0,4.0,26.0
2026-08-06 05:18:36,-15.8,-18.2,0.0,3.0,27.0
2026-08-06 05:17:36,-15.9,-18.1,0.0,3.0,29.0
2026-08-06 05:16:36,-16.1,-18.1,0.0,3.0,32.0
2026-08-06 05:15:36,-16.2,-18.3,0.0,3.0,31.0
2026-08-06 05:14:36,-16.3,-18.4,0.0,3.0,30.0
2026-08-06 05:13:36,-16.4,-18.6,0.0,4.0,30.0
2026-08-06 05:12:36,-16.5,-18.7,0.0,4.0,29.0
2026-08-06 05:11:36,-16.6,-18.9,0.0,4.0,27.0
2026-08-06 05:10:36,-16.6,-19.1,2.0,4.0,25.0
2026-08-06 05:09:36,-16.4,-19.2,4.0,4.0,22.0
2026-08-06 05:08:36,-16.4,-19.1,4.0,4.0,22.0
2026-08-06 05:07:36,-16.3,-19.1,3.0,4.0,22.0
2026-08-06 05:06:36,-16.2,-19.0,3.0,4.0,22.0
2026-08-06 05:05:36,-16.1,-18.9,3.0,4.0,22.0
2026-08-06 05:04:36,-16.1,-18.8,3.0,4.0,23.0
2026-08-06 05:03:36,-16.0,-18.8,3.0,4.0,23.0
2026-08-06 05:02:36,-15.9,-18.6,2.0,4.0,23.0
2026-08-06 05:01:36,-15.8,-18.6,2.0,4.0,23.0
2026-08-06 05:00:36,-15.7,-18.5,2.0,4.0,23.0
2026-08-06 04:59:36,-15.6,-18.3,2.0,4.0,24.0
2026-08-06 04:58:36,-15.6,-18.2,1.0,4.0,24.0
2026-08-06 04:57:36,-15.5,-18.1,1.0,4.0,25.0
2026-08-06 04:56:36,-15.5,-18.0,1.0,4.0,26.0
2026-08-06 04:55:36,-15.5,-17.9,0.0,4.0,27.0
2026-08-06 04:54:36,-15.6,-17.8,0.0,3.0,30.0
2026-08-06 04:53:36,-15.8,-17.8,0.0,3.0,32.0
2026-08-06 04:52:36,-15.9,-17.9,0.0,3.0,31.0
2026-08-06 04:51:36,-16.0,-18.1,0.0,3.0,30.0
2026-08-06 04:50:36,-16.1,-18.2,0.0,3.0,30.0
2026-08-06 04:49:36,-16.2,-18.4,0.0,4.0,29.0
2026-08-06 04:48:37,-16.3,-18.6,0.0,4.0,28.0
2026-08-06 04:47:36,-16.3,-18.8,1.0,4.0,26.0
2026-08-06 04:46:36,-16.2,-18.9,3.0,4.0,23.0
2026-08-06 04:45:36,-16.1,-18.9,4.0,4.0,22.0
2026-08-06 04:44:36,-16.0,-18.8,3.0,4.0,22.0
2026-08-06 04:43:36,-16.0,-18.8,3.0,4.0,22.0
2026-08-06 04:42:36,-15.9,-18.7,3.0,4.0,23.0
2026-08-06 04:41:36,-15.8,-18.6,3.0,4.0,23.0
2026-08-06 04:40:36,-15.7,-18.5,3.0,4.0,23.0
2026-08-06 04:39:36,-15.6,-18.4,3.0,4.0,23.0
2026-08-06 04:38:36,-15.6,-18.3,2.0,4.0,23.0
2026-08-06 04:37:36,-15.5,-18.2,2.0,4.0,24.0
2026-08-06 04:36:36,-15.3,-18.1,2.0,4.0,24.0
2026-08-06 04:35:36,-15.3,-18.0,2.0,4.0,24.0
2026-08-06 04:34:36,-15.2,-17.8,1.0,4.0,26.0
2026-08-06 04:33:36,-15.2,-17.7,1.0,4.0,26.0
2026-08-06 04:32:36,-15.3,-17.6,0.0,3.0,28.0
2026-08-06 04:31:36,-15.4,-17.5,0.0,3.0,30.0
2026-08-06 04:30:36,-15.6,-17.6,0.0,3.0,31.0
2026-08-06 04:29:36,-15.6,-17.8,0.0,3.0,30.0
2026-08-06 04:28:36,-15.7,-17.9,0.0,3.0,30.0
2026-08-06 04:27:36,-15.9,-18.0,0.0,4.0,30.0
2026-08-06 04:26:36,-15.9,-18.2,0.0,4.0,28.0
2026-08-06 04:25:36,-15.9,-18.4,1.0,4.0,26.0
2026-08-06 04:24:36,-15.8,-18.5,3.0,4.0,23.0
2026-08-06 04:23:36,-15.7,-18.5,4.0,4.0,22.0
2026-08-06 04:22:36,-15.6,-18.4,3.0,4.0,22.0
2026-08-06 04:21:36,-15.5,-18.3,3.0,4.0,23.0
2026-08-06 04:20:36,-15.4,-18.2,3.0,4.0,23.0
2026-08-06 04:19:36,-15.3,-18.1,3.0,4.0,23.0
2026-08-06 04:18:36,-15.2,-18.0,3.0,4.0,23.0
2026-08-06 04:17:36,-15.1,-17.9,3.0,4.0,23.0
2026-08-06 04:16:36,-15.0,-17.8,2.0,4.0,23.0
2026-08-06 04:15:36,-14.9,-17.7,2.0,4.0,24.0
2026-08-06 04:14:36,-14.8,-17.6,2.0,4.0,24.0
2026-08-06 04:13:36,-14.7,-17.4,2.0,4.0,25.0
2026-08-06 04:12:36,-14.7,-17.3,1.0,4.0,26.0
2026-08-06 04:11:36,-14.6,-17.2,1.0,4.0,26.0
2026-08-06 04:10:36,-14.7,-17.0,0.0,4.0,28.0
2026-08-06 04:09:36,-14.8,-16.9,0.0,3.0,30.0
2026-08-06 04:08:36,-14.9,-17.0,0.0,3.0,32.0
2026-08-06 04:07:36,-15.0,-17.1,0.0,3.0,31.0
2026-08-06 04:06:36,-15.0,-17.2,0.0,4.0,30.0
2026-08-06 04:05:36,-15.1,-17.4,0.0,4.0,29.0
2026-08-06 04:04:36,-15.2,-17.5,0.0,4.0,29.0
2026-08-06 04:03:36,-15.2,-17.6,1.0,4.0,27.0
2026-08-06 04:02:36,-15.1,-17.8,2.0,4.0,24.0
2026-08-06 04:01:36,-15.0,-17.8,3.0,4.0,22.0
2026-08-06 04:00:36,-14.8,-17.7,3.0,4.0,22.0
2026-08-06 03:59:36,-14.7,-17.6,3.0,4.0,22.0
2026-08-06 03:58:36,-14.6,-17.5,3.0,4.0,23.0
2026-08-06 03:57:36,-14.5,-17.3,3.0,4.0,23.0
2026-08-06 03:56:36,-14.3,-17.2,3.0,4.0,23.0
2026-08-06 03:55:36,-14.2,-17.1,2.0,4.0,23.0
2026-08-06 03:54:36,-14.0,-16.9,2.0,4.0,23.0
2026-08-06 03:53:36,-13.8,-16.8,2.0,4.0,23.0
2026-08-06 03:52:36,-13.7,-16.6,2.0,4.0,23.0
2026-08-06 03:51:36,-13.5,-16.5,2.0,4.0,24.0
2026-08-06 03:50:36,-13.3,-16.3,1.0,4.0,24.0
2026-08-06 03:49:36,-13.1,-16.1,1.0,4.0,25.0
2026-08-06 03:48:36,-13.0,-15.9,1.0,4.0,26.0
2026-08-06 03:47:36,-12.9,-15.7,0.0,4.0,27.0
2026-08-06 03:46:36,-12.9,-15.5,0.0,3.0,28.0
2026-08-06 03:45:36,-12.9,-15.3,0.0,3.0,30.0
2026-08-06 03:44:36,-12.9,-15.2,0.0,3.0,32.0
2026-08-06 03:43:36,-12.9,-15.2,0.0,3.0,32.0
2026-08-06 03:42:36,-12.9,-15.2,0.0,3.0,31.0
2026-08-06 03:41:36,-12.9,-15.2,0.0,3.0,31.0
2026-08-06 03:40:36,-12.9,-15.2,0.0,3.0,30.0
2026-08-06 03:39:36,-12.8,-15.2,0.0,4.0,30.0
2026-08-06 03:38:36,-12.8,-15.1,0.0,4.0,29.0
2026-08-06 03:37:36,-12.7,-15.1,0.0,4.0,29.0
2026-08-06 03:36:36,-12.7,-15.1,0.0,4.0,28.0
2026-08-06 03:35:36,-12.6,-15.1,0.0,4.0,27.0
2026-08-06 03:34:36,-12.6,-15.0,0.0,4.0,27.0
2026-08-06 03:33:36,-12.5,-15.0,0.0,4.0,26.0
2026-08-06 03:32:36,-12.5,-14.9,0.0,4.0,25.0
2026-08-06 03:31:36,-12.4,-14.9,1.0,5.0,24.0
2026-08-06 03:30:36,-12.3,-14.8,1.0,5.0,23.0
2026-08-06 03:29:36,-12.2,-14.7,2.0,5.0,23.0
2026-08-06 03:28:36,-12.2,-14.6,2.0,5.0,22.0
2026-08-06 03:27:36,-12.1,-14.5,3.0,5.0,21.0
2026-08-06 03:26:36,-12.1,-14.4,4.0,5.0,21.0
2026-08-06 03:25:36,-12.2,-14.4,5.0,5.0,20.0
2026-08-06 03:24:36,-12.4,-14.5,6.0,5.0,20.0
2026-08-06 03:23:36,-12.9,-15.0,7.0,5.0,20.0
2026-08-06 03:22:36,-13.3,-15.5,8.0,5.0,21.0
2026-08-06 03:21:36,-13.4,-15.5,8.0,5.0,21.0
2026-08-06 03:20:36,-13.5,-15.6,8.0,5.0,21.0
2026-08-06 03:19:36,-13.6,-15.6,8.0,5.0,21.0
2026-08-06 03:18:36,-13.7,-15.6,8.0,5.0,22.0
2026-08-06 03:17:36,-13.8,-15.7,8.0,5.0,22.0
2026-08-06 03:16:36,-13.9,-15.7,8.0,5.0,22.0
2026-08-06 03:15:36,-14.0,-15.8,8.0,5.0,22.0
2026-08-06 03:14:36,-14.1,-15.8,7.0,5.0,22.0
2026-08-06 03:13:36,-14.2,-15.9,7.0,5.0,22.0
2026-08-06 03:12:36,-14.3,-15.9,7.0,5.0,23.0
2026-08-06 03:11:36,-14.4,-15.9,7.0,5.0,23.0
2026-08-06 03:10:36,-14.5,-16.0,7.0,5.0,23.0
2026-08-06 03:09:36,-14.6,-16.0,7.0,5.0,23.0
2026-08-06 03:08:36,-14.7,-16.1,7.0,5.0,23.0
2026-08-06 03:07:36,-14.8,-16.1,7.0,5.0,23.0
2026-08-06 03:06:36,-14.9,-16.2,7.0,5.0,24.0
2026-08-06 03:05:36,-14.9,-16.2,7.0,5.0,24.0
2026-08-06 03:04:36,-15.0,-16.3,7.0,5.0,24.0
2026-08-06 03:03:37,-15.1,-16.3,7.0,5.0,24.0
2026-08-06 03:02:36,-15.2,-16.4,7.0,5.0,24.0
2026-08-06 03:01:36,-15.3,-16.4,7.0,5.0,25.0
2026-08-06 03:00:36,-15.3,-16.5,7.0,5.0,25.0
2026-08-06 02:59:36,-15.4,-16.5,7.0,4.0,26.0
2026-08-06 02:58:36,-15.5,-16.6,6.0,5.0,26.0
2026-08-06 02:57:36,-15.6,-16.7,6.0,4.0,26.0
2026-08-06 02:56:36,-15.6,-16.7,6.0,4.0,26.0
2026-08-06 02:55:36,-15.7,-16.8,6.0,4.0,26.0
2026-08-06 02:54:36,-15.7,-16.9,6.0,4.0,26.0
2026-08-06 02:53:36,-15.8,-17.0,6.0,4.0,27.0
2026-08-06 02:52:36,-15.9,-17.1,6.0,4.0,27.0
2026-08-06 02:51:36,-15.9,-17.2,6.0,4.0,27.0
2026-08-06 02:50:36,-16.1,-17.2,6.0,4.0,27.0
2026-08-06 02:49:36,-16.1,-17.4,6.0,4.0,27.0
2026-08-06 02:48:36,-16.2,-17.4,5.0,4.0,28.0
2026-08-06 02:47:36,-16.3,-17.6,5.0,4.0,28.0
2026-08-06 02:46:36,-16.4,-17.7,5.0,4.0,28.0
2026-08-06 02:45:36,-16.5,-17.9,5.0,4.0,28.0
2026-08-06 02:44:36,-16.6,-18.1,5.0,4.0,28.0
2026-08-06 02:43:36,-16.7,-18.3,5.0,4.0,28.0
2026-08-06 02:42:36,-16.9,-18.4,5.0,5.0,28.0
2026-08-06 02:41:36,-17.0,-18.6,5.0,4.0,28.0
2026-08-06 02:40:36,-17.1,-18.8,4.0,4.0,28.0
2026-08-06 02:39:36,-17.2,-19.1,4.0,4.0,28.0
2026-08-06 02:38:36,-17.3,-19.3,4.0,4.0,27.0
2026-08-06 02:37:36,-17.5,-19.6,4.0,4.0,26.0
2026-08-06 02:36:36,-17.5,-19.9,4.0,4.0,24.0
2026-08-06 02:35:36,-17.5,-20.3,4.0,4.0,21.0
2026-08-06 02:34:36,-17.5,-20.3,4.0,5.0,21.0
2026-08-06 02:33:36,-17.4,-20.2,4.0,5.0,21.0
2026-08-06 02:32:36,-17.4,-20.2,4.0,5.0,21.0
2026-08-06 02:31:36,-17.3,-20.1,3.0,5.0,22.0
2026-08-06 02:30:36,-17.2,-20.0,3.0,5.0,22.0
2026-08-06 02:29:36,-17.1,-20.0,3.0,5.0,22.0
2026-08-06 02:28:36,-17.0,-19.9,3.0,5.0,22.0
2026-08-06 02:27:36,-16.9,-19.8,3.0,5.0,22.0
2026-08-06 02:26:36,-16.9,-19.7,3.0,5.0,23.0
2026-08-06 02:25:36,-16.8,-19.6,2.0,5.0,23.0
2026-08-06 02:24:36,-16.7,-19.5,2.0,5.0,23.0
2026-08-06 02:23:36,-16.7,-19.4,2.0,5.0,24.0
2026-08-06 02:22:36,-16.6,-19.3,1.0,5.0,24.0
2026-08-06 02:21:36,-16.7,-19.2,1.0,4.0,26.0
2026-08-06 02:20:36,-16.8,-19.2,0.0,4.0,28.0
2026-08-06 02:19:36,-17.0,-19.1,0.0,4.0,31.0
2026-08-06 02:18:36,-17.2,-19.3,0.0,4.0,31.0
2026-08-06 02:17:36,-17.3,-19.5,0.0,4.0,30.0
2026-08-06 02:16:36,-17.4,-19.7,0.0,4.0,29.0
2026-08-06 02:15:36,-17.5,-19.7,0.0,4.0,28.0
2026-08-06 02:13:56,-17.7,-20.0,1.0,4.0,26.0
2026-08-06 01:04:32,-17.4,-19.6,0.0,4.0,28.0
2026-08-06 01:03:32,-17.5,-19.8,0.0,4.0,27.0
2026-08-06 01:02:32,-17.5,-20.0,1.0,4.0,26.0
2026-08-06 01:01:32,-17.5,-20.2,3.0,4.0,23.0
2026-08-06 01:00:32,-17.4,-20.3,4.0,4.0,21.0
2026-08-06 00:59:32,-17.3,-20.2,4.0,4.0,21.0
2026-08-06 00:58:32,-17.3,-20.2,4.0,4.0,21.0
2026-08-06 00:57:32,-17.2,-20.1,4.0,4.0,21.0
2026-08-06 00:56:32,-17.2,-20.0,3.0,4.0,21.0
2026-08-06 00:55:32,-17.1,-19.9,3.0,4.0,21.0
2026-08-06 00:54:32,-17.1,-19.9,3.0,4.0,22.0
2026-08-06 00:53:32,-16.9,-19.8,3.0,4.0,21.0
2026-08-06 00:52:32,-16.9,-19.7,3.0,4.0,22.0
2026-08-06 00:51:32,-16.8,-19.6,3.0,4.0,22.0
2026-08-06 00:50:32,-16.7,-19.5,2.0,4.0,22.0
2026-08-06 00:49:32,-16.6,-19.4,2.0,4.0,23.0
2026-08-06 00:48:32,-16.6,-19.4,2.0,4.0,23.0
2026-08-06 00:47:32,-16.5,-19.2,1.0,4.0,24.0
2026-08-06 00:46:32,-16.6,-19.1,1.0,4.0,24.0
2026-08-06 00:45:32,-16.6,-19.1,0.0,4.0,26.0
2026-08-06 00:44:32,-16.8,-19.0,0.0,3.0,29.0
2026-08-06 00:43:32,-17.0,-19.1,0.0,3.0,30.0
2026-08-06 00:42:32,-17.1,-19.3,0.0,4.0,29.0
2026-08-06 00:41:32,-17.3,-19.5,0.0,4.0,29.0
2026-08-06 00:40:32,-17.4,-19.7,0.0,4.0,28.0
2026-08-06 00:39:32,-17.5,-19.9,0.0,4.0,27.0
2026-08-06 00:38:32,-17.5,-20.1,2.0,4.0,24.0
2026-08-06 00:37:32,-17.4,-20.2,4.0,5.0,21.0
2026-08-06 00:36:32,-17.4,-20.2,4.0,4.0,21.0
2026-08-06 00:35:32,-17.3,-20.1,4.0,4.0,21.0
2026-08-06 00:34:32,-17.2,-20.1,4.0,5.0,21.0
2026-08-06 00:33:32,-17.2,-20.0,4.0,4.0,21.0
2026-08-06 00:32:32,-17.1,-19.9,3.0,4.0,21.0
2026-08-06 00:31:32,-17.0,-19.8,3.0,4.0,22.0
2026-08-06 00:30:32,-16.9,-19.8,3.0,4.0,22.0
2026-08-06 00:29:32,-16.9,-19.7,3.0,4.0,22.0
2026-08-06 00:28:32,-16.8,-19.6,3.0,4.0,22.0
2026-08-06 00:27:32,-16.7,-19.5,2.0,4.0,22.0
2026-08-06 00:26:32,-16.6,-19.4,2.0,4.0,23.0
2026-08-06 00:25:32,-16.6,-19.3,2.0,4.0,23.0
2026-08-06 00:24:32,-16.5,-19.2,1.0,4.0,24.0
2026-08-06 00:23:32,-16.6,-19.1,1.0,4.0,25.0
2026-08-06 00:22:32,-16.7,-19.0,0.0,4.0,27.0
2026-08-06 00:21:32,-16.8,-19.0,0.0,4.0,30.0
2026-08-06 00:20:32,-17.0,-19.2,0.0,4.0,30.0
2026-08-06 00:19:32,-17.1,-19.3,0.0,4.0,29.0
2026-08-06 00:18:32,-17.3,-19.5,0.0,4.0,29.0
2026-08-06 00:17:32,-17.4,-19.7,0.0,4.0,27.0
2026-08-06 00:16:32,-17.4,-19.9,1.0,4.0,26.0
2026-08-06 00:15:32,-17.4,-20.1,3.0,5.0,23.0
2026-08-06 00:14:32,-17.3,-20.2,4.0,4.0,21.0
2026-08-06 00:13:32,-17.3,-20.1,4.0,4.0,21.0
2026-08-06 00:12:32,-17.2,-20.0,4.0,5.0,21.0
2026-08-06 00:11:32,-17.2,-20.0,4.0,4.0,21.0
2026-08-06 00:10:32,-17.1,-19.9,3.0,4.0,21.0
2026-08-06 00:09:32,-17.0,-19.8,3.0,4.0,22.0
2026-08-06 00:08:32,-16.9,-19.8,3.0,4.0,21.0
2026-08-06 00:07:32,-16.9,-19.7,3.0,4.0,22.0
2026-08-06 00:06:32,-16.8,-19.6,3.0,4.0,22.0
2026-08-06 00:05:32,-16.7,-19.5,3.0,4.0,22.0
2026-08-06 00:04:32,-16.6,-19.4,2.0,4.0,23.0
2026-08-06 00:03:32,-16.5,-19.3,2.0,4.0,23.0
2026-08-06 00:02:32,-16.5,-19.2,2.0,4.0,23.0
2026-08-06 00:01:32,-16.5,-19.1,1.0,4.0,24.0
2026-08-06 00:00:32,-16.6,-19.0,0.0,4.0,26.0
2026-08-05 23:59:32,-16.7,-19.0,0.0,4.0,28.0
2026-08-05 23:58:32,-16.9,-19.0,0.0,4.0,31.0
2026-08-05 23:57:32,-17.0,-19.2,0.0,4.0,30.0
2026-08-05 23:56:32,-17.2,-19.4,0.0,4.0,29.0
2026-08-05 23:55:32,-17.3,-19.6,0.0,4.0,28.0
2026-08-05 23:54:32,-17.4,-19.8,0.0,4.0,27.0
2026-08-05 23:53:32,-17.4,-20.0,2.0,5.0,24.0
2026-08-05 23:52:32,-17.3,-20.1,4.0,5.0,21.0
2026-08-05 23:51:32,-17.3,-20.1,4.0,4.0,21.0
2026-08-05 23:50:32,-17.2,-20.0,4.0,5.0,21.0
2026-08-05 23:49:32,-17.1,-20.0,4.0,5.0,21.0
2026-08-05 23:48:32,-17.0,-19.9,4.0,5.0,21.0
2026-08-05 23:47:32,-17.0,-19.8,3.0,4.0,21.0
2026-08-05 23:46:32,-16.9,-19.8,3.0,5.0,22.0
2026-08-05 23:45:32,-16.8,-19.7,3.0,4.0,22.0
2026-08-05 23:44:32,-16.8,-19.6,3.0,4.0,22.0
2026-08-05 23:43:32,-16.6,-19.5,3.0,4.0,22.0
2026-08-05 23:42:32,-16.6,-19.4,2.0,4.0,23.0
2026-08-05 23:41:32,-16.5,-19.3,2.0,4.0,23.0
2026-08-05 23:40:32,-16.5,-19.2,2.0,4.0,23.0
2026-08-05 23:39:32,-16.5,-19.1,1.0,4.0,24.0
2026-08-05 23:38:32,-16.5,-19.0,1.0,4.0,26.0
2026-08-05 23:37:32,-16.6,-18.9,0.0,4.0,27.0
2026-08-05 23:36:32,-16.8,-19.0,0.0,4.0,30.0
2026-08-05 23:35:32,-17.0,-19.1,0.0,4.0,30.0
2026-08-05 23:34:32,-17.1,-19.3,0.0,4.0,30.0
2026-08-05 23:33:32,-17.2,-19.5,0.0,4.0,29.0
2026-08-05 23:32:32,-17.3,-19.7,0.0,4.0,27.0
2026-08-05 23:31:32,-17.4,-19.9,1.0,5.0,25.0
2026-08-05 23:30:32,-17.3,-20.0,3.0,5.0,23.0
2026-08-05 23:29:32,-17.2,-20.1,4.0,5.0,21.0
2026-08-05 23:28:32,-17.2,-20.0,4.0,5.0,21.0
2026-08-05 23:27:32,-17.1,-19.9,4.0,5.0,21.0
2026-08-05 23:26:32,-17.1,-19.9,4.0,5.0,21.0
2026-08-05 23:25:32,-17.0,-19.8,4.0,5.0,22.0
2026-08-05 23:24:32,-16.9,-19.7,4.0,5.0,22.0
2026-08-05 23:23:32,-16.8,-19.7,3.0,5.0,22.0
2026-08-05 23:22:32,-16.7,-19.6,3.0,5.0,22.0
2026-08-05 23:21:32,-16.6,-19.5,3.0,4.0,23.0
2026-08-05 23:20:32,-16.6,-19.4,3.0,5.0,23.0
2026-08-05 23:19:32,-16.6,-19.3,2.0,4.0,23.0
2026-08-05 23:18:32,-16.5,-19.2,2.0,4.0,24.0
2026-08-05 23:17:32,-16.5,-19.1,1.0,4.0,25.0
2026-08-05 23:16:32,-16.7,-19.0,0.0,4.0,27.0
2026-08-05 23:15:32,-16.9,-19.0,0.0,4.0,31.0
2026-08-05 23:14:32,-17.0,-19.2,0.0,4.0,30.0
2026-08-05 23:13:32,-17.1,-19.4,0.0,4.0,29.0
2026-08-05 23:12:32,-17.3,-19.6,0.0,5.0,27.0
2026-08-05 23:11:32,-17.3,-19.8,1.0,5.0,25.0
2026-08-05 23:10:32,-17.3,-19.9,3.0,5.0,23.0
2026-08-05 23:09:32,-17.2,-20.0,4.0,5.0,21.0
2026-08-05 23:08:32,-17.1,-19.9,4.0,5.0,21.0
2026-08-05 23:07:32,-17.1,-19.9,4.0,5.0,21.0
2026-08-05 23:06:32,-17.0,-19.8,4.0,5.0,22.0
2026-08-05 23:05:32,-16.9,-19.8,4.0,5.0,22.0
2026-08-05 23:04:32,-16.9,-19.7,4.0,5.0,22.0
2026-08-05 23:03:32,-16.8,-19.6,3.0,5.0,22.0
2026-08-05 23:02:32,-16.7,-19.5,3.0,5.0,22.0
2026-08-05 23:01:32,-16.6,-19.4,3.0,5.0,23.0
2026-08-05 23:00:32,-16.6,-19.3,3.0,5.0,23.0
2026-08-05 22:59:32,-16.6,-19.2,2.0,5.0,24.0
2026-08-05 22:58:32,-16.6,-19.1,1.0,4.0,24.0
2026-08-05 22:57:32,-16.6,-19.1,1.0,4.0,26.0
2026-08-05 22:56:32,-16.8,-19.0,0.0,4.0,28.0
2026-08-05 22:55:32,-16.9,-19.1,0.0,4.0,30.0
2026-08-05 22:54:32,-17.1,-19.3,0.0,4.0,29.0
2026-08-05 22:53:32,-17.2,-19.5,1.0,5.0,27.0
2026-08-05 22:52:32,-17.2,-19.7,1.0,5.0,25.0
2026-08-05 22:51:32,-17.2,-19.9,3.0,5.0,23.0
2026-08-05 22:50:32,-17.1,-19.9,4.0,5.0,21.0
2026-08-05 22:49:32,-17.0,-19.8,4.0,5.0,21.0
2026-08-05 22:48:32,-17.0,-19.8,4.0,5.0,21.0
2026-08-05 22:47:32,-16.9,-19.7,4.0,5.0,22.0
2026-08-05 22:46:32,-16.8,-19.7,4.0,5.0,22.0
2026-08-05 22:45:32,-16.8,-19.6,3.0,5.0,22.0
2026-08-05 22:44:32,-16.7,-19.5,3.0,5.0,22.0
2026-08-05 22:43:32,-16.6,-19.4,3.0,5.0,23.0
2026-08-05 22:42:32,-16.5,-19.3,3.0,5.0,23.0
2026-08-05 22:41:32,-16.4,-19.2,3.0,5.0,23.0
2026-08-05 22:40:32,-16.4,-19.1,2.0,4.0,24.0
2026-08-05 22:39:32,-16.4,-19.0,1.0,5.0,25.0
2026-08-05 22:38:32,-16.5,-18.9,1.0,4.0,26.0
2026-08-05 22:37:32,-16.7,-18.9,0.0,4.0,30.0
2026-08-05 22:36:32,-16.9,-19.1,0.0,4.0,30.0
2026-08-05 22:35:32,-17.0,-19.3,0.0,4.0,29.0
2026-08-05 22:34:32,-17.1,-19.5,1.0,4.0,27.0
2026-08-05 22:33:32,-17.1,-19.7,2.0,4.0,24.0
2026-08-05 22:32:32,-17.0,-19.8,4.0,4.0,22.0
2026-08-05 22:31:32,-16.9,-19.8,4.0,4.0,21.0
2026-08-05 22:30:32,-16.8,-19.7,3.0,5.0,22.0
2026-08-05 22:29:32,-16.8,-19.6,3.0,4.0,22.0
2026-08-05 22:28:32,-16.7,-19.5,3.0,4.0,22.0
2026-08-05 22:27:32,-16.6,-19.5,3.0,4.0,22.0
2026-08-05 22:26:32,-16.5,-19.4,3.0,5.0,22.0
2026-08-05 22:25:32,-16.4,-19.3,3.0,4.0,23.0
2026-08-05 22:24:32,-16.3,-19.1,3.0,4.0,23.0
2026-08-05 22:23:32,-16.3,-19.1,2.0,4.0,23.0
2026-08-05 22:22:32,-16.2,-19.0,2.0,4.0,24.0
2026-08-05 22:21:32,-16.1,-18.8,2.0,4.0,24.0
2026-08-05 22:20:32,-16.1,-18.7,1.0,4.0,26.0
2026-08-05 22:19:32,-16.1,-18.6,1.0,4.0,27.0
2026-08-05 22:18:32,-16.2,-18.5,0.0,4.0,28.0
2026-08-05 22:17:32,-16.4,-18.6,0.0,4.0,32.0
2026-08-05 22:16:32,-16.6,-18.7,0.0,4.0,31.0
2026-08-05 22:15:32,-16.8,-18.9,0.0,4.0,30.0
2026-08-05 22:14:32,-16.9,-19.2,0.0,4.0,29.0
2026-08-05 22:13:32,-17.1,-19.4,0.0,4.0,28.0
2026-08-05 22:12:32,-17.1,-19.6,2.0,5.0,26.0
2026-08-05 22:11:32,-17.1,-19.7,5.0,5.0,23.0
2026-08-05 22:10:32,-17.0,-19.7,7.0,5.0,20.0
2026-08-05 22:09:32,-16.9,-19.7,3.0,4.0,22.0
2026-08-05 22:08:32,-16.8,-19.7,3.0,4.0,21.0
2026-08-05 22:07:32,-16.7,-19.6,3.0,4.0,22.0
2026-08-05 22:06:32,-16.6,-19.5,3.0,4.0,22.0
2026-08-05 22:05:32,-16.5,-19.4,2.0,5.0,22.0
2026-08-05 22:04:32,-16.5,-19.3,2.0,4.0,23.0
2026-08-05 22:03:32,-16.4,-19.2,2.0,4.0,23.0
2026-08-05 22:02:32,-16.3,-19.1,2.0,4.0,24.0
2026-08-05 22:01:32,-16.3,-18.9,1.0,4.0,25.0
2026-08-05 22:00:32,-16.4,-18.8,0.0,4.0,26.0
2026-08-05 21:59:32,-16.6,-18.8,0.0,4.0,29.0
2026-08-05 21:58:32,-16.7,-18.9,0.0,4.0,31.0
2026-08-05 21:57:32,-16.9,-19.1,0.0,4.0,30.0
2026-08-05 21:56:32,-17.1,-19.3,0.0,4.0,29.0
2026-08-05 21:55:32,-17.3,-19.5,0.0,4.0,27.0
2026-08-05 21:54:32,-17.5,-19.7,2.0,5.0,25.0
2026-08-05 21:53:32,-17.7,-20.0,3.0,4.0,24.0
2026-08-05 21:52:32,-17.7,-20.4,1.0,4.0,24.0
2026-08-05 21:51:32,-17.8,-20.5,3.0,4.0,21.0
2026-08-05 21:50:32,-17.7,-20.6,4.0,4.0,20.0
2026-08-05 21:49:32,-17.7,-20.6,4.0,4.0,20.0
2026-08-05 21:48:50,-17.6,-20.5,4.0,4.0,20.0
2026-08-05 21:47:32,-17.6,-20.4,4.0,4.0,20.0
2026-08-05 21:46:32,-17.5,-20.3,3.0,4.0,20.0
2026-08-05 21:45:32,-17.4,-20.3,3.0,4.0,20.0
2026-08-05 21:44:32,-17.3,-20.2,3.0,4.0,20.0
2026-08-05 21:43:32,-17.3,-20.1,3.0,4.0,21.0
2026-08-05 21:42:32,-17.2,-20.1,3.0,4.0,21.0
2026-08-05 21:41:32,-17.1,-20.0,3.0,4.0,21.0
2026-08-05 21:40:32,-17.0,-19.9,2.0,4.0,21.0
2026-08-05 21:39:32,-17.0,-19.8,2.0,4.0,21.0
2026-08-05 21:38:32,-16.9,-19.7,2.0,4.0,22.0
2026-08-05 21:37:32,-16.8,-19.6,2.0,4.0,22.0
2026-08-05 21:36:32,-16.8,-19.5,1.0,4.0,23.0
2026-08-05 21:35:32,-16.8,-19.4,1.0,4.0,24.0
2026-08-05 21:34:32,-16.9,-19.3,0.0,3.0,26.0
2026-08-05 21:33:32,-17.0,-19.3,0.0,4.0,30.0
2026-08-05 21:32:32,-17.2,-19.5,0.0,3.0,30.0
2026-08-05 21:31:32,-17.3,-19.7,0.0,4.0,29.0
2026-08-05 21:30:32,-17.5,-19.9,0.0,3.0,27.0
2026-08-05 21:29:32,-17.6,-20.1,0.0,4.0,26.0
2026-08-05 21:28:32,-17.7,-20.3,1.0,4.0,25.0
2026-08-05 21:27:32,-17.8,-20.5,2.0,4.0,22.0
2026-08-05 21:26:32,-17.7,-20.6,4.0,4.0,20.0
2026-08-05 21:25:32,-17.7,-20.5,4.0,4.0,20.0
2026-08-05 21:24:32,-17.6,-20.5,4.0,4.0,20.0
2026-08-05 21:23:32,-17.5,-20.4,4.0,4.0,20.0
2026-08-05 21:22:32,-17.4,-20.3,3.0,4.0,20.0
2026-08-05 21:21:32,-17.4,-20.3,3.0,4.0,20.0
2026-08-05 21:20:32,-17.4,-20.2,3.0,4.0,20.0
2026-08-05 21:20:16,-17.3,-20.1,3.0,4.0,21.0
2026-08-05 21:18:36,-17.2,-20.1,3.0,4.0,21.0
2026-08-05 21:17:32,-17.1,-20.0,3.0,4.0,21.0
2026-08-05 21:16:32,-17.0,-19.9,3.0,4.0,21.0
2026-08-05 21:15:32,-16.9,-19.8,2.0,4.0,21.0
2026-08-05 21:14:32,-16.8,-19.7,2.0,4.0,22.0
2026-08-05 21:13:32,-16.8,-19.6,2.0,4.0,22.0
2026-08-05 21:12:32,-16.7,-19.5,1.0,4.0,23.0
2026-08-05 21:11:32,-16.7,-19.4,1.0,4.0,23.0
2026-08-05 21:10:32,-16.8,-19.3,0.0,3.0,25.0
2026-08-05 21:09:32,-16.9,-19.3,0.0,3.0,27.0
2026-08-05 21:08:32,-17.1,-19.3,0.0,3.0,30.0
2026-08-05 21:07:32,-17.2,-19.5,0.0,3.0,29.0
2026-08-05 21:06:32,-17.4,-19.7,0.0,3.0,28.0
2026-08-05 21:05:32,-17.5,-19.9,0.0,4.0,27.0
2026-08-05 21:04:32,-17.6,-20.1,0.0,4.0,26.0
2026-08-05 21:03:32,-17.8,-20.3,1.0,4.0,24.0
2026-08-05 21:02:32,-17.8,-20.5,3.0,4.0,21.0
2026-08-05 21:01:32,-17.7,-20.5,4.0,4.0,20.0
2026-08-05 21:00:32,-17.6,-20.5,4.0,4.0,20.0
2026-08-05 20:59:32,-17.6,-20.4,4.0,4.0,20.0
2026-08-05 20:58:32,-17.5,-20.4,4.0,4.0,20.0
2026-08-05 20:57:32,-17.4,-20.3,3.0,4.0,20.0
2026-08-05 20:56:32,-17.4,-20.2,3.0,4.0,20.0
2026-08-05 20:55:32,-17.3,-20.1,3.0,4.0,20.0
2026-08-05 20:54:32,-17.2,-20.1,3.0,4.0,21.0
2026-08-05 20:53:32,-17.1,-20.0,3.0,4.0,21.0
2026-08-05 20:52:32,-17.0,-19.9,3.0,4.0,21.0
2026-08-05 20:51:32,-17.0,-19.8,2.0,4.0,21.0
2026-08-05 20:50:32,-16.9,-19.7,2.0,4.0,22.0
2026-08-05 20:49:32,-16.8,-19.6,2.0,4.0,22.0
2026-08-05 20:48:32,-16.8,-19.5,2.0,4.0,22.0
2026-08-05 20:47:32,-16.7,-19.5,1.0,4.0,23.0
2026-08-05 20:46:32,-16.8,-19.4,0.0,4.0,24.0
2026-08-05 20:45:32,-16.9,-19.3,0.0,3.0,26.0
2026-08-05 20:44:32,-17.0,-19.3,0.0,3.0,30.0
2026-08-05 20:43:32,-17.2,-19.4,0.0,3.0,29.0
2026-08-05 20:42:32,-17.3,-19.6,0.0,3.0,28.0
2026-08-05 20:41:32,-17.5,-19.8,0.0,4.0,27.0
2026-08-05 20:40:32,-17.6,-20.1,0.0,4.0,25.0
2026-08-05 20:39:32,-17.7,-20.3,1.0,4.0,24.0
2026-08-05 20:38:32,-17.7,-20.4,3.0,4.0,21.0
2026-08-05 20:37:32,-17.7,-20.5,4.0,4.0,20.0
2026-08-05 20:36:32,-17.6,-20.4,4.0,4.0,20.0
2026-08-05 20:35:32,-17.5,-20.4,3.0,4.0,20.0
2026-08-05 20:34:32,-17.5,-20.3,3.0,4.0,20.0
2026-08-05 20:33:32,-17.4,-20.2,3.0,4.0,20.0
2026-08-05 20:32:32,-17.3,-20.2,3.0,4.0,20.0
2026-08-05 20:31:32,-17.2,-20.1,3.0,4.0,20.0
2026-08-05 20:30:32,-17.2,-20.0,3.0,4.0,21.0
2026-08-05 20:29:32,-17.1,-20.0,3.0,4.0,21.0
2026-08-05 20:28:32,-17.0,-19.9,3.0,4.0,21.0
2026-08-05 20:27:32,-16.9,-19.8,2.0,4.0,21.0
2026-08-05 20:26:32,-16.8,-19.7,2.0,4.0,21.0
2026-08-05 20:25:32,-16.7,-19.6,2.0,4.0,22.0
2026-08-05 20:24:32,-16.7,-19.5,2.0,4.0,22.0
2026-08-05 20:23:32,-16.6,-19.4,1.0,4.0,23.0
2026-08-05 20:22:32,-16.6,-19.3,1.0,4.0,23.0
2026-08-05 20:21:32,-16.7,-19.2,0.0,3.0,25.0
2026-08-05 20:20:32,-16.8,-19.1,0.0,3.0,27.0
2026-08-05 20:19:32,-17.0,-19.2,0.0,3.0,30.0
2026-08-05 20:18:32,-17.1,-19.4,0.0,3.0,29.0
2026-08-05 20:17:32,-17.3,-19.6,0.0,3.0,28.0
2026-08-05 20:16:32,-17.4,-19.8,0.0,3.0,26.0
2026-08-05 20:15:32,-17.5,-20.1,0.0,3.0,25.0
2026-08-05 20:14:32,-17.6,-20.3,1.0,3.0,22.0
2026-08-05 20:13:32,-17.5,-20.4,3.0,4.0,20.0
2026-08-05 20:12:32,-17.5,-20.3,3.0,4.0,20.0
2026-08-05 20:11:32,-17.4,-20.2,3.0,4.0,21.0
2026-08-05 20:10:32,-17.3,-20.2,4.0,4.0,21.0
2026-08-05 20:09:32,-17.2,-20.1,4.0,4.0,21.0
2026-08-05 20:08:32,-17.1,-20.0,5.0,4.0,20.0
2026-08-05 20:07:32,-17.1,-19.9,2.0,4.0,21.0
2026-08-05 20:06:32,-17.0,-19.8,2.0,4.0,21.0
2026-08-05 20:05:32,-16.9,-19.8,2.0,4.0,22.0
2026-08-05 20:04:32,-16.9,-19.6,1.0,4.0,22.0
2026-08-05 20:03:32,-16.9,-19.6,1.0,4.0,23.0
2026-08-05 20:02:32,-16.9,-19.5,0.0,3.0,24.0
2026-08-05 20:01:32,-17.1,-19.5,0.0,3.0,27.0
2026-08-05 20:00:32,-17.3,-19.6,0.0,3.0,29.0
2026-08-05 19:59:32,-17.4,-19.7,0.0,3.0,28.0
2026-08-05 19:58:32,-17.6,-20.0,0.0,3.0,27.0
2026-08-05 19:57:32,-17.7,-20.2,0.0,4.0,26.0
2026-08-05 19:56:32,-17.8,-20.4,0.0,4.0,25.0
2026-08-05 19:55:32,-17.9,-20.6,1.0,4.0,22.0
2026-08-05 19:54:32,-17.9,-20.7,4.0,4.0,20.0
2026-08-05 19:53:32,-17.9,-20.7,4.0,4.0,19.0
2026-08-05 19:52:32,-17.8,-20.6,4.0,4.0,19.0
2026-08-05 19:51:32,-17.7,-20.6,4.0,4.0,19.0
2026-08-05 19:50:32,-17.7,-20.5,4.0,4.0,20.0
2026-08-05 19:49:32,-17.6,-20.4,3.0,4.0,20.0
2026-08-05 19:48:32,-17.5,-20.4,3.0,4.0,20.0
2026-08-05 19:47:32,-17.5,-20.3,3.0,4.0,20.0
2026-08-05 19:46:32,-17.4,-20.3,3.0,4.0,20.0
2026-08-05 19:45:32,-17.3,-20.2,3.0,4.0,20.0
2026-08-05 19:44:32,-17.2,-20.1,3.0,4.0,20.0
2026-08-05 19:43:32,-17.1,-20.0,2.0,4.0,20.0
2026-08-05 19:42:32,-17.1,-19.9,2.0,4.0,21.0
2026-08-05 19:41:32,-17.0,-19.8,2.0,4.0,21.0
2026-08-05 19:40:32,-16.9,-19.7,2.0,4.0,22.0
2026-08-05 19:39:32,-16.9,-19.6,1.0,4.0,22.0
2026-08-05 19:38:32,-16.9,-19.5,1.0,4.0,23.0
2026-08-05 19:37:32,-17.0,-19.5,0.0,3.0,25.0
2026-08-05 19:36:32,-17.1,-19.5,0.0,3.0,29.0
2026-08-05 19:35:32,-17.3,-19.6,0.0,3.0,29.0
2026-08-05 19:34:32,-17.4,-19.8,0.0,3.0,28.0
2026-08-05 19:33:32,-17.5,-20.0,0.0,3.0,27.0
2026-08-05 19:32:32,-17.7,-20.3,0.0,4.0,25.0
2026-08-05 19:31:32,-17.8,-20.5,1.0,4.0,23.0
2026-08-05 19:30:32,-17.9,-20.6,3.0,4.0,21.0
2026-08-05 19:29:32,-17.8,-20.7,4.0,4.0,19.0
2026-08-05 19:28:32,-17.8,-20.6,4.0,4.0,19.0
2026-08-05 19:27:32,-17.7,-20.6,4.0,4.0,19.0
2026-08-05 19:26:32,-17.7,-20.5,4.0,4.0,20.0
2026-08-05 19:25:32,-17.6,-20.5,4.0,4.0,19.0
2026-08-05 19:24:32,-17.5,-20.4,3.0,4.0,20.0
2026-08-05 19:23:32,-17.4,-20.3,3.0,4.0,20.0
2026-08-05 19:22:32,-17.4,-20.2,3.0,4.0,20.0
2026-08-05 19:21:32,-17.3,-20.2,3.0,4.0,20.0
2026-08-05 19:20:32,-17.2,-20.1,3.0,4.0,20.0
2026-08-05 19:19:32,-17.2,-20.0,3.0,4.0,20.0
2026-08-05 19:18:32,-17.1,-19.9,2.0,4.0,21.0
2026-08-05 19:17:32,-17.0,-19.8,2.0,4.0,21.0
2026-08-05 19:16:32,-16.9,-19.7,2.0,4.0,22.0
2026-08-05 19:15:32,-16.8,-19.7,2.0,4.0,22.0
2026-08-05 19:14:32,-16.8,-19.5,1.0,4.0,22.0
2026-08-05 19:13:32,-16.8,-19.4,0.0,4.0,23.0
2026-08-05 19:12:32,-16.9,-19.4,0.0,3.0,24.0
2026-08-05 19:11:32,-17.0,-19.4,0.0,3.0,28.0
2026-08-05 19:10:32,-17.2,-19.5,0.0,3.0,29.0
2026-08-05 19:09:32,-17.3,-19.7,0.0,3.0,28.0
2026-08-05 19:08:32,-17.4,-19.9,0.0,4.0,27.0
2026-08-05 19:07:32,-17.6,-20.1,0.0,4.0,26.0
2026-08-05 19:06:32,-17.8,-20.3,1.0,4.0,23.0
2026-08-05 19:05:32,-17.8,-20.5,2.0,4.0,22.0
2026-08-05 19:04:32,-17.8,-20.6,4.0,4.0,19.0
2026-08-05 19:03:32,-17.7,-20.6,4.0,4.0,19.0
2026-08-05 19:02:32,-17.7,-20.5,4.0,4.0,19.0
2026-08-05 19:01:32,-17.6,-20.5,4.0,4.0,20.0
2026-08-05 19:00:32,-17.5,-20.4,4.0,4.0,19.0
2026-08-05 18:59:32,-17.5,-20.3,3.0,4.0,20.0
2026-08-05 18:58:32,-17.4,-20.3,3.0,4.0,20.0
2026-08-05 18:57:32,-17.4,-20.2,3.0,4.0,20.0
2026-08-05 18:56:32,-17.3,-20.1,3.0,4.0,20.0
2026-08-05 18:55:32,-17.2,-20.1,3.0,4.0,20.0
2026-08-05 18:54:32,-17.1,-20.0,3.0,4.0,20.0
2026-08-05 18:53:32,-17.0,-19.9,3.0,4.0,20.0
2026-08-05 18:52:32,-17.0,-19.8,2.0,4.0,21.0
2026-08-05 18:51:32,-16.9,-19.7,2.0,4.0,21.0
2026-08-05 18:50:32,-16.8,-19.6,2.0,4.0,21.0
2026-08-05 18:49:32,-16.7,-19.5,1.0,4.0,22.0
2026-08-05 18:48:32,-16.7,-19.4,1.0,4.0,23.0
2026-08-05 18:47:32,-16.7,-19.3,0.0,3.0,24.0
2026-08-05 18:46:32,-16.8,-19.3,0.0,3.0,26.0
2026-08-05 18:45:32,-17.0,-19.3,0.0,3.0,30.0
2026-08-05 18:44:32,-17.1,-19.5,0.0,3.0,29.0
2026-08-05 18:43:32,-17.3,-19.7,0.0,3.0,28.0
2026-08-05 18:42:32,-17.4,-19.9,0.0,4.0,27.0
2026-08-05 18:41:32,-17.6,-20.1,0.0,4.0,25.0
2026-08-05 18:40:32,-17.7,-20.3,1.0,4.0,24.0
2026-08-05 18:39:32,-17.8,-20.5,3.0,4.0,21.0
2026-08-05 18:38:32,-17.7,-20.5,4.0,4.0,19.0
2026-08-05 18:37:32,-17.6,-20.5,4.0,4.0,19.0
2026-08-05 18:36:32,-17.6,-20.4,4.0,4.0,19.0
2026-08-05 18:35:32,-17.5,-20.4,4.0,4.0,19.0
2026-08-05 18:34:32,-17.4,-20.3,3.0,4.0,20.0
2026-08-05 18:33:32,-17.4,-20.2,3.0,4.0,20.0
2026-08-05 18:32:32,-17.3,-20.1,3.0,4.0,20.0
2026-08-05 18:31:32,-17.2,-20.1,3.0,4.0,20.0
2026-08-05 18:30:32,-17.1,-20.0,3.0,4.0,20.0
2026-08-05 18:29:32,-17.0,-19.9,3.0,4.0,20.0
2026-08-05 18:28:32,-17.0,-19.8,3.0,4.0,21.0
2026-08-05 18:27:32,-16.9,-19.7,2.0,4.0,21.0
2026-08-05 18:26:32,-16.8,-19.6,2.0,4.0,21.0
2026-08-05 18:25:32,-16.7,-19.6,2.0,4.0,21.0
2026-08-05 18:24:32,-16.6,-19.5,2.0,4.0,22.0
2026-08-05 18:23:32,-16.6,-19.3,1.0,4.0,23.0
2026-08-05 18:22:32,-16.6,-19.3,0.0,4.0,24.0
2026-08-05 18:21:32,-16.7,-19.2,0.0,3.0,26.0
2026-08-05 18:20:32,-16.9,-19.3,0.0,3.0,30.0
2026-08-05 18:19:32,-17.1,-19.4,0.0,3.0,29.0
2026-08-05 18:18:32,-17.2,-19.6,0.0,3.0,28.0
2026-08-05 18:17:32,-17.4,-19.8,0.0,4.0,26.0
2026-08-05 18:16:32,-17.5,-20.0,0.0,4.0,26.0
2026-08-05 18:15:32,-17.6,-20.2,1.0,4.0,23.0
2026-08-05 18:14:32,-17.6,-20.4,3.0,4.0,20.0
2026-08-05 18:13:32,-17.6,-20.4,4.0,4.0,19.0
2026-08-05 18:12:32,-17.5,-20.3,4.0,4.0,19.0
2026-08-05 18:11:32,-17.4,-20.3,4.0,4.0,19.0
2026-08-05 18:10:32,-17.4,-20.2,3.0,4.0,20.0
2026-08-05 18:09:32,-17.3,-20.1,3.0,4.0,20.0
2026-08-05 18:08:32,-17.2,-20.0,3.0,4.0,20.0
2026-08-05 18:07:32,-17.1,-20.0,3.0,4.0,20.0
2026-08-05 18:06:32,-17.1,-19.9,3.0,4.0,20.0
2026-08-05 18:05:32,-17.0,-19.8,3.0,4.0,20.0
2026-08-05 18:04:32,-16.9,-19.7,3.0,4.0,20.0
2026-08-05 18:03:32,-16.8,-19.7,2.0,4.0,21.0
2026-08-05 18:02:32,-16.7,-19.5,2.0,4.0,21.0
2026-08-05 18:01:32,-16.6,-19.5,2.0,4.0,21.0
2026-08-05 18:00:32,-16.5,-19.3,2.0,4.0,22.0
2026-08-05 17:59:32,-16.5,-19.2,1.0,4.0,23.0
2026-08-05 17:58:32,-16.5,-19.1,0.0,4.0,23.0
2026-08-05 17:57:32,-16.6,-19.1,0.0,4.0,26.0
2026-08-05 17:56:32,-16.7,-19.1,0.0,3.0,29.0
2026-08-05 17:55:32,-16.9,-19.2,0.0,3.0,29.0
2026-08-05 17:54:32,-17.1,-19.4,0.0,3.0,28.0
2026-08-05 17:53:32,-17.2,-19.6,0.0,4.0,27.0
2026-08-05 17:52:32,-17.3,-19.8,0.0,4.0,26.0
2026-08-05 17:51:32,-17.4,-20.0,1.0,4.0,23.0
2026-08-05 17:50:32,-17.5,-20.2,2.0,4.0,22.0
2026-08-05 17:49:32,-17.4,-20.2,4.0,4.0,19.0
2026-08-05 17:48:32,-17.4,-20.2,4.0,4.0,20.0
2026-08-05 17:47:32,-17.3,-20.1,3.0,4.0,20.0
2026-08-05 17:46:32,-17.2,-20.0,3.0,4.0,20.0
2026-08-05 17:45:32,-17.2,-20.0,3.0,4.0,20.0
2026-08-05 17:44:32,-17.1,-19.9,3.0,4.0,20.0
2026-08-05 17:43:32,-17.0,-19.8,3.0,4.0,20.0
2026-08-05 17:42:32,-16.9,-19.7,3.0,4.0,20.0
2026-08-05 17:41:32,-16.8,-19.6,3.0,4.0,21.0
2026-08-05 17:40:32,-16.7,-19.6,3.0,4.0,21.0
2026-08-05 17:39:32,-16.6,-19.5,3.0,4.0,21.0
2026-08-05 17:38:32,-16.5,-19.4,2.0,4.0,21.0
2026-08-05 17:37:32,-16.4,-19.2,2.0,4.0,22.0
2026-08-05 17:36:32,-16.3,-19.1,2.0,4.0,22.0
2026-08-05 17:35:32,-16.2,-19.0,2.0,4.0,22.0
2026-08-05 17:34:32,-16.1,-18.9,1.0,4.0,23.0
2026-08-05 17:33:32,-16.0,-18.7,1.0,4.0,24.0
2026-08-05 17:32:32,-16.1,-18.6,0.0,4.0,26.0
2026-08-05 17:31:32,-16.2,-18.5,0.0,3.0,28.0
2026-08-05 17:30:32,-16.4,-18.6,0.0,3.0,31.0
2026-08-05 17:29:32,-16.5,-18.7,0.0,3.0,31.0
2026-08-05 17:28:32,-16.6,-18.9,0.0,3.0,30.0
2026-08-05 17:27:32,-16.8,-19.0,0.0,3.0,30.0
2026-08-05 17:26:32,-17.0,-19.2,0.0,3.0,29.0
2026-08-05 17:25:32,-17.3,-19.5,0.0,4.0,27.0
2026-08-05 17:24:32,-17.5,-19.7,1.0,4.0,24.0
2026-08-05 17:23:32,-17.6,-20.1,2.0,4.0,23.0
2026-08-05 17:22:32,-17.7,-20.3,2.0,4.0,23.0
2026-08-05 17:21:32,-17.8,-20.5,5.0,4.0,20.0
2026-08-05 17:20:32,-17.7,-20.6,4.0,4.0,18.0
2026-08-05 17:19:32,-17.7,-20.5,3.0,4.0,18.0
2026-08-05 17:18:32,-17.6,-20.5,3.0,4.0,19.0
2026-08-05 17:17:32,-17.5,-20.4,3.0,4.0,18.0
2026-08-05 17:16:32,-17.5,-20.4,3.0,4.0,19.0
2026-08-05 17:15:32,-17.5,-20.3,3.0,4.0,19.0
2026-08-05 17:14:32,-17.3,-20.2,3.0,4.0,19.0
2026-08-05 17:13:32,-17.3,-20.1,3.0,4.0,19.0
2026-08-05 17:12:32,-17.2,-20.1,3.0,4.0,19.0
2026-08-05 17:11:32,-17.1,-20.0,3.0,4.0,19.0
2026-08-05 17:10:32,-17.0,-19.9,2.0,4.0,20.0
2026-08-05 17:09:32,-16.9,-19.8,2.0,4.0,20.0
2026-08-05 17:08:32,-16.8,-19.7,2.0,4.0,20.0
2026-08-05 17:07:32,-16.8,-19.6,2.0,4.0,20.0
2026-08-05 17:06:32,-16.7,-19.5,1.0,4.0,21.0
2026-08-05 17:05:32,-16.6,-19.4,1.0,4.0,22.0
2026-08-05 17:04:32,-16.7,-19.3,0.0,4.0,23.0
2026-08-05 17:03:32,-16.8,-19.3,0.0,3.0,25.0
2026-08-05 17:02:32,-17.0,-19.3,0.0,3.0,29.0
2026-08-05 17:01:32,-17.1,-19.5,0.0,3.0,28.0
2026-08-05 17:00:32,-17.2,-19.7,0.0,4.0,27.0
2026-08-05 16:59:32,-17.4,-19.9,0.0,4.0,26.0
2026-08-05 16:58:32,-17.5,-20.1,0.0,4.0,24.0
2026-08-05 16:57:32,-17.6,-20.3,1.0,4.0,23.0
2026-08-05 16:56:32,-17.7,-20.5,3.0,4.0,20.0
2026-08-05 16:55:32,-17.7,-20.5,4.0,4.0,18.0
2026-08-05 16:54:32,-17.6,-20.4,4.0,4.0,18.0
2026-08-05 16:53:32,-17.5,-20.4,4.0,4.0,18.0
2026-08-05 16:52:32,-17.4,-20.3,3.0,4.0,18.0
2026-08-05 16:51:32,-17.4,-20.3,3.0,4.0,19.0
2026-08-05 16:50:32,-17.3,-20.2,3.0,4.0,19.0
2026-08-05 16:49:32,-17.2,-20.1,3.0,4.0,19.0
2026-08-05 16:48:32,-17.1,-20.0,3.0,4.0,19.0
2026-08-05 16:47:32,-17.0,-19.9,3.0,4.0,19.0
2026-08-05 16:46:32,-16.9,-19.9,3.0,4.0,19.0
2026-08-05 16:45:32,-16.9,-19.8,2.0,4.0,20.0
2026-08-05 16:44:32,-16.8,-19.7,2.0,4.0,20.0
2026-08-05 16:43:32,-16.7,-19.6,2.0,4.0,20.0
2026-08-05 16:42:32,-16.6,-19.5,2.0,4.0,21.0
2026-08-05 16:41:32,-16.5,-19.4,2.0,4.0,21.0
2026-08-05 16:40:32,-16.5,-19.3,1.0,4.0,22.0
2026-08-05 16:39:32,-16.5,-19.1,0.0,4.0,23.0
2026-08-05 16:38:32,-16.6,-19.1,0.0,3.0,26.0
2026-08-05 16:37:32,-16.8,-19.2,0.0,4.0,29.0
2026-08-05 16:36:32,-16.9,-19.4,0.0,4.0,27.0
2026-08-05 16:35:32,-17.1,-19.5,0.0,4.0,27.0
2026-08-05 16:34:32,-17.2,-19.7,0.0,4.0,26.0
2026-08-05 16:33:32,-17.4,-20.0,0.0,4.0,24.0
2026-08-05 16:32:32,-17.5,-20.2,1.0,4.0,22.0
2026-08-05 16:31:32,-17.4,-20.3,3.0,4.0,19.0
2026-08-05 16:30:32,-17.4,-20.3,3.0,4.0,19.0
2026-08-05 16:29:32,-17.3,-20.2,3.0,4.0,19.0
2026-08-05 16:28:32,-17.3,-20.1,3.0,4.0,19.0
2026-08-05 16:27:32,-17.1,-20.0,3.0,4.0,19.0
2026-08-05 16:26:32,-17.1,-20.0,2.0,4.0,19.0
2026-08-05 16:25:32,-17.0,-19.9,2.0,4.0,20.0
2026-08-05 16:24:32,-16.9,-19.8,2.0,4.0,20.0
2026-08-05 16:23:32,-16.8,-19.7,2.0,4.0,20.0
2026-08-05 16:22:32,-16.7,-19.6,2.0,4.0,20.0
2026-08-05 16:21:32,-16.6,-19.5,2.0,4.0,20.0
2026-08-05 16:20:32,-16.5,-19.4,2.0,4.0,21.0
2026-08-05 16:19:32,-16.4,-19.3,2.0,4.0,21.0
2026-08-05 16:18:32,-16.4,-19.1,1.0,4.0,22.0
2026-08-05 16:17:32,-16.4,-19.0,1.0,4.0,23.0
2026-08-05 16:16:32,-16.5,-19.0,0.0,4.0,24.0
2026-08-05 16:15:32,-16.7,-18.9,0.0,4.0,27.0
2026-08-05 16:14:32,-16.9,-19.1,1.0,4.0,26.0
2026-08-05 16:13:32,-17.0,-19.4,0.0,4.0,27.0
2026-08-05 16:12:32,-17.2,-19.6,0.0,4.0,27.0
2026-08-05 16:11:32,-17.3,-19.8,0.0,4.0,26.0
2026-08-05 16:10:32,-17.4,-20.0,0.0,4.0,24.0
2026-08-05 16:09:32,-17.6,-20.2,0.0,4.0,23.0
2026-08-05 16:08:32,-17.7,-20.4,2.0,4.0,21.0
2026-08-05 16:07:32,-17.7,-20.5,4.0,4.0,18.0
2026-08-05 16:06:32,-17.6,-20.5,4.0,4.0,18.0
2026-08-05 16:05:32,-17.5,-20.4,4.0,4.0,18.0
2026-08-05 16:04:32,-17.5,-20.3,4.0,4.0,18.0
2026-08-05 16:03:32,-17.4,-20.3,3.0,4.0,18.0
2026-08-05 16:02:32,-17.3,-20.2,3.0,4.0,18.0
2026-08-05 16:01:32,-17.2,-20.1,3.0,4.0,19.0
2026-08-05 16:00:32,-17.2,-20.0,3.0,4.0,19.0
2026-08-05 15:59:32,-17.0,-20.0,3.0,4.0,19.0
2026-08-05 15:58:32,-16.9,-19.9,3.0,5.0,19.0
2026-08-05 15:57:32,-16.9,-19.8,3.0,4.0,19.0
2026-08-05 15:56:32,-16.8,-19.7,2.0,4.0,20.0
2026-08-05 15:55:32,-16.7,-19.6,2.0,4.0,20.0
2026-08-05 15:54:32,-16.6,-19.5,2.0,4.0,20.0
2026-08-05 15:53:32,-16.5,-19.4,2.0,4.0,21.0
2026-08-05 15:52:32,-16.5,-19.3,1.0,4.0,22.0
2026-08-05 15:51:32,-16.5,-19.2,0.0,4.0,23.0
2026-08-05 15:50:32,-16.6,-19.1,0.0,4.0,25.0
2026-08-05 15:49:32,-16.8,-19.2,0.0,4.0,29.0
2026-08-05 15:48:32,-16.9,-19.3,0.0,4.0,28.0
2026-08-05 15:47:32,-17.0,-19.5,0.0,4.0,27.0
2026-08-05 15:46:32,-17.2,-19.7,0.0,4.0,26.0
2026-08-05 15:45:32,-17.3,-19.9,0.0,4.0,24.0
2026-08-05 15:44:32,-17.4,-20.1,1.0,4.0,23.0
2026-08-05 15:43:32,-17.5,-20.3,3.0,4.0,20.0
2026-08-05 15:42:32,-17.4,-20.3,4.0,5.0,18.0
2026-08-05 15:41:32,-17.3,-20.2,4.0,4.0,18.0
2026-08-05 15:40:32,-17.2,-20.1,3.0,4.0,18.0
2026-08-05 15:39:32,-17.1,-20.1,3.0,4.0,19.0
2026-08-05 15:38:32,-17.1,-20.0,3.0,4.0,19.0
2026-08-05 15:37:32,-17.0,-19.9,3.0,5.0,19.0
2026-08-05 15:36:32,-16.9,-19.8,3.0,5.0,19.0
2026-08-05 15:35:32,-16.8,-19.7,3.0,5.0,20.0
2026-08-05 15:34:32,-16.7,-19.6,3.0,5.0,20.0
2026-08-05 15:33:32,-16.5,-19.5,2.0,4.0,20.0
2026-08-05 15:32:32,-16.5,-19.4,2.0,4.0,20.0
2026-08-05 15:31:32,-16.4,-19.3,2.0,4.0,20.0
2026-08-05 15:30:32,-16.2,-19.2,2.0,4.0,21.0
2026-08-05 15:29:32,-16.1,-19.0,2.0,4.0,21.0
2026-08-05 15:28:32,-16.1,-18.9,1.0,4.0,22.0
2026-08-05 15:27:32,-16.0,-18.8,0.0,4.0,23.0
2026-08-05 15:26:32,-16.1,-18.7,0.0,4.0,25.0
2026-08-05 15:25:32,-16.3,-18.6,0.0,4.0,29.0
2026-08-05 15:24:32,-16.4,-18.7,0.0,4.0,29.0
2026-08-05 15:23:32,-16.5,-18.8,0.0,3.0,30.0
2026-08-05 15:22:32,-16.7,-19.0,0.0,3.0,29.0
2026-08-05 15:21:32,-16.9,-19.2,0.0,3.0,28.0
2026-08-05 15:20:32,-17.1,-19.4,0.0,4.0,27.0
2026-08-05 15:19:32,-17.2,-19.7,0.0,4.0,25.0
2026-08-05 15:18:32,-17.4,-20.0,0.0,4.0,24.0
2026-08-05 15:17:32,-17.5,-20.2,2.0,5.0,22.0
2026-08-05 15:16:32,-17.5,-20.4,5.0,5.0,19.0
2026-08-05 15:15:32,-17.5,-20.3,7.0,5.0,17.0
2026-08-05 15:14:32,-17.4,-20.4,6.0,5.0,17.0
2026-08-05 15:13:32,-17.3,-20.3,3.0,4.0,18.0
2026-08-05 15:12:32,-17.3,-20.2,3.0,4.0,18.0
2026-08-05 15:11:32,-17.2,-20.1,2.0,4.0,18.0
2026-08-05 15:10:32,-17.1,-20.0,2.0,4.0,19.0
2026-08-05 15:09:32,-17.0,-19.9,2.0,4.0,19.0
2026-08-05 15:08:32,-16.9,-19.9,2.0,4.0,19.0
2026-08-05 15:07:32,-16.9,-19.8,1.0,4.0,20.0
2026-08-05 15:06:32,-16.9,-19.7,0.0,4.0,20.0
2026-08-05 15:05:32,-16.9,-19.6,0.0,4.0,22.0
2026-08-05 15:04:32,-17.1,-19.6,0.0,3.0,24.0
2026-08-05 15:03:32,-17.3,-19.7,0.0,3.0,27.0
2026-08-05 15:02:32,-17.5,-19.9,0.0,3.0,26.0
2026-08-05 15:01:32,-17.6,-20.1,0.0,4.0,24.0
2026-08-05 15:00:32,-17.7,-20.4,1.0,4.0,22.0
2026-08-05 14:59:32,-17.8,-20.6,2.0,4.0,20.0
2026-08-05 14:58:32,-17.8,-20.7,4.0,4.0,18.0
2026-08-05 14:57:32,-17.8,-20.7,4.0,4.0,17.0
2026-08-05 14:56:32,-17.7,-20.6,3.0,4.0,17.0
2026-08-05 14:55:32,-17.6,-20.5,3.0,5.0,17.0
2026-08-05 14:54:32,-17.6,-20.5,3.0,4.0,18.0
2026-08-05 14:53:32,-17.5,-20.4,3.0,4.0,17.0
2026-08-05 14:52:32,-17.4,-20.4,3.0,4.0,18.0
2026-08-05 14:51:32,-17.3,-20.3,3.0,4.0,18.0
2026-08-05 14:50:32,-17.3,-20.2,3.0,4.0,18.0
2026-08-05 14:49:32,-17.2,-20.2,3.0,4.0,18.0
2026-08-05 14:48:32,-17.1,-20.1,3.0,4.0,18.0
2026-08-05 14:47:32,-17.0,-20.0,3.0,4.0,18.0
2026-08-05 14:46:32,-16.9,-19.9,2.0,4.0,18.0
2026-08-05 14:45:32,-16.8,-19.8,2.0,4.0,19.0
2026-08-05 14:44:32,-16.8,-19.7,2.0,4.0,19.0
2026-08-05 14:43:32,-16.7,-19.7,2.0,4.0,19.0
2026-08-05 14:42:32,-16.6,-19.5,1.0,4.0,20.0
2026-08-05 14:41:32,-16.6,-19.4,1.0,4.0,20.0
2026-08-05 14:40:32,-16.7,-19.4,0.0,4.0,21.0
2026-08-05 14:39:32,-16.8,-19.3,0.0,3.0,24.0
2026-08-05 14:38:32,-17.0,-19.4,0.0,3.0,27.0
2026-08-05 14:37:32,-17.1,-19.6,0.0,3.0,26.0
2026-08-05 14:36:32,-17.3,-19.8,0.0,4.0,24.0
2026-08-05 14:35:32,-17.5,-20.0,1.0,4.0,23.0
2026-08-05 14:34:32,-17.5,-20.3,1.0,4.0,21.0
2026-08-05 14:33:32,-17.6,-20.4,3.0,4.0,18.0
2026-08-05 14:32:32,-17.5,-20.4,3.0,4.0,17.0
2026-08-05 14:31:32,-17.4,-20.3,3.0,4.0,17.0
2026-08-05 14:30:32,-17.4,-20.3,3.0,4.0,17.0
2026-08-05 14:29:32,-17.3,-20.2,3.0,4.0,18.0
2026-08-05 14:28:32,-17.2,-20.1,3.0,4.0,18.0
2026-08-05 14:27:32,-17.2,-20.1,3.0,4.0,18.0
2026-08-05 14:26:32,-17.1,-20.0,3.0,4.0,18.0
2026-08-05 14:25:32,-17.0,-19.9,2.0,4.0,18.0
2026-08-05 14:24:32,-16.9,-19.9,3.0,4.0,18.0
2026-08-05 14:23:32,-16.8,-19.8,3.0,4.0,18.0
2026-08-05 14:22:32,-16.7,-19.7,2.0,4.0,18.0
2026-08-05 14:21:32,-16.6,-19.6,2.0,4.0,19.0
2026-08-05 14:20:32,-16.5,-19.5,2.0,4.0,19.0
2026-08-05 14:19:32,-16.5,-19.4,2.0,4.0,19.0
2026-08-05 14:18:32,-16.4,-19.3,1.0,4.0,20.0
2026-08-05 14:17:32,-16.3,-19.2,1.0,4.0,20.0
2026-08-05 14:16:32,-16.3,-19.0,0.0,4.0,21.0
2026-08-05 14:15:32,-16.4,-19.0,0.0,4.0,22.0
2026-08-05 14:14:32,-16.6,-19.0,0.0,3.0,27.0
2026-08-05 14:13:32,-16.7,-19.1,0.0,3.0,27.0
2026-08-05 14:12:32,-16.9,-19.4,0.0,3.0,26.0
2026-08-05 14:11:32,-17.0,-19.5,0.0,3.0,24.0
2026-08-05 14:10:32,-17.1,-19.8,0.0,3.0,23.0
2026-08-05 14:09:32,-17.2,-20.0,1.0,4.0,20.0
2026-08-05 14:08:32,-17.1,-20.0,2.0,3.0,18.0
2026-08-05 14:07:32,-17.0,-20.0,2.0,4.0,18.0
2026-08-05 14:06:32,-17.0,-19.9,2.0,4.0,18.0
2026-08-05 14:05:32,-16.8,-19.8,2.0,4.0,18.0
2026-08-05 14:04:32,-16.8,-19.7,2.0,4.0,18.0
2026-08-05 14:03:32,-16.7,-19.7,2.0,4.0,18.0
2026-08-05 14:02:32,-16.6,-19.6,2.0,4.0,19.0
2026-08-05 14:01:32,-16.5,-19.5,2.0,4.0,19.0
2026-08-05 14:00:32,-16.4,-19.3,1.0,4.0,19.0
2026-08-05 13:59:32,-16.3,-19.3,1.0,4.0,20.0
2026-08-05 13:58:32,-16.2,-19.2,2.0,4.0,20.0
2026-08-05 13:57:32,-16.1,-19.0,2.0,4.0,21.0
2026-08-05 13:56:32,-16.1,-18.9,2.0,4.0,22.0
2026-08-05 13:55:32,-16.1,-18.8,2.0,4.0,23.0
2026-08-05 13:54:32,-16.3,-18.7,2.0,4.0,24.0
2026-08-05 13:53:32,-16.5,-18.8,0.0,3.0,28.0
2026-08-05 13:52:32,-16.6,-19.0,0.0,3.0,28.0
2026-08-05 13:51:32,-16.8,-19.2,0.0,3.0,27.0
2026-08-05 13:50:32,-17.0,-19.4,0.0,3.0,26.0
2026-08-05 13:49:32,-17.1,-19.7,0.0,3.0,23.0
2026-08-05 13:48:32,-17.1,-19.9,1.0,4.0,22.0
2026-08-05 13:47:32,-17.1,-20.1,3.0,4.0,19.0
2026-08-05 13:46:32,-17.0,-20.0,4.0,4.0,18.0
2026-08-05 13:45:32,-16.9,-19.9,4.0,5.0,18.0
2026-08-05 13:44:32,-16.9,-19.8,4.0,4.0,17.0
2026-08-05 13:43:32,-16.8,-19.8,2.0,4.0,18.0
2026-08-05 13:42:32,-16.7,-19.7,2.0,4.0,18.0
2026-08-05 13:41:32,-16.6,-19.6,2.0,4.0,18.0
2026-08-05 13:40:32,-16.5,-19.5,2.0,4.0,18.0
2026-08-05 13:39:32,-16.4,-19.4,1.0,4.0,19.0
2026-08-05 13:38:32,-16.3,-19.3,1.0,4.0,19.0
2026-08-05 13:37:32,-16.2,-19.2,1.0,4.0,20.0
2026-08-05 13:36:32,-16.2,-19.1,1.0,4.0,20.0
2026-08-05 13:35:32,-16.2,-18.9,0.0,3.0,21.0
2026-08-05 13:34:32,-16.3,-18.9,0.0,3.0,23.0
2026-08-05 13:33:32,-16.6,-18.9,0.0,3.0,27.0
2026-08-05 13:32:32,-16.8,-19.1,0.0,4.0,25.0
2026-08-05 13:31:32,-17.0,-19.4,1.0,3.0,24.0
2026-08-05 13:30:32,-17.2,-19.6,0.0,3.0,26.0
2026-08-05 13:29:32,-17.4,-19.9,0.0,3.0,24.0
2026-08-05 13:28:32,-17.5,-20.2,0.0,3.0,22.0
2026-08-05 13:27:32,-17.6,-20.4,1.0,4.0,20.0
2026-08-05 13:26:32,-17.5,-20.5,4.0,4.0,18.0
2026-08-05 13:25:32,-17.4,-20.5,4.0,4.0,17.0
2026-08-05 13:24:32,-17.4,-20.4,4.0,5.0,18.0
2026-08-05 13:23:32,-17.3,-20.3,5.0,5.0,16.0
2026-08-05 13:22:32,-17.2,-20.3,3.0,4.0,17.0
2026-08-05 13:21:32,-17.1,-20.3,2.0,4.0,17.0
2026-08-05 13:20:32,-17.1,-20.2,2.0,4.0,17.0
2026-08-05 13:19:32,-17.0,-20.1,2.0,4.0,18.0
2026-08-05 13:18:32,-16.9,-20.0,1.0,4.0,18.0
2026-08-05 13:17:32,-16.8,-19.9,2.0,4.0,18.0
2026-08-05 13:16:32,-16.8,-19.8,1.0,4.0,18.0
2026-08-05 13:15:32,-16.7,-19.7,1.0,4.0,19.0
2026-08-05 13:14:32,-16.8,-19.6,0.0,3.0,20.0
2026-08-05 13:13:32,-16.9,-19.6,0.0,3.0,21.0
2026-08-05 13:12:32,-16.9,-19.5,0.0,4.0,21.0
2026-08-05 13:03:45,-17.5,-20.5,3.0,4.0,16.0
2026-08-05 13:02:45,-17.4,-20.4,3.0,4.0,16.0
2026-08-05 13:01:45,-17.4,-20.4,3.0,4.0,17.0
2026-08-05 13:00:45,-17.3,-20.3,3.0,4.0,16.0
2026-08-05 12:59:45,-17.2,-20.3,3.0,4.0,16.0
2026-08-05 12:58:45,-17.1,-20.2,3.0,4.0,17.0
2026-08-05 12:57:45,-17.1,-20.1,2.0,4.0,17.0
2026-08-05 12:56:45,-17.0,-20.1,2.0,4.0,17.0
2026-08-05 12:55:45,-17.0,-20.0,3.0,5.0,17.0
2026-08-05 12:04:46,-16.1,-19.1,4.0,5.0,19.0
2026-08-05 12:03:47,-16.0,-19.1,4.0,4.0,19.0
2026-08-05 12:02:46,-15.9,-18.9,4.0,4.0,20.0
2026-08-05 12:01:46,-15.9,-18.8,3.0,4.0,19.0
2026-08-05 12:00:46,-15.8,-18.7,2.0,4.0,20.0
2026-08-05 11:59:46,-15.9,-18.6,1.0,4.0,21.0
2026-08-05 11:58:46,-16.1,-18.6,0.0,4.0,23.0
2026-08-05 11:57:46,-16.3,-18.7,0.0,4.0,27.0
2026-08-05 11:56:46,-16.4,-18.9,0.0,5.0,26.0
2026-08-05 11:55:46,-16.5,-19.1,1.0,4.0,24.0
2026-08-05 11:54:46,-16.7,-19.3,2.0,4.0,23.0
2026-08-05 11:53:46,-16.8,-19.5,3.0,4.0,22.0
2026-08-05 11:52:46,-16.8,-19.6,4.0,5.0,19.0
2026-08-05 11:51:46,-16.6,-19.6,5.0,5.0,17.0
2026-08-05 11:50:46,-16.5,-19.6,5.0,5.0,17.0
2026-08-05 11:49:46,-16.4,-19.5,5.0,5.0,17.0
2026-08-05 11:48:46,-16.4,-19.4,5.0,5.0,18.0
2026-08-05 11:47:46,-16.3,-19.4,5.0,5.0,17.0
2026-08-05 11:46:46,-16.2,-19.3,4.0,5.0,17.0
2026-08-05 11:45:46,-16.2,-19.2,4.0,5.0,19.0
2026-08-05 11:44:46,-16.1,-19.1,4.0,5.0,19.0
2026-08-05 11:43:46,-16.0,-19.1,4.0,5.0,18.0
2026-08-05 11:42:46,-15.9,-19.0,4.0,5.0,18.0
2026-08-05 11:41:46,-15.8,-18.9,4.0,4.0,18.0
2026-08-05 11:40:46,-15.7,-18.8,2.0,5.0,19.0
2026-08-05 11:39:46,-15.6,-18.7,4.0,4.0,19.0
2026-08-05 11:38:46,-15.6,-18.5,2.0,5.0,19.0
2026-08-05 11:37:46,-15.5,-18.4,2.0,4.0,20.0
2026-08-05 11:36:46,-15.5,-18.3,1.0,5.0,21.0
2026-08-05 11:35:46,-15.7,-18.2,1.0,4.0,22.0
2026-08-05 11:34:46,-15.8,-18.3,0.0,4.0,27.0
2026-08-05 11:33:46,-16.0,-18.5,1.0,4.0,26.0
2026-08-05 11:32:46,-16.1,-18.6,1.0,4.0,25.0
2026-08-05 11:31:46,-16.3,-18.8,1.0,4.0,24.0
2026-08-05 11:30:46,-16.4,-19.0,2.0,4.0,23.0
2026-08-05 11:29:46,-16.4,-19.2,3.0,4.0,21.0
2026-08-05 11:28:46,-16.3,-19.3,5.0,5.0,18.0
2026-08-05 11:27:46,-16.2,-19.2,5.0,5.0,17.0
2026-08-05 11:26:46,-16.2,-19.2,5.0,5.0,17.0
2026-08-05 11:25:46,-16.1,-19.1,4.0,6.0,17.0
2026-08-05 11:24:46,-16.0,-19.0,5.0,5.0,18.0
2026-08-05 11:23:46,-15.9,-18.9,4.0,5.0,18.0
2026-08-05 11:22:46,-15.8,-18.8,4.0,5.0,18.0
2026-08-05 11:21:46,-15.7,-18.8,4.0,5.0,18.0
2026-08-05 11:20:46,-15.6,-18.7,4.0,5.0,18.0
2026-08-05 11:19:46,-15.6,-18.6,4.0,5.0,18.0
2026-08-05 11:18:46,-15.4,-18.5,4.0,5.0,19.0
2026-08-05 11:17:46,-15.3,-18.4,4.0,5.0,19.0
2026-08-05 11:16:46,-15.3,-18.3,4.0,5.0,19.0
2026-08-05 11:15:46,-15.2,-18.2,3.0,4.0,20.0
2026-08-05 11:14:46,-15.1,-18.0,2.0,4.0,21.0
2026-08-05 11:13:46,-15.1,-17.9,2.0,4.0,21.0
2026-08-05 11:12:46,-15.3,-17.9,1.0,4.0,23.0
2026-08-05 11:11:46,-15.5,-17.9,0.0,4.0,28.0
2026-08-05 11:10:46,-15.6,-18.1,1.0,4.0,27.0
2026-08-05 11:09:46,-15.8,-18.2,1.0,4.0,27.0
2026-08-05 11:08:46,-15.9,-18.4,2.0,4.0,26.0
2026-08-05 11:07:46,-16.0,-18.6,2.0,4.0,23.0
2026-08-05 11:06:46,-16.0,-18.8,4.0,5.0,21.0
2026-08-05 11:05:46,-15.9,-18.8,5.0,5.0,18.0
2026-08-05 11:04:46,-15.8,-18.8,5.0,5.0,18.0
2026-08-05 11:03:46,-15.7,-18.7,5.0,5.0,18.0
2026-08-05 11:02:46,-15.6,-18.6,4.0,6.0,18.0
2026-08-05 11:01:46,-15.5,-18.5,5.0,5.0,20.0
2026-08-05 11:00:46,-15.4,-18.5,4.0,5.0,19.0
2026-08-05 10:59:46,-15.3,-18.4,5.0,5.0,19.0
2026-08-05 10:58:46,-15.2,-18.3,4.0,5.0,19.0
2026-08-05 10:57:46,-15.1,-18.2,3.0,6.0,19.0
2026-08-05 10:56:46,-15.0,-18.1,4.0,5.0,19.0
2026-08-05 10:55:46,-15.0,-18.0,4.0,5.0,20.0
2026-08-05 10:54:46,-14.8,-17.9,4.0,5.0,20.0
2026-08-05 10:53:46,-14.7,-17.7,3.0,5.0,21.0
2026-08-05 10:52:46,-14.7,-17.6,2.0,4.0,21.0
2026-08-05 10:51:46,-14.7,-17.5,2.0,4.0,22.0
2026-08-05 10:50:46,-14.8,-17.4,1.0,4.0,24.0
2026-08-05 10:49:46,-15.1,-17.4,0.0,5.0,28.0
2026-08-05 10:48:46,-15.2,-17.6,1.0,4.0,27.0
2026-08-05 10:47:46,-15.3,-17.7,1.0,4.0,27.0
2026-08-05 10:46:46,-15.4,-17.9,1.0,4.0,26.0
2026-08-05 10:45:46,-15.5,-18.1,2.0,4.0,24.0
2026-08-05 10:44:46,-15.5,-18.2,3.0,5.0,22.0
2026-08-05 10:43:46,-15.4,-18.4,4.0,6.0,19.0
2026-08-05 10:42:46,-15.3,-18.3,5.0,5.0,18.0
2026-08-05 10:41:46,-15.2,-18.2,5.0,5.0,18.0
2026-08-05 10:40:46,-15.1,-18.1,5.0,5.0,19.0
2026-08-05 10:39:46,-15.0,-18.0,4.0,5.0,19.0
2026-08-05 10:38:46,-15.0,-18.0,4.0,5.0,19.0
2026-08-05 10:37:46,-14.8,-17.9,5.0,5.0,19.0
2026-08-05 10:36:46,-14.7,-17.8,4.0,5.0,19.0
2026-08-05 10:35:46,-14.6,-17.6,4.0,5.0,20.0
2026-08-05 10:34:46,-14.5,-17.5,4.0,5.0,20.0
2026-08-05 10:33:48,-14.4,-17.4,4.0,5.0,21.0
2026-08-05 10:32:46,-14.3,-17.3,3.0,5.0,21.0
2026-08-05 10:31:46,-14.2,-17.2,3.0,4.0,21.0
2026-08-05 10:30:46,-14.2,-17.0,2.0,4.0,22.0
2026-08-05 10:29:46,-14.3,-16.9,1.0,4.0,23.0
2026-08-05 10:28:46,-14.5,-16.9,0.0,4.0,28.0
2026-08-05 10:27:46,-14.6,-17.0,0.0,4.0,28.0
2026-08-05 10:26:46,-14.7,-17.1,1.0,4.0,28.0
2026-08-05 10:25:46,-14.8,-17.3,1.0,4.0,27.0
2026-08-05 10:24:46,-14.9,-17.4,2.0,4.0,26.0
2026-08-05 10:23:46,-15.0,-17.6,3.0,4.0,24.0
2026-08-05 10:22:46,-14.9,-17.8,4.0,5.0,23.0
2026-08-05 10:21:46,-14.8,-17.8,5.0,5.0,19.0
2026-08-05 10:20:46,-14.7,-17.7,5.0,5.0,19.0
2026-08-05 10:19:46,-14.6,-17.6,5.0,5.0,19.0
2026-08-05 10:18:46,-14.5,-17.5,5.0,5.0,19.0
2026-08-05 10:17:46,-14.4,-17.4,4.0,5.0,19.0
2026-08-05 10:16:46,-14.3,-17.3,5.0,5.0,20.0
2026-08-05 10:15:46,-14.1,-17.2,4.0,5.0,20.0
2026-08-05 10:14:46,-14.0,-17.0,4.0,5.0,20.0
2026-08-05 10:13:46,-13.9,-16.9,3.0,6.0,21.0
2026-08-05 10:12:46,-13.8,-16.8,3.0,5.0,21.0
2026-08-05 10:11:46,-13.7,-16.7,4.0,5.0,21.0
2026-08-05 10:10:46,-13.5,-16.5,2.0,6.0,22.0
2026-08-05 10:09:46,-13.4,-16.4,2.0,5.0,22.0
2026-08-05 10:08:46,-13.4,-16.2,2.0,4.0,23.0
2026-08-05 10:07:46,-13.5,-16.1,1.0,4.0,26.0
2026-08-05 10:06:46,-13.6,-16.0,0.0,4.0,30.0
2026-08-05 10:05:46,-13.7,-16.1,0.0,4.0,30.0
2026-08-05 10:04:46,-13.8,-16.2,0.0,4.0,30.0
2026-08-05 10:03:46,-13.9,-16.3,1.0,4.0,30.0
2026-08-05 10:02:46,-14.0,-16.4,1.0,4.0,29.0
2026-08-05 10:01:46,-14.1,-16.5,1.0,4.0,28.0
2026-08-05 10:00:46,-14.2,-16.7,2.0,4.0,27.0
2026-08-05 09:59:46,-14.4,-16.8,2.0,5.0,28.0
2026-08-05 09:58:46,-14.4,-17.0,2.0,6.0,26.0
2026-08-05 09:57:46,-14.5,-17.2,4.0,5.0,24.0
2026-08-05 09:56:46,-14.4,-17.3,5.0,5.0,21.0
2026-08-05 09:55:46,-14.3,-17.3,6.0,5.0,18.0
2026-08-05 09:54:46,-14.2,-17.2,6.0,5.0,19.0
2026-08-05 09:53:46,-14.1,-17.1,6.0,5.0,19.0
2026-08-05 09:52:46,-14.0,-17.0,5.0,6.0,20.0
2026-08-05 09:51:46,-13.9,-16.9,5.0,5.0,19.0
2026-08-05 09:50:46,-13.7,-16.8,5.0,5.0,19.0
2026-08-05 09:49:46,-13.6,-16.7,5.0,5.0,19.0
2026-08-05 09:48:46,-13.5,-16.6,5.0,5.0,19.0
2026-08-05 09:47:46,-13.4,-16.4,5.0,5.0,19.0
2026-08-05 09:46:46,-13.3,-16.3,5.0,5.0,20.0
2026-08-05 09:45:46,-13.1,-16.2,5.0,5.0,20.0
2026-08-05 09:44:46,-13.0,-16.1,4.0,6.0,20.0
2026-08-05 09:43:46,-12.9,-15.9,4.0,5.0,20.0
2026-08-05 09:42:46,-12.7,-15.7,4.0,5.0,21.0
2026-08-05 09:41:46,-12.6,-15.6,4.0,5.0,20.0
2026-08-05 09:40:46,-12.5,-15.4,3.0,5.0,21.0
2026-08-05 09:39:46,-12.4,-15.2,3.0,5.0,20.0
2026-08-05 09:38:46,-12.3,-15.0,2.0,5.0,20.0
2026-08-05 09:37:46,-12.3,-14.9,2.0,5.0,22.0
2026-08-05 09:36:46,-12.4,-14.7,1.0,4.0,22.0
2026-08-05 09:35:46,-12.6,-14.6,0.0,4.0,24.0
2026-08-05 09:34:46,-12.6,-14.6,0.0,4.0,26.0
2026-08-05 09:33:46,-12.6,-14.7,0.0,4.0,26.0
2026-08-05 09:32:46,-12.8,-14.8,0.0,4.0,27.0
2026-08-05 09:31:46,-12.9,-14.8,0.0,4.0,26.0
2026-08-05 09:30:46,-13.0,-14.9,1.0,4.0,26.0
2026-08-05 09:29:46,-13.1,-15.0,1.0,5.0,25.0
2026-08-05 09:28:46,-13.2,-15.1,1.0,5.0,25.0
2026-08-05 09:27:46,-13.3,-15.3,1.0,6.0,24.0
2026-08-05 09:26:46,-13.4,-15.4,2.0,5.0,24.0
2026-08-05 09:25:46,-13.6,-15.6,2.0,5.0,23.0
2026-08-05 09:24:46,-13.8,-15.7,3.0,5.0,23.0
2026-08-05 09:23:46,-13.9,-15.9,4.0,5.0,22.0
2026-08-05 09:22:46,-14.1,-16.2,5.0,5.0,22.0
2026-08-05 09:21:46,-14.3,-16.4,5.0,5.0,21.0
2026-08-05 09:20:46,-14.5,-16.7,6.0,5.0,19.0
2026-08-05 09:19:46,-14.7,-17.0,7.0,5.0,17.0
2026-08-05 09:18:46,-14.7,-17.1,8.0,5.0,14.0
2026-08-05 09:17:46,-14.6,-17.0,8.0,5.0,14.0
2026-08-05 09:16:46,-14.6,-16.9,8.0,5.0,15.0
2026-08-05 09:15:46,-14.5,-16.9,8.0,5.0,14.0
2026-08-05 09:14:46,-14.5,-16.8,8.0,5.0,14.0
2026-08-05 09:13:46,-14.4,-16.7,8.0,5.0,14.0
2026-08-05 09:12:46,-14.3,-16.7,8.0,5.0,14.0
2026-08-05 09:11:46,-14.2,-16.6,8.0,5.0,14.0
2026-08-05 09:10:46,-14.2,-16.5,8.0,5.0,14.0
2026-08-05 09:09:46,-14.1,-16.4,8.0,5.0,14.0
2026-08-05 09:08:46,-14.0,-16.4,7.0,5.0,14.0
2026-08-05 09:07:46,-13.9,-16.3,7.0,5.0,14.0
2026-08-05 09:06:46,-13.8,-16.2,7.0,5.0,15.0
2026-08-05 09:05:46,-13.7,-16.1,7.0,5.0,15.0
2026-08-05 09:04:46,-13.6,-16.0,7.0,5.0,15.0
2026-08-05 09:03:46,-13.6,-15.9,7.0,5.0,15.0
2026-08-05 09:02:46,-13.5,-15.8,7.0,5.0,15.0
2026-08-05 09:01:46,-13.4,-15.8,7.0,5.0,15.0
2026-08-05 09:00:46,-13.3,-15.7,7.0,5.0,15.0
2026-08-05 08:59:46,-13.2,-15.6,7.0,5.0,15.0
2026-08-05 08:58:46,-13.1,-15.5,7.0,5.0,15.0
2026-08-05 08:57:46,-13.1,-15.4,7.0,5.0,15.0
2026-08-05 08:56:46,-12.9,-15.3,7.0,5.0,15.0
2026-08-05 08:55:46,-12.9,-15.2,7.0,5.0,15.0
2026-08-05 08:54:46,-12.8,-15.1,6.0,5.0,15.0
2026-08-05 08:53:46,-12.7,-15.0,6.0,5.0,15.0
2026-08-05 08:52:46,-12.6,-14.9,6.0,5.0,16.0
2026-08-05 08:51:46,-12.5,-14.8,6.0,5.0,16.0
2026-08-05 08:50:46,-12.3,-14.7,6.0,5.0,16.0
2026-08-05 08:49:46,-12.2,-14.6,6.0,5.0,16.0
2026-08-05 08:48:46,-12.1,-14.5,6.0,5.0,16.0
2026-08-05 08:47:46,-12.0,-14.4,6.0,5.0,16.0
2026-08-05 08:46:46,-11.9,-14.3,6.0,5.0,16.0
2026-08-05 08:45:46,-11.8,-14.1,6.0,6.0,18.0
2026-08-05 08:44:46,-11.6,-14.0,6.0,5.0,17.0
2026-08-05 08:43:46,-11.5,-13.9,5.0,5.0,17.0
2026-08-05 08:42:46,-11.4,-13.8,5.0,5.0,17.0
2026-08-05 08:41:46,-11.3,-13.6,5.0,5.0,17.0
2026-08-05 08:40:46,-11.2,-13.5,5.0,5.0,17.0
2026-08-05 08:39:46,-11.0,-13.4,5.0,5.0,17.0
2026-08-05 08:38:46,-10.9,-13.2,5.0,5.0,17.0
2026-08-05 08:37:46,-10.7,-13.1,5.0,9.0,19.0
2026-08-05 08:36:46,-10.5,-13.0,5.0,5.0,18.0
2026-08-05 08:35:46,-10.4,-12.8,5.0,6.0,19.0
2026-08-05 08:34:46,-10.2,-12.6,5.0,5.0,18.0
2026-08-05 08:33:46,-10.0,-12.5,5.0,5.0,19.0
2026-08-05 08:32:46,-9.8,-12.3,5.0,5.0,19.0
2026-08-05 08:31:46,-9.6,-12.1,4.0,5.0,19.0
2026-08-05 08:30:46,-9.4,-12.0,4.0,6.0,21.0
2026-08-05 08:29:46,-9.2,-11.7,4.0,5.0,20.0
2026-08-05 08:28:46,-9.0,-11.5,4.0,5.0,21.0
2026-08-05 08:27:46,-8.8,-11.2,3.0,5.0,21.0
2026-08-05 08:26:46,-8.6,-11.0,2.0,5.0,22.0
2026-08-05 08:25:46,-8.3,-10.8,2.0,8.0,24.0
2026-08-05 08:24:46,-8.1,-10.4,1.0,4.0,26.0
2026-08-05 08:23:46,-8.0,-10.3,0.0,4.0,31.0
2026-08-05 08:22:46,-7.9,-10.2,1.0,4.0,31.0
2026-08-05 08:21:46,-7.8,-10.1,1.0,4.0,31.0
2026-08-05 08:20:46,-7.8,-10.1,1.0,4.0,31.0
2026-08-05 08:19:46,-7.7,-10.0,1.0,4.0,31.0
2026-08-05 08:18:46,-7.7,-9.9,1.0,4.0,31.0
2026-08-05 08:17:46,-7.6,-9.8,1.0,4.0,31.0
2026-08-05 08:16:46,-7.5,-9.7,2.0,5.0,31.0
2026-08-05 08:15:46,-7.4,-9.7,2.0,5.0,31.0
2026-08-05 08:14:46,-7.3,-9.5,2.0,5.0,31.0
2026-08-05 08:13:46,-7.3,-9.5,2.0,5.0,31.0
2026-08-05 08:12:46,-7.2,-9.3,3.0,5.0,30.0
2026-08-05 08:11:46,-7.0,-9.3,2.0,5.0,30.0
2026-08-05 08:10:46,-6.9,-9.2,3.0,6.0,32.0
2026-08-05 08:09:46,-6.7,-9.1,4.0,5.0,30.0
2026-08-05 08:08:46,-6.6,-9.0,4.0,5.0,30.0
2026-08-05 08:07:46,-6.4,-8.9,4.0,6.0,30.0
2026-08-05 08:06:46,-6.3,-8.8,5.0,6.0,30.0
2026-08-05 08:05:46,-6.1,-8.7,5.0,6.0,30.0
2026-08-05 08:04:46,-5.9,-8.6,5.0,6.0,30.0
2026-08-05 08:03:46,-5.7,-8.5,6.0,6.0,30.0
2026-08-05 08:02:46,-5.4,-8.4,6.0,6.0,30.0
2026-08-05 08:01:46,-5.2,-8.4,7.0,6.0,30.0
2026-08-05 08:00:46,-5.1,-8.6,8.0,6.0,31.0
2026-08-05 07:59:46,-5.2,-9.4,9.0,7.0,31.0
2026-08-05 07:58:46,-5.9,-11.5,10.0,6.0,30.0
2026-08-05 07:57:46,-5.9,-12.0,10.0,6.0,30.0
2026-08-05 07:56:46,-5.8,-11.9,10.0,6.0,30.0
2026-08-05 07:55:46,-5.6,-11.8,10.0,6.0,30.0
2026-08-05 07:54:46,-5.4,-11.6,9.0,6.0,30.0
2026-08-05 07:53:46,-5.2,-11.4,9.0,6.0,29.0
2026-08-05 07:52:46,-5.0,-11.3,9.0,6.0,29.0
2026-08-05 07:51:46,-4.7,-11.1,9.0,6.0,28.0
2026-08-05 07:50:46,-4.5,-10.9,9.0,6.0,28.0
2026-08-05 07:49:46,-4.1,-10.7,9.0,6.0,28.0
2026-08-05 07:48:46,-3.8,-10.5,8.0,6.0,27.0
2026-08-05 07:47:46,-3.5,-10.5,9.0,9.0,28.0
2026-08-05 07:46:46,-3.2,-10.2,9.0,6.0,26.0
2026-08-05 07:45:46,-3.0,-10.0,9.0,6.0,26.0
2026-08-05 07:44:46,-2.7,-9.9,9.0,6.0,26.0
2026-08-05 07:43:46,-2.5,-9.7,9.0,6.0,24.0
2026-08-05 07:42:46,-2.4,-9.5,9.0,6.0,24.0
2026-08-05 07:41:46,-2.2,-9.4,9.0,6.0,24.0
2026-08-05 07:40:46,-2.1,-9.3,8.0,6.0,24.0
2026-08-05 07:39:46,-2.1,-9.2,8.0,6.0,24.0
2026-08-05 07:38:46,-2.1,-9.2,8.0,6.0,24.0
2026-08-05 07:37:46,-2.4,-9.3,8.0,5.0,24.0
2026-08-05 07:36:46,-2.7,-9.3,8.0,5.0,25.0
2026-08-05 07:35:46,-3.2,-9.5,8.0,5.0,25.0
2026-08-05 07:34:46,-3.8,-9.7,8.0,6.0,27.0
2026-08-05 07:33:46,-4.7,-10.2,8.0,5.0,26.0
2026-08-05 07:32:46,-5.8,-11.0,8.0,5.0,26.0
2026-08-05 07:31:46,-6.7,-11.7,8.0,5.0,26.0
2026-08-05 07:30:46,-7.6,-12.4,7.0,5.0,26.0
2026-08-05 07:29:46,-8.4,-13.1,7.0,8.0,28.0
2026-08-05 07:28:46,-9.1,-13.5,7.0,5.0,27.0
2026-08-05 07:27:46,-9.8,-14.0,7.0,5.0,28.0
2026-08-05 07:26:46,-10.4,-14.5,7.0,5.0,27.0
2026-08-05 07:25:46,-11.1,-14.9,6.0,5.0,27.0
2026-08-05 07:24:46,-11.7,-15.5,7.0,8.0,28.0
2026-08-05 07:23:46,-12.4,-15.8,7.0,5.0,27.0
2026-08-05 07:22:46,-13.0,-16.3,7.0,5.0,28.0
2026-08-05 07:21:46,-13.7,-16.7,6.0,5.0,28.0
2026-08-05 07:20:46,-14.5,-17.2,6.0,5.0,28.0
2026-08-05 07:19:46,-15.2,-17.7,6.0,5.0,28.0
2026-08-05 07:18:46,-16.0,-18.3,6.0,5.0,28.0
2026-08-05 07:17:46,-16.8,-18.9,6.0,5.0,28.0
2026-08-05 07:16:46,-17.5,-19.4,6.0,5.0,28.0
2026-08-05 07:15:46,-18.0,-19.9,5.0,5.0,27.0
2026-08-05 07:14:46,-18.2,-20.2,5.0,5.0,26.0
2026-08-05 07:13:46,-18.1,-20.6,5.0,5.0,24.0
2026-08-05 07:12:46,-18.1,-20.8,5.0,5.0,21.0
2026-08-05 07:11:46,-18.0,-20.8,5.0,5.0,21.0
2026-08-05 07:10:53,-17.9,-20.7,5.0,5.0,22.0
2026-08-05 07:09:46,-17.9,-20.7,3.0,5.0,22.0
2026-08-05 07:08:46,-17.9,-20.7,4.0,8.0,23.0
2026-08-05 07:07:46,-17.8,-20.5,4.0,5.0,23.0
2026-08-05 07:06:46,-17.8,-20.4,3.0,5.0,23.0
2026-08-05 07:05:46,-17.8,-20.4,1.0,4.0,24.0
2026-08-05 07:04:46,-18.0,-20.4,1.0,7.0,27.0
2026-08-05 07:03:46,-18.1,-20.4,1.0,4.0,29.0
2026-08-05 07:02:46,-18.3,-20.7,1.0,5.0,29.0
2026-08-05 07:01:46,-18.4,-20.7,1.0,4.0,27.0
2026-08-05 07:00:46,-18.5,-21.0,2.0,8.0,26.0
2026-08-05 06:59:46,-18.5,-21.1,4.0,5.0,23.0
2026-08-05 06:58:46,-18.5,-21.3,6.0,5.0,21.0
2026-08-05 06:57:46,-18.4,-21.2,6.0,5.0,21.0
2026-08-05 06:56:46,-18.4,-21.2,6.0,5.0,21.0
2026-08-05 06:55:46,-18.3,-21.1,6.0,5.0,21.0
2026-08-05 06:54:46,-18.3,-21.1,6.0,5.0,21.0
2026-08-05 06:53:46,-18.3,-21.0,6.0,5.0,21.0
2026-08-05 06:52:46,-18.2,-21.0,5.0,5.0,21.0
2026-08-05 06:51:46,-18.2,-20.9,5.0,4.0,21.0
2026-08-05 06:50:46,-18.0,-20.8,5.0,6.0,25.0
2026-08-05 06:49:46,-18.0,-20.8,5.0,5.0,21.0
2026-08-05 06:48:46,-18.0,-20.7,5.0,5.0,21.0
2026-08-05 06:47:46,-17.9,-20.7,5.0,5.0,21.0
2026-08-05 06:46:46,-17.8,-20.6,5.0,5.0,22.0
2026-08-05 06:45:46,-17.8,-20.5,4.0,5.0,22.0
2026-08-05 06:44:46,-17.7,-20.5,4.0,5.0,23.0
2026-08-05 06:43:46,-17.7,-20.4,4.0,5.0,23.0
2026-08-05 06:42:46,-17.7,-20.3,3.0,5.0,23.0
2026-08-05 06:41:46,-17.7,-20.2,2.0,4.0,24.0
2026-08-05 06:40:46,-17.8,-20.2,1.0,4.0,26.0
2026-08-05 06:39:46,-18.0,-20.2,1.0,4.0,30.0
2026-08-05 06:38:46,-18.1,-20.3,1.0,4.0,29.0
2026-08-05 06:37:46,-18.2,-20.5,2.0,4.0,27.0
2026-08-05 06:36:46,-18.3,-20.7,2.0,4.0,26.0
2026-08-05 06:35:46,-18.4,-20.9,4.0,5.0,24.0
2026-08-05 06:34:46,-18.3,-21.1,5.0,5.0,22.0
2026-08-05 06:33:46,-18.3,-21.1,6.0,5.0,21.0
2026-08-05 06:32:46,-18.3,-21.0,6.0,5.0,21.0
2026-08-05 06:31:46,-18.2,-21.0,6.0,5.0,21.0
2026-08-05 06:30:46,-18.2,-20.9,5.0,5.0,21.0
2026-08-05 06:29:46,-18.1,-20.9,6.0,5.0,21.0
2026-08-05 06:28:46,-18.0,-20.8,5.0,5.0,21.0
2026-08-05 06:27:46,-18.0,-20.8,5.0,5.0,21.0
2026-08-05 06:26:46,-17.9,-20.7,5.0,5.0,22.0
2026-08-05 06:25:46,-17.9,-20.7,5.0,5.0,21.0
2026-08-05 06:24:46,-17.8,-20.6,5.0,5.0,21.0
2026-08-05 06:23:46,-17.7,-20.5,5.0,5.0,21.0
2026-08-05 06:22:46,-17.7,-20.5,5.0,5.0,22.0
2026-08-05 06:21:46,-17.6,-20.4,4.0,5.0,22.0
2026-08-05 06:20:46,-17.6,-20.3,4.0,5.0,22.0
2026-08-05 06:19:46,-17.5,-20.2,4.0,5.0,23.0
2026-08-05 06:18:46,-17.5,-20.1,4.0,5.0,23.0
2026-08-05 06:17:46,-17.5,-20.1,3.0,4.0,24.0
2026-08-05 06:16:46,-17.5,-20.0,2.0,4.0,26.0
2026-08-05 06:15:46,-17.6,-20.0,1.0,4.0,27.0
2026-08-05 06:14:46,-17.8,-20.0,1.0,4.0,30.0
2026-08-05 06:13:46,-17.9,-20.2,1.0,4.0,28.0
2026-08-05 06:12:46,-18.1,-20.4,1.0,4.0,27.0
2026-08-05 06:11:46,-18.2,-20.7,2.0,8.0,27.0
2026-08-05 06:10:46,-18.3,-20.8,4.0,5.0,24.0
2026-08-05 06:09:46,-18.2,-20.9,5.0,5.0,22.0
2026-08-05 06:08:46,-18.2,-20.9,6.0,5.0,21.0
2026-08-05 06:07:46,-18.1,-20.9,6.0,5.0,21.0
2026-08-05 06:06:46,-18.1,-20.8,6.0,5.0,21.0
2026-08-05 06:05:46,-18.0,-20.8,6.0,5.0,21.0
2026-08-05 06:04:46,-17.9,-20.7,5.0,5.0,21.0
2026-08-05 06:03:46,-17.9,-20.7,5.0,5.0,21.0
2026-08-05 06:02:46,-17.8,-20.6,5.0,5.0,21.0
2026-08-05 06:01:46,-17.8,-20.5,5.0,5.0,21.0
2026-08-05 06:00:46,-17.7,-20.5,5.0,5.0,21.0
2026-08-05 05:59:46,-17.7,-20.4,5.0,5.0,22.0
2026-08-05 05:58:46,-17.6,-20.3,5.0,5.0,22.0
2026-08-05 05:57:46,-17.5,-20.3,4.0,5.0,22.0
2026-08-05 05:56:46,-17.5,-20.2,4.0,5.0,23.0
2026-08-05 05:55:46,-17.4,-20.1,4.0,5.0,23.0
2026-08-05 05:54:46,-17.4,-20.0,4.0,5.0,23.0
2026-08-05 05:53:46,-17.4,-20.0,3.0,4.0,24.0
2026-08-05 05:52:46,-17.5,-19.9,2.0,4.0,26.0
2026-08-05 05:51:46,-17.7,-19.9,1.0,4.0,29.0
2026-08-05 05:50:46,-17.8,-20.1,1.0,4.0,29.0
2026-08-05 05:49:46,-18.0,-20.3,2.0,4.0,27.0
2026-08-05 05:48:46,-18.0,-20.5,2.0,4.0,26.0
2026-08-05 05:47:46,-18.1,-20.6,4.0,5.0,24.0
2026-08-05 05:46:46,-18.1,-20.7,6.0,5.0,22.0
2026-08-05 05:45:46,-18.0,-20.7,6.0,5.0,21.0
2026-08-05 05:44:46,-17.9,-20.7,6.0,5.0,21.0
2026-08-05 05:43:46,-17.9,-20.7,5.0,5.0,21.0
2026-08-05 05:42:46,-17.8,-20.6,6.0,5.0,21.0
2026-08-05 05:41:46,-17.8,-20.6,6.0,5.0,21.0
2026-08-05 05:40:46,-17.7,-20.5,5.0,5.0,21.0
2026-08-05 05:39:46,-17.7,-20.4,5.0,5.0,21.0
2026-08-05 05:38:46,-17.6,-20.4,4.0,4.0,21.0
2026-08-05 05:37:46,-17.5,-20.3,5.0,6.0,25.0
2026-08-05 05:36:46,-17.5,-20.2,5.0,5.0,22.0
2026-08-05 05:35:46,-17.4,-20.2,5.0,5.0,22.0
2026-08-05 05:34:46,-17.4,-20.1,4.0,5.0,22.0
2026-08-05 05:33:46,-17.3,-20.0,4.0,5.0,22.0
2026-08-05 05:32:46,-17.2,-19.9,4.0,5.0,23.0
2026-08-05 05:31:46,-17.2,-19.9,4.0,5.0,23.0
2026-08-05 05:30:46,-17.2,-19.8,3.0,4.0,24.0
2026-08-05 05:29:46,-17.2,-19.7,2.0,4.0,25.0
2026-08-05 05:28:46,-17.3,-19.6,1.0,4.0,27.0
2026-08-05 05:27:46,-17.4,-19.6,1.0,4.0,30.0
2026-08-05 05:26:46,-17.6,-19.8,1.0,4.0,30.0
2026-08-05 05:25:46,-17.7,-20.0,1.0,4.0,28.0
2026-08-05 05:24:46,-17.8,-20.1,2.0,4.0,27.0
2026-08-05 05:23:46,-17.9,-20.3,2.0,4.0,26.0
2026-08-05 05:22:46,-17.9,-20.5,4.0,5.0,24.0
2026-08-05 05:21:46,-17.9,-20.6,6.0,5.0,21.0
2026-08-05 05:20:46,-17.9,-20.6,6.0,5.0,21.0
2026-08-05 05:19:46,-17.8,-20.5,6.0,5.0,21.0
2026-08-05 05:18:46,-17.7,-20.5,6.0,5.0,21.0
2026-08-05 05:17:46,-17.7,-20.4,5.0,5.0,21.0
2026-08-05 05:16:46,-17.7,-20.4,5.0,8.0,22.0
2026-08-05 05:15:46,-17.6,-20.3,5.0,5.0,21.0
2026-08-05 05:14:46,-17.6,-20.3,5.0,5.0,21.0
2026-08-05 05:13:46,-17.5,-20.2,5.0,5.0,22.0
2026-08-05 05:12:46,-17.4,-20.1,5.0,5.0,22.0
2026-08-05 05:11:46,-17.3,-20.0,5.0,5.0,22.0
2026-08-05 05:10:46,-17.3,-20.0,4.0,5.0,22.0
2026-08-05 05:09:46,-17.2,-19.9,4.0,5.0,22.0
2026-08-05 05:08:46,-17.1,-19.8,4.0,5.0,23.0
2026-08-05 05:07:46,-17.1,-19.7,4.0,5.0,23.0
2026-08-05 05:06:46,-17.1,-19.7,3.0,4.0,24.0
2026-08-05 05:05:46,-17.1,-19.7,2.0,7.0,26.0
2026-08-05 05:04:46,-17.2,-19.5,1.0,4.0,27.0
2026-08-05 05:03:46,-17.4,-19.5,1.0,4.0,31.0
2026-08-05 05:02:46,-17.5,-19.7,1.0,4.0,30.0
2026-08-05 05:01:46,-17.6,-19.9,1.0,4.0,28.0
2026-08-05 05:00:46,-17.7,-20.1,2.0,4.0,27.0
2026-08-05 04:59:46,-17.8,-20.2,3.0,5.0,25.0
2026-08-05 04:58:46,-17.8,-20.4,5.0,5.0,23.0
2026-08-05 04:57:46,-17.7,-20.4,6.0,5.0,21.0
2026-08-05 04:56:46,-17.7,-20.4,6.0,5.0,22.0
2026-08-05 04:55:46,-17.7,-20.4,5.0,5.0,21.0
2026-08-05 04:54:46,-17.6,-20.3,5.0,5.0,21.0
2026-08-05 04:53:46,-17.5,-20.3,5.0,5.0,21.0
2026-08-05 04:52:46,-17.5,-20.2,5.0,5.0,21.0
2026-08-05 04:51:46,-17.4,-20.1,5.0,5.0,21.0
2026-08-05 04:50:46,-17.4,-20.0,5.0,5.0,21.0
2026-08-05 04:49:46,-17.3,-20.0,5.0,5.0,22.0
2026-08-05 04:48:46,-17.2,-19.9,5.0,5.0,22.0
2026-08-05 04:47:46,-17.1,-19.9,5.0,5.0,22.0
2026-08-05 04:46:46,-17.1,-19.8,4.0,5.0,22.0
2026-08-05 04:45:46,-17.0,-19.7,4.0,5.0,23.0
2026-08-05 04:44:46,-17.0,-19.6,4.0,5.0,23.0
2026-08-05 04:43:46,-16.9,-19.5,4.0,5.0,23.0
2026-08-05 04:42:46,-16.9,-19.5,3.0,5.0,25.0
2026-08-05 04:41:46,-16.9,-19.4,2.0,4.0,25.0
2026-08-05 04:40:46,-17.0,-19.3,2.0,4.0,27.0
2026-08-05 04:39:46,-17.1,-19.3,1.0,4.0,30.0
2026-08-05 04:38:46,-17.3,-19.4,1.0,4.0,30.0
2026-08-05 04:37:46,-17.4,-19.6,1.0,4.0,29.0
2026-08-05 04:36:46,-17.5,-19.8,2.0,4.0,28.0
2026-08-05 04:35:46,-17.6,-19.9,2.0,4.0,27.0
2026-08-05 04:34:46,-17.7,-20.1,4.0,5.0,25.0
2026-08-05 04:33:46,-17.6,-20.3,5.0,5.0,22.0
2026-08-05 04:32:46,-17.6,-20.3,6.0,5.0,21.0
2026-08-05 04:31:46,-17.5,-20.2,6.0,5.0,21.0
2026-08-05 04:30:46,-17.4,-20.2,6.0,5.0,21.0
2026-08-05 04:29:46,-17.4,-20.1,6.0,5.0,21.0
2026-08-05 04:28:46,-17.3,-20.0,5.0,5.0,21.0
2026-08-05 04:27:46,-17.3,-20.0,4.0,5.0,22.0
2026-08-05 04:26:46,-17.4,-19.6,5.0,8.0,24.0
2026-08-05 04:25:46,-17.2,-19.9,5.0,5.0,22.0
2026-08-05 04:24:46,-17.1,-19.8,5.0,5.0,22.0
2026-08-05 04:23:46,-17.0,-19.7,5.0,5.0,23.0
2026-08-05 04:22:46,-16.9,-19.6,4.0,5.0,22.0
2026-08-05 04:21:46,-16.9,-19.5,4.0,5.0,23.0
2026-08-05 04:20:46,-16.8,-19.5,4.0,5.0,23.0
2026-08-05 04:19:46,-16.7,-19.4,4.0,5.0,24.0
2026-08-05 04:18:46,-16.7,-19.3,3.0,5.0,26.0
2026-08-05 04:17:46,-16.7,-19.2,1.0,4.0,26.0
2026-08-05 04:16:46,-16.8,-19.3,1.0,7.0,28.0
2026-08-05 04:15:46,-17.0,-19.1,1.0,4.0,30.0
2026-08-05 04:14:46,-17.1,-19.3,1.0,4.0,30.0
2026-08-05 04:13:46,-17.3,-19.5,0.0,4.0,29.0
2026-08-05 04:12:46,-17.4,-19.7,2.0,7.0,28.0
2026-08-05 04:11:46,-17.5,-19.9,3.0,8.0,28.0
2026-08-05 04:10:46,-17.5,-20.0,4.0,5.0,25.0
2026-08-05 04:09:46,-17.5,-20.1,6.0,5.0,22.0
2026-08-05 04:08:46,-17.4,-20.3,6.0,6.0,22.0
2026-08-05 04:07:46,-17.4,-20.1,6.0,5.0,21.0
2026-08-05 04:06:46,-17.3,-20.0,6.0,5.0,21.0
2026-08-05 04:05:46,-17.2,-19.9,5.0,5.0,21.0
2026-08-05 04:04:46,-17.2,-19.9,5.0,5.0,21.0
2026-08-05 04:03:46,-17.1,-19.8,5.0,5.0,22.0
2026-08-05 04:02:46,-17.1,-19.7,5.0,5.0,22.0
2026-08-05 04:01:46,-17.0,-19.7,5.0,5.0,22.0
2026-08-05 04:00:46,-16.9,-19.6,5.0,5.0,22.0
2026-08-05 03:59:46,-16.8,-19.5,5.0,5.0,22.0
2026-08-05 03:58:46,-16.8,-19.5,4.0,5.0,23.0
2026-08-05 03:57:46,-16.7,-19.4,4.0,5.0,23.0
2026-08-05 03:56:46,-16.6,-19.3,4.0,5.0,23.0
2026-08-05 03:55:46,-16.6,-19.2,4.0,5.0,24.0
2026-08-05 03:54:46,-16.6,-19.1,3.0,4.0,25.0
2026-08-05 03:53:46,-16.6,-19.0,2.0,4.0,27.0
2026-08-05 03:52:46,-16.7,-19.0,1.0,4.0,28.0
2026-08-05 03:51:46,-16.9,-19.0,1.0,4.0,31.0
2026-08-05 03:50:46,-17.0,-19.2,1.0,4.0,30.0
2026-08-05 03:49:46,-17.1,-19.4,1.0,4.0,28.0
2026-08-05 03:48:46,-17.3,-19.5,2.0,4.0,28.0
2026-08-05 03:47:46,-17.3,-19.7,3.0,4.0,27.0
2026-08-05 03:46:46,-17.4,-19.9,4.0,5.0,24.0
2026-08-05 03:45:46,-17.3,-20.0,6.0,5.0,21.0
2026-08-05 03:44:46,-17.2,-19.9,6.0,5.0,21.0
2026-08-05 03:43:46,-17.2,-19.9,6.0,5.0,21.0
2026-08-05 03:42:46,-17.1,-19.8,5.0,5.0,21.0
2026-08-05 03:41:46,-17.0,-19.7,5.0,5.0,21.0
2026-08-05 03:40:46,-17.0,-19.7,5.0,5.0,22.0
2026-08-05 03:39:46,-16.9,-19.6,5.0,5.0,23.0
2026-08-05 03:38:46,-16.9,-19.6,5.0,5.0,22.0
2026-08-05 03:37:46,-16.8,-19.5,5.0,5.0,22.0
2026-08-05 03:36:46,-16.7,-19.4,5.0,5.0,22.0
2026-08-05 03:35:46,-16.6,-19.3,4.0,5.0,23.0
2026-08-05 03:34:46,-16.6,-19.2,4.0,5.0,23.0
2026-08-05 03:33:46,-16.5,-19.2,4.0,5.0,23.0
2026-08-05 03:32:46,-16.5,-19.1,4.0,5.0,24.0
2026-08-05 03:31:46,-16.5,-19.0,3.0,4.0,25.0
2026-08-05 03:30:46,-16.5,-18.9,2.0,4.0,26.0
2026-08-05 03:29:46,-16.6,-18.8,1.0,4.0,27.0
2026-08-05 03:28:46,-16.8,-18.8,1.0,4.0,31.0
2026-08-05 03:27:46,-16.9,-19.0,1.0,4.0,30.0
2026-08-05 03:26:46,-17.0,-19.2,1.0,4.0,29.0
2026-08-05 03:25:46,-17.1,-19.3,2.0,4.0,28.0
2026-08-05 03:24:46,-17.2,-19.5,3.0,4.0,27.0
2026-08-05 03:23:46,-17.2,-19.7,4.0,5.0,25.0
2026-08-05 03:22:46,-17.2,-19.8,6.0,5.0,22.0
2026-08-05 03:21:46,-17.1,-19.8,6.0,5.0,21.0
2026-08-05 03:20:46,-17.0,-19.7,6.0,5.0,21.0
2026-08-05 03:19:46,-16.9,-19.6,5.0,5.0,22.0
2026-08-05 03:18:46,-16.9,-19.6,5.0,5.0,22.0
2026-08-05 03:17:46,-16.8,-19.5,5.0,5.0,22.0
2026-08-05 03:16:46,-16.8,-19.4,5.0,5.0,22.0
2026-08-05 03:15:46,-16.7,-19.4,4.0,5.0,23.0
2026-08-05 03:14:46,-16.7,-19.4,5.0,8.0,23.0
2026-08-05 03:13:46,-16.6,-19.3,5.0,5.0,23.0
2026-08-05 03:12:46,-16.5,-19.2,4.0,5.0,23.0
2026-08-05 03:11:46,-16.5,-19.1,4.0,5.0,23.0
2026-08-05 03:10:46,-16.4,-19.0,4.0,5.0,23.0
2026-08-05 03:09:46,-16.4,-18.9,4.0,5.0,24.0
2026-08-05 03:08:46,-16.3,-18.8,3.0,4.0,25.0
2026-08-05 03:07:46,-16.4,-18.8,2.0,4.0,26.0
2026-08-05 03:06:46,-16.5,-18.7,1.0,4.0,28.0
2026-08-05 03:05:46,-16.6,-18.7,1.0,4.0,31.0
2026-08-05 03:04:46,-16.7,-18.9,1.0,4.0,30.0
2026-08-05 03:03:46,-16.8,-19.0,1.0,4.0,29.0
2026-08-05 03:02:46,-17.0,-19.2,2.0,4.0,29.0
2026-08-05 03:01:46,-17.1,-19.4,3.0,4.0,27.0
2026-08-05 03:00:46,-17.1,-19.5,4.0,5.0,24.0
2026-08-05 02:59:46,-17.0,-19.7,6.0,5.0,22.0
2026-08-05 02:58:46,-16.9,-19.6,5.0,5.0,21.0
2026-08-05 02:57:46,-16.9,-19.6,6.0,8.0,23.0
2026-08-05 02:56:46,-16.8,-19.5,5.0,5.0,22.0
2026-08-05 02:55:46,-16.8,-19.4,5.0,5.0,22.0
2026-08-05 02:54:46,-16.7,-19.4,5.0,5.0,22.0
2026-08-05 02:53:46,-16.6,-19.3,5.0,5.0,22.0
2026-08-05 02:52:46,-16.6,-19.3,5.0,5.0,22.0
2026-08-05 02:51:46,-16.5,-19.1,5.0,5.0,22.0
2026-08-05 02:50:46,-16.4,-19.1,5.0,5.0,23.0
2026-08-05 02:49:46,-16.4,-19.0,3.0,5.0,23.0
2026-08-05 02:48:46,-16.3,-19.0,4.0,8.0,24.0
2026-08-05 02:47:46,-16.2,-18.8,4.0,5.0,23.0
2026-08-05 02:46:46,-16.2,-18.7,4.0,5.0,24.0
2026-08-05 02:45:46,-16.2,-18.6,3.0,4.0,25.0
2026-08-05 02:44:46,-16.2,-18.6,2.0,4.0,26.0
2026-08-05 02:43:46,-16.3,-18.5,0.0,4.0,28.0
2026-08-05 02:42:46,-16.4,-18.5,1.0,7.0,32.0
2026-08-05 02:41:46,-16.5,-18.6,0.0,4.0,31.0
2026-08-05 02:40:46,-16.6,-18.8,1.0,7.0,30.0
2026-08-05 02:39:46,-16.8,-18.9,2.0,4.0,29.0
2026-08-05 02:38:46,-16.8,-19.1,2.0,4.0,28.0
2026-08-05 02:37:46,-16.9,-19.3,4.0,5.0,26.0
2026-08-05 02:36:46,-16.9,-19.4,5.0,5.0,23.0
2026-08-05 02:35:46,-16.8,-19.4,6.0,5.0,21.0
2026-08-05 02:34:46,-16.7,-19.4,6.0,5.0,22.0
2026-08-05 02:33:46,-16.7,-19.3,5.0,5.0,22.0
2026-08-05 02:32:46,-16.6,-19.3,5.0,5.0,22.0
2026-08-05 02:31:46,-16.5,-19.2,5.0,5.0,22.0
2026-08-05 02:30:46,-16.5,-19.1,5.0,5.0,22.0
2026-08-05 02:29:46,-16.4,-19.0,5.0,5.0,22.0
2026-08-05 02:28:46,-16.3,-19.0,4.0,5.0,23.0
2026-08-05 02:27:46,-16.2,-18.9,4.0,8.0,24.0
2026-08-05 02:26:46,-16.2,-18.8,4.0,5.0,24.0
2026-08-05 02:25:46,-16.1,-18.7,4.0,5.0,23.0
2026-08-05 02:24:46,-16.0,-18.7,4.0,5.0,24.0
2026-08-05 02:23:46,-16.0,-18.6,4.0,5.0,24.0
2026-08-05 02:22:46,-16.0,-18.5,3.0,4.0,26.0
2026-08-05 02:21:46,-16.0,-18.4,2.0,4.0,27.0
2026-08-05 02:20:46,-16.1,-18.3,0.0,4.0,28.0
2026-08-05 02:19:46,-16.3,-18.3,1.0,7.0,32.0
2026-08-05 02:18:46,-16.4,-18.5,1.0,4.0,31.0
2026-08-05 02:17:46,-16.5,-18.6,1.0,4.0,30.0
2026-08-05 02:16:46,-16.6,-18.8,2.0,4.0,29.0
2026-08-05 02:15:46,-16.7,-19.0,3.0,4.0,28.0
2026-08-05 02:14:46,-16.8,-19.1,4.0,5.0,26.0
2026-08-05 02:13:46,-16.7,-19.3,5.0,5.0,23.0
2026-08-05 02:12:46,-16.6,-19.3,6.0,5.0,21.0
2026-08-05 02:11:46,-16.6,-19.2,6.0,5.0,22.0
2026-08-05 02:10:46,-16.5,-19.1,5.0,5.0,22.0
2026-08-05 02:09:46,-16.4,-19.0,5.0,5.0,22.0
2026-08-05 02:08:46,-16.4,-19.0,5.0,5.0,22.0
2026-08-05 02:07:46,-16.3,-18.9,5.0,5.0,22.0
2026-08-05 02:06:46,-16.2,-18.9,5.0,5.0,22.0
2026-08-05 02:05:46,-16.2,-18.8,5.0,5.0,23.0
2026-08-05 02:04:46,-16.1,-18.7,5.0,5.0,23.0
2026-08-05 02:03:46,-16.0,-18.6,4.0,5.0,23.0
2026-08-05 02:02:46,-16.0,-18.5,4.0,5.0,24.0
2026-08-05 02:01:46,-15.9,-18.5,4.0,5.0,24.0
2026-08-05 02:00:46,-15.8,-18.4,4.0,5.0,24.0
2026-08-05 01:59:46,-15.8,-18.3,3.0,4.0,26.0
2026-08-05 01:58:46,-15.8,-18.2,2.0,4.0,27.0
2026-08-05 01:57:46,-15.9,-18.1,1.0,4.0,29.0
2026-08-05 01:56:46,-16.1,-18.1,1.0,4.0,32.0
2026-08-05 01:55:46,-16.2,-18.2,1.0,4.0,31.0
2026-08-05 01:54:46,-16.3,-18.4,1.0,4.0,30.0
2026-08-05 01:53:46,-16.4,-18.5,2.0,4.0,30.0
2026-08-05 01:52:46,-16.5,-18.7,2.0,4.0,28.0
2026-08-05 01:51:46,-16.6,-18.9,4.0,5.0,27.0
2026-08-05 01:50:46,-16.5,-19.0,5.0,5.0,24.0
2026-08-05 01:49:46,-16.5,-19.1,6.0,5.0,22.0
2026-08-05 01:48:46,-16.4,-19.0,6.0,5.0,22.0
2026-08-05 01:47:46,-16.3,-19.0,5.0,5.0,22.0
2026-08-05 01:46:46,-16.3,-18.9,5.0,5.0,22.0
2026-08-05 01:45:46,-16.2,-18.8,5.0,5.0,22.0
2026-08-05 01:44:46,-16.2,-18.8,5.0,5.0,22.0
2026-08-05 01:43:46,-16.1,-18.7,5.0,5.0,23.0
2026-08-05 01:42:46,-16.0,-18.6,5.0,5.0,24.0
2026-08-05 01:41:46,-15.9,-18.5,5.0,5.0,23.0
2026-08-05 01:40:46,-15.8,-18.4,4.0,5.0,23.0
2026-08-05 01:39:46,-15.7,-18.3,4.0,5.0,23.0
2026-08-05 01:38:46,-15.7,-18.3,4.0,5.0,24.0
2026-08-05 01:37:46,-15.6,-18.2,4.0,5.0,24.0
2026-08-05 01:36:46,-15.6,-18.1,3.0,4.0,26.0
2026-08-05 01:35:46,-15.6,-18.0,2.0,4.0,27.0
2026-08-05 01:34:46,-15.6,-17.9,1.0,4.0,28.0
2026-08-05 01:33:46,-15.8,-17.9,1.0,4.0,32.0
2026-08-05 01:32:46,-15.9,-18.0,1.0,4.0,31.0
2026-08-05 01:31:46,-16.0,-18.1,1.0,4.0,30.0
2026-08-05 01:30:46,-16.2,-18.3,2.0,4.0,30.0
2026-08-05 01:29:46,-16.3,-18.4,2.0,4.0,29.0
2026-08-05 01:28:46,-16.3,-18.6,3.0,4.0,27.0
2026-08-05 01:27:46,-16.3,-18.7,4.0,5.0,25.0
2026-08-05 01:26:46,-16.3,-18.9,6.0,5.0,22.0
2026-08-05 01:25:46,-16.2,-18.8,6.0,5.0,22.0
2026-08-05 01:24:46,-16.1,-18.7,5.0,5.0,23.0
2026-08-05 01:23:46,-16.1,-18.7,5.0,5.0,23.0
2026-08-05 01:22:46,-16.0,-18.6,5.0,5.0,22.0
2026-08-05 01:21:46,-16.0,-18.5,5.0,5.0,23.0
2026-08-05 01:20:46,-15.9,-18.5,5.0,5.0,23.0
2026-08-05 01:19:46,-15.8,-18.4,5.0,5.0,23.0
2026-08-05 01:18:46,-15.7,-18.3,5.0,5.0,23.0
2026-08-05 01:17:46,-15.6,-18.2,4.0,5.0,23.0
2026-08-05 01:16:46,-15.6,-18.1,3.0,5.0,24.0
2026-08-05 01:15:46,-15.4,-18.0,4.0,8.0,25.0
2026-08-05 01:14:46,-15.4,-17.9,4.0,5.0,25.0
2026-08-05 01:13:46,-15.4,-17.8,3.0,4.0,26.0
2026-08-05 01:12:46,-15.4,-17.7,2.0,4.0,27.0
2026-08-05 01:11:46,-15.4,-17.6,1.0,4.0,30.0
2026-08-05 01:10:46,-15.6,-17.6,0.0,4.0,32.0
2026-08-05 01:09:46,-15.7,-17.7,1.0,7.0,32.0
2026-08-05 01:08:46,-15.8,-17.9,1.0,7.0,31.0
2026-08-05 01:07:46,-16.0,-18.0,2.0,4.0,30.0
2026-08-05 01:06:46,-16.0,-18.2,2.0,4.0,29.0
2026-08-05 01:05:46,-16.1,-18.4,3.0,4.0,28.0
2026-08-05 01:04:46,-16.1,-18.5,4.0,5.0,26.0
2026-08-05 01:03:46,-16.0,-18.6,6.0,5.0,22.0
2026-08-05 01:02:46,-16.0,-18.6,6.0,5.0,22.0
2026-08-05 01:01:46,-15.9,-18.5,5.0,5.0,22.0
2026-08-05 01:00:46,-15.8,-18.4,5.0,5.0,22.0
2026-08-05 00:59:46,-15.8,-18.3,5.0,5.0,23.0
2026-08-05 00:58:46,-15.7,-18.3,5.0,5.0,23.0
2026-08-05 00:57:46,-15.6,-18.2,5.0,5.0,23.0
2026-08-05 00:56:46,-15.5,-18.1,5.0,5.0,23.0
2026-08-05 00:55:46,-15.4,-18.0,5.0,5.0,23.0
2026-08-05 00:54:46,-15.4,-17.9,4.0,5.0,24.0
2026-08-05 00:53:46,-15.3,-17.8,4.0,5.0,24.0
2026-08-05 00:52:46,-15.2,-17.7,4.0,5.0,24.0
2026-08-05 00:51:46,-15.2,-17.6,3.0,5.0,26.0
2026-08-05 00:50:46,-15.2,-17.5,2.0,4.0,27.0
2026-08-05 00:49:46,-15.2,-17.5,2.0,4.0,28.0
2026-08-05 00:48:46,-15.3,-17.4,1.0,4.0,30.0
2026-08-05 00:47:46,-15.4,-17.4,1.0,4.0,32.0
2026-08-05 00:46:46,-15.5,-17.6,1.0,4.0,31.0
2026-08-05 00:45:46,-15.6,-17.7,2.0,4.0,31.0
2026-08-05 00:44:46,-15.7,-17.8,2.0,4.0,30.0
2026-08-05 00:43:46,-15.8,-18.0,1.0,4.0,29.0
2026-08-05 00:42:46,-15.9,-18.1,4.0,8.0,28.0
2026-08-05 00:41:46,-15.8,-18.3,5.0,5.0,25.0
2026-08-05 00:40:46,-15.8,-18.3,6.0,5.0,22.0
2026-08-05 00:39:46,-15.7,-18.3,6.0,5.0,22.0
2026-08-05 00:38:46,-15.6,-18.2,5.0,5.0,23.0
2026-08-05 00:37:46,-15.5,-18.1,5.0,5.0,23.0
2026-08-05 00:36:46,-15.5,-18.0,5.0,5.0,23.0
2026-08-05 00:35:46,-15.4,-18.0,4.0,5.0,23.0
2026-08-05 00:34:46,-15.3,-17.8,5.0,8.0,24.0
2026-08-05 00:33:46,-15.2,-17.8,5.0,5.0,25.0
2026-08-05 00:32:46,-15.1,-17.7,4.0,5.0,25.0
2026-08-05 00:31:46,-15.0,-17.6,4.0,5.0,24.0
2026-08-05 00:30:46,-15.0,-17.5,4.0,5.0,26.0
2026-08-05 00:29:46,-14.9,-17.4,4.0,5.0,26.0
2026-08-05 00:28:46,-14.9,-17.3,3.0,4.0,26.0
2026-08-05 00:27:46,-14.8,-17.2,2.0,4.0,27.0
2026-08-05 00:26:46,-14.9,-17.1,1.0,4.0,30.0
2026-08-05 00:25:46,-15.0,-17.0,1.0,4.0,33.0
2026-08-05 00:24:46,-15.1,-17.1,0.0,3.0,33.0
2026-08-05 00:23:46,-15.1,-17.3,1.0,5.0,34.0
2026-08-05 00:22:46,-15.3,-17.4,1.0,4.0,31.0
2026-08-05 00:21:46,-15.4,-17.5,2.0,4.0,31.0
2026-08-05 00:20:46,-15.5,-17.6,2.0,4.0,30.0
2026-08-05 00:19:46,-15.6,-17.8,3.0,4.0,28.0
2026-08-05 00:18:46,-15.6,-17.9,4.0,5.0,27.0
2026-08-05 00:17:46,-15.5,-18.0,6.0,5.0,23.0
2026-08-05 00:16:46,-15.4,-18.0,6.0,5.0,23.0
2026-08-05 00:15:46,-15.4,-17.9,5.0,5.0,23.0
2026-08-05 00:14:46,-15.3,-17.8,5.0,5.0,23.0
2026-08-05 00:13:46,-15.2,-17.7,5.0,5.0,23.0
2026-08-05 00:12:46,-15.1,-17.7,4.0,5.0,23.0
2026-08-05 00:11:46,-15.0,-17.6,5.0,8.0,25.0
2026-08-05 00:10:46,-14.9,-17.5,5.0,5.0,24.0
2026-08-05 00:09:46,-14.8,-17.4,4.0,5.0,24.0
2026-08-05 00:08:46,-14.8,-17.3,4.0,5.0,24.0
2026-08-05 00:07:46,-14.4,-17.4,3.0,6.0,27.0
2026-08-05 00:06:46,-14.3,-17.3,4.0,8.0,27.0
2026-08-05 00:05:46,-14.5,-17.0,3.0,5.0,27.0
2026-08-05 00:04:46,-14.5,-16.9,2.0,4.0,27.0
2026-08-05 00:03:46,-14.5,-16.7,2.0,4.0,29.0
2026-08-05 00:02:46,-14.6,-16.6,1.0,4.0,31.0
2026-08-05 00:01:46,-14.7,-16.6,0.0,4.0,34.0
2026-08-05 00:00:46,-14.6,-17.0,1.0,7.0,34.0
2026-08-04 23:59:46,-14.9,-16.9,1.0,4.0,33.0
2026-08-04 23:58:46,-14.9,-17.0,1.0,4.0,31.0
2026-08-04 23:57:46,-15.0,-17.1,2.0,4.0,31.0
2026-08-04 23:56:46,-15.1,-17.2,2.0,4.0,30.0
2026-08-04 23:55:46,-15.1,-17.4,3.0,4.0,29.0
2026-08-04 23:54:46,-14.8,-17.9,4.0,6.0,28.0
2026-08-04 23:53:46,-14.8,-17.9,6.0,9.0,25.0
2026-08-04 23:52:46,-15.0,-17.6,5.0,5.0,23.0
2026-08-04 23:51:46,-14.9,-17.5,5.0,5.0,23.0
2026-08-04 23:50:46,-14.9,-17.4,5.0,5.0,23.0
2026-08-04 23:49:46,-14.7,-17.3,5.0,5.0,24.0
2026-08-04 23:48:46,-14.7,-17.2,5.0,5.0,24.0
2026-08-04 23:47:46,-14.6,-17.1,5.0,5.0,24.0
2026-08-04 23:46:46,-14.5,-17.0,5.0,5.0,24.0
2026-08-04 23:45:46,-14.4,-16.9,4.0,5.0,25.0
2026-08-04 23:44:46,-14.3,-16.8,4.0,5.0,26.0
2026-08-04 23:43:46,-14.1,-16.7,4.0,5.0,26.0
2026-08-04 23:42:46,-14.0,-16.6,3.0,5.0,27.0
2026-08-04 23:41:46,-13.9,-16.4,3.0,4.0,28.0
2026-08-04 23:40:46,-13.9,-16.3,2.0,4.0,29.0
2026-08-04 23:39:46,-13.8,-16.2,1.0,4.0,30.0
2026-08-04 23:38:46,-13.9,-16.0,0.0,4.0,33.0
2026-08-04 23:37:46,-14.0,-16.0,0.0,3.0,36.0
2026-08-04 23:36:46,-14.1,-16.1,0.0,3.0,36.0
2026-08-04 23:35:46,-14.1,-16.2,1.0,4.0,35.0
2026-08-04 23:34:46,-14.3,-16.2,1.0,4.0,35.0
2026-08-04 23:33:46,-14.3,-16.2,1.0,4.0,35.0
2026-08-04 23:32:46,-14.1,-16.8,1.0,5.0,36.0
2026-08-04 23:31:46,-14.2,-16.9,2.0,5.0,35.0
2026-08-04 23:30:46,-14.6,-16.5,1.0,4.0,34.0
2026-08-04 23:29:46,-14.3,-17.2,2.0,6.0,34.0
2026-08-04 23:28:46,-14.4,-17.3,2.0,6.0,34.0
2026-08-04 23:27:46,-14.5,-17.4,3.0,5.0,33.0
2026-08-04 23:26:46,-14.6,-17.5,2.0,6.0,33.0
2026-08-04 23:25:46,-14.7,-17.6,4.0,9.0,31.0
2026-08-04 23:24:46,-14.7,-17.7,5.0,6.0,29.0
2026-08-04 23:23:46,-14.8,-17.8,5.0,7.0,29.0
2026-08-04 23:22:46,-14.7,-17.8,7.0,7.0,24.0
2026-08-04 23:21:46,-14.7,-17.8,7.0,7.0,24.0
2026-08-04 23:20:46,-14.6,-17.7,6.0,6.0,24.0
2026-08-04 23:19:46,-14.6,-17.5,6.0,9.0,26.0
2026-08-04 23:18:46,-14.9,-17.2,6.0,5.0,23.0
2026-08-04 23:17:46,-14.7,-17.1,6.0,5.0,24.0
2026-08-04 23:16:46,-14.4,-17.0,6.0,5.0,24.0
2026-08-04 23:15:46,-13.9,-16.6,6.0,5.0,24.0
2026-08-04 23:14:46,-13.0,-16.3,5.0,6.0,26.0
2026-08-04 23:13:46,-12.2,-15.2,6.0,9.0,26.0
2026-08-04 23:12:46,-14.5,-17.1,4.0,5.0,23.0
2026-08-04 23:11:46,-14.3,-17.1,6.0,6.0,27.0
2026-08-04 23:10:46,-14.3,-273.2,5.0,6.0,24.0
2026-08-04 23:09:46,-14.2,-273.2,5.0,6.0,25.0
2026-08-04 23:08:46,-14.1,-273.2,5.0,6.0,25.0
2026-08-04 23:07:46,-14.0,-273.2,5.0,6.0,25.0
2026-08-04 23:06:46,-13.8,-273.2,4.0,6.0,26.0
2026-08-04 23:05:46,-13.8,-273.2,4.0,6.0,26.0
2026-08-04 23:04:46,-13.7,-273.2,4.0,6.0,27.0
2026-08-04 23:03:50,-13.5,-273.2,3.0,6.0,27.0
2026-08-04 23:02:46,-13.4,-273.2,3.0,5.0,28.0
2026-08-04 23:01:46,-13.3,-273.2,2.0,5.0,29.0
2026-08-04 23:00:46,-13.3,-273.2,2.0,5.0,30.0
2026-08-04 22:59:46,-13.3,-273.2,1.0,5.0,32.0
2026-08-04 22:58:46,-13.4,-273.2,0.0,4.0,37.0
2026-08-04 22:57:46,-13.5,-273.2,0.0,4.0,37.0
2026-08-04 22:56:46,-13.5,-273.2,0.0,4.0,36.0
2026-08-04 22:55:46,-13.6,-273.2,0.0,5.0,35.0
2026-08-04 22:54:46,-13.7,-273.2,1.0,5.0,35.0
2026-08-04 22:53:46,-13.8,-273.2,1.0,5.0,34.0
2026-08-04 22:52:46,-13.9,-273.2,3.0,6.0,32.0
2026-08-04 22:51:46,-14.0,-273.2,2.0,5.0,34.0
2026-08-04 22:50:46,-14.1,-273.2,1.0,5.0,35.0
2026-08-04 22:49:46,-14.1,-273.2,1.0,5.0,35.0
2026-08-04 22:48:46,-14.2,-273.2,1.0,5.0,35.0
2026-08-04 22:47:46,-14.3,-273.2,1.0,5.0,34.0
2026-08-04 22:46:46,-14.4,-273.2,2.0,5.0,34.0
2026-08-04 22:45:46,-14.4,-273.2,2.0,5.0,33.0
2026-08-04 22:44:46,-14.6,-273.2,2.0,5.0,33.0
2026-08-04 22:43:46,-14.6,-273.2,2.0,5.0,32.0
2026-08-04 22:42:46,-14.8,-273.2,3.0,6.0,32.0
2026-08-04 22:41:46,-14.7,-273.2,3.0,6.0,31.0
2026-08-04 22:40:46,-15.0,-273.2,4.0,6.0,29.0
2026-08-04 22:39:46,-15.0,-273.2,4.0,6.0,28.0
2026-08-04 22:38:46,-15.0,-273.2,5.0,6.0,26.0
2026-08-04 22:37:46,-14.9,-17.6,6.0,6.0,23.0
2026-08-04 22:36:46,-14.9,-17.5,6.0,6.0,23.0
2026-08-04 22:35:46,-14.7,-17.4,6.0,7.0,23.0
2026-08-04 22:34:46,-14.7,-273.2,4.0,5.0,22.0
2026-08-04 22:33:46,-14.6,-17.1,4.0,5.0,22.0
2026-08-04 22:32:46,-14.5,-17.0,4.0,5.0,22.0
2026-08-04 22:31:46,-14.4,-16.9,4.0,5.0,22.0
2026-08-04 22:30:46,-14.4,-16.8,4.0,5.0,22.0
2026-08-04 22:29:46,-14.3,-16.7,4.0,5.0,22.0
2026-08-04 22:28:46,-14.2,-16.6,3.0,5.0,23.0
2026-08-04 22:27:46,-14.1,-16.5,3.0,5.0,23.0
2026-08-04 22:26:46,-14.0,-16.4,3.0,5.0,23.0
2026-08-04 22:25:46,-13.9,-16.3,3.0,5.0,23.0
2026-08-04 22:24:46,-13.8,-16.1,3.0,5.0,24.0
2026-08-04 22:23:46,-13.7,-16.0,3.0,5.0,24.0
2026-08-04 22:22:46,-13.6,-15.9,2.0,5.0,24.0
2026-08-04 22:21:46,-13.5,-15.7,2.0,4.0,25.0
2026-08-04 22:20:46,-13.5,-15.6,1.0,4.0,26.0
2026-08-04 22:19:46,-13.3,-15.5,1.0,5.0,26.0
2026-08-04 22:18:46,-13.2,-15.4,1.0,4.0,27.0
2026-08-04 22:17:46,-13.1,-15.3,1.0,4.0,28.0
2026-08-04 22:16:46,-12.9,-15.1,0.0,4.0,30.0
2026-08-04 22:15:46,-12.9,-14.9,0.0,4.0,32.0
2026-08-04 22:14:46,-12.8,-14.8,0.0,3.0,36.0
2026-08-04 22:13:46,-12.7,-14.7,0.0,3.0,36.0
2026-08-04 22:12:46,-12.6,-14.7,0.0,3.0,35.0
2026-08-04 22:11:46,-12.4,-14.6,0.0,3.0,35.0
2026-08-04 22:10:46,-12.0,-14.4,0.0,3.0,34.0
2026-08-04 22:09:46,-11.5,-14.1,0.0,3.0,34.0
2026-08-04 22:08:46,-10.8,-13.6,0.0,3.0,33.0
2026-08-04 22:07:46,-9.4,-12.7,0.0,4.0,31.0
2026-08-04 22:06:46,-14.0,-15.8,0.0,3.0,32.0
2026-08-04 22:05:46,-14.2,-16.1,0.0,4.0,32.0
2026-08-04 22:04:46,-14.4,-16.1,0.0,4.0,31.0
2026-08-04 22:03:46,-14.5,-16.2,2.0,5.0,29.0
2026-08-04 22:02:46,-14.6,-16.5,1.0,4.0,31.0
2026-08-04 22:01:46,-14.8,-16.6,0.0,4.0,32.0
2026-08-04 22:00:46,-14.9,-16.7,0.0,4.0,30.0
2026-08-04 21:59:46,-15.1,-16.8,1.0,4.0,29.0
2026-08-04 21:58:46,-15.2,-17.1,0.0,4.0,31.0
2026-08-04 21:57:46,-15.4,-17.2,0.0,4.0,30.0
2026-08-04 21:56:46,-15.5,-17.4,1.0,5.0,28.0
2026-08-04 21:55:46,-15.6,-17.5,3.0,5.0,26.0
2026-08-04 21:54:46,-15.7,-17.8,1.0,4.0,27.0
2026-08-04 21:53:46,-15.7,-18.0,1.0,4.0,26.0
2026-08-04 21:52:46,-15.7,-18.1,2.0,4.0,24.0
2026-08-04 21:51:46,-15.6,-18.2,4.0,4.0,21.0
2026-08-04 21:50:46,-15.5,-18.1,3.0,4.0,21.0
2026-08-04 21:49:46,-15.4,-18.0,3.0,4.0,21.0
2026-08-04 21:48:46,-15.3,-17.9,3.0,5.0,21.0
2026-08-04 21:47:46,-15.3,-17.9,3.0,4.0,21.0
2026-08-04 21:46:46,-15.2,-17.7,3.0,4.0,21.0
2026-08-04 21:45:46,-15.1,-17.6,3.0,4.0,22.0
2026-08-04 21:44:46,-15.1,-17.5,3.0,4.0,22.0
2026-08-04 21:43:46,-15.0,-17.4,2.0,4.0,22.0
2026-08-04 21:42:46,-15.0,-17.3,2.0,4.0,22.0
2026-08-04 21:41:46,-14.9,-17.2,2.0,4.0,23.0
2026-08-04 21:40:46,-14.8,-17.1,2.0,4.0,24.0
2026-08-04 21:39:46,-14.7,-17.0,1.0,4.0,24.0
2026-08-04 21:38:46,-14.6,-16.8,1.0,4.0,25.0
2026-08-04 21:37:46,-14.5,-16.7,0.0,4.0,26.0
2026-08-04 21:36:46,-14.5,-16.6,0.0,4.0,28.0
2026-08-04 21:35:46,-14.5,-16.4,0.0,3.0,32.0
2026-08-04 21:34:46,-14.5,-16.4,0.0,4.0,33.0
2026-08-04 21:33:46,-14.5,-16.4,0.0,3.0,32.0
2026-08-04 21:32:46,-14.4,-16.4,0.0,3.0,32.0
2026-08-04 21:31:46,-14.3,-16.4,0.0,3.0,32.0
2026-08-04 21:30:46,-14.1,-16.3,0.0,4.0,31.0
2026-08-04 21:29:46,-13.8,-16.2,0.0,4.0,30.0
2026-08-04 21:28:46,-13.3,-15.9,0.0,4.0,28.0
2026-08-04 21:27:46,-12.3,-15.3,2.0,5.0,26.0
2026-08-04 21:26:46,-12.1,-15.9,0.0,4.0,28.0
2026-08-04 21:25:46,-16.1,-18.0,0.0,4.0,27.0
2026-08-04 21:24:46,-16.1,-18.2,1.0,4.0,26.0
2026-08-04 21:23:46,-16.1,-18.3,2.0,4.0,23.0
2026-08-04 21:22:46,-16.0,-18.4,4.0,4.0,20.0
2026-08-04 21:21:46,-16.0,-18.3,4.0,4.0,20.0
2026-08-04 21:20:46,-15.8,-18.2,4.0,4.0,20.0
2026-08-04 21:19:46,-15.8,-18.1,3.0,4.0,20.0
2026-08-04 21:18:46,-15.7,-18.0,3.0,4.0,21.0
2026-08-04 21:17:46,-15.6,-17.9,3.0,4.0,21.0
2026-08-04 21:16:46,-15.5,-17.9,3.0,4.0,21.0
2026-08-04 21:15:46,-15.4,-17.7,3.0,4.0,21.0
2026-08-04 21:14:46,-15.3,-17.6,3.0,4.0,21.0
2026-08-04 21:13:46,-15.2,-17.6,2.0,5.0,22.0
2026-08-04 21:12:46,-15.1,-17.4,2.0,5.0,22.0
2026-08-04 21:11:46,-15.1,-17.3,2.0,4.0,22.0
2026-08-04 21:10:46,-15.0,-17.2,2.0,4.0,23.0
2026-08-04 21:09:46,-15.0,-17.1,1.0,4.0,23.0
2026-08-04 21:08:46,-14.9,-17.0,0.0,4.0,25.0
2026-08-04 21:07:46,-15.0,-17.0,0.0,4.0,27.0
2026-08-04 21:06:46,-15.2,-17.0,0.0,3.0,31.0
2026-08-04 21:05:46,-15.3,-17.0,0.0,3.0,31.0
2026-08-04 21:04:46,-15.4,-17.2,0.0,3.0,30.0
2026-08-04 21:03:52,-15.5,-17.3,0.0,4.0,29.0
2026-08-04 21:02:46,-15.6,-17.4,0.0,4.0,28.0
2026-08-04 21:01:46,-15.7,-17.6,0.0,4.0,28.0
2026-08-04 21:00:46,-15.8,-17.7,0.0,4.0,27.0
2026-08-04 20:59:46,-15.8,-17.9,1.0,4.0,26.0
2026-08-04 20:58:46,-15.7,-18.0,2.0,4.0,23.0
2026-08-04 20:57:46,-15.7,-18.0,4.0,4.0,20.0
2026-08-04 20:56:46,-15.6,-17.9,4.0,4.0,20.0
2026-08-04 20:55:46,-15.5,-17.9,3.0,5.0,20.0
2026-08-04 20:54:46,-15.4,-17.8,3.0,4.0,21.0
2026-08-04 20:53:46,-15.3,-17.7,3.0,4.0,21.0
2026-08-04 20:52:46,-15.2,-17.6,3.0,4.0,21.0
2026-08-04 20:51:46,-15.1,-17.5,3.0,4.0,21.0
2026-08-04 20:50:46,-15.0,-17.4,2.0,5.0,21.0
2026-08-04 20:49:46,-14.9,-17.3,2.0,4.0,22.0
2026-08-04 20:48:46,-14.9,-17.1,2.0,4.0,22.0
2026-08-04 20:47:46,-14.7,-17.0,2.0,4.0,23.0
2026-08-04 20:46:46,-14.7,-16.9,2.0,4.0,23.0
2026-08-04 20:45:46,-14.6,-16.8,1.0,4.0,24.0
2026-08-04 20:44:46,-14.6,-16.7,0.0,4.0,25.0
2026-08-04 20:43:46,-14.6,-16.6,0.0,3.0,27.0
2026-08-04 20:42:46,-14.8,-16.6,0.0,3.0,30.0
2026-08-04 20:41:46,-14.9,-16.6,0.0,3.0,31.0
2026-08-04 20:40:46,-15.0,-16.7,0.0,3.0,31.0
2026-08-04 20:39:46,-15.1,-16.9,0.0,3.0,31.0
2026-08-04 20:38:46,-15.2,-16.9,0.0,4.0,30.0
2026-08-04 20:37:46,-15.3,-17.1,0.0,4.0,29.0
2026-08-04 20:36:46,-15.4,-17.2,0.0,4.0,29.0
2026-08-04 20:35:46,-15.4,-17.4,0.0,4.0,28.0
2026-08-04 20:34:46,-15.5,-17.5,0.0,4.0,27.0
2026-08-04 20:33:46,-15.5,-17.6,2.0,4.0,24.0
2026-08-04 20:32:46,-15.4,-17.7,3.0,5.0,21.0
2026-08-04 20:31:46,-15.3,-17.7,4.0,5.0,20.0
2026-08-04 20:30:46,-15.2,-17.5,3.0,5.0,21.0
2026-08-04 20:29:46,-15.1,-17.5,3.0,4.0,21.0
2026-08-04 20:28:46,-15.1,-17.3,3.0,4.0,21.0
2026-08-04 20:27:46,-15.0,-17.2,3.0,4.0,21.0
2026-08-04 20:26:46,-14.9,-17.2,3.0,4.0,21.0
2026-08-04 20:25:46,-14.8,-17.1,3.0,4.0,21.0
2026-08-04 20:24:46,-14.7,-16.9,2.0,4.0,22.0
2026-08-04 20:23:46,-14.5,-16.8,2.0,4.0,22.0
2026-08-04 20:22:46,-14.5,-16.7,2.0,4.0,23.0
2026-08-04 20:21:46,-14.3,-16.6,2.0,4.0,23.0
2026-08-04 20:20:46,-14.3,-16.5,1.0,4.0,24.0
2026-08-04 20:19:46,-14.3,-16.3,0.0,4.0,25.0
2026-08-04 20:18:46,-14.3,-16.3,0.0,4.0,27.0
2026-08-04 20:17:46,-14.5,-16.2,0.0,3.0,31.0
2026-08-04 20:16:46,-14.6,-16.3,0.0,3.0,32.0
2026-08-04 20:15:46,-14.7,-16.4,0.0,3.0,31.0
2026-08-04 20:14:46,-14.8,-16.5,0.0,3.0,31.0
2026-08-04 20:13:46,-14.8,-16.6,0.0,4.0,30.0
2026-08-04 20:12:46,-14.9,-16.7,0.0,4.0,30.0
2026-08-04 20:11:46,-15.0,-16.8,0.0,4.0,29.0
2026-08-04 20:10:46,-15.1,-17.0,0.0,4.0,28.0
2026-08-04 20:09:46,-15.2,-17.1,0.0,4.0,27.0
2026-08-04 20:08:46,-15.1,-17.2,1.0,4.0,25.0
2026-08-04 20:07:46,-15.1,-17.3,3.0,5.0,23.0
2026-08-04 20:06:46,-15.0,-17.3,3.0,5.0,21.0
2026-08-04 20:05:46,-14.9,-17.2,3.0,5.0,21.0
2026-08-04 20:04:46,-14.8,-17.1,3.0,5.0,21.0
2026-08-04 20:03:46,-14.7,-17.0,3.0,5.0,21.0
2026-08-04 20:02:46,-14.6,-16.9,3.0,5.0,21.0
2026-08-04 20:01:46,-14.5,-16.8,3.0,4.0,22.0
2026-08-04 20:00:46,-14.4,-16.7,3.0,4.0,22.0
2026-08-04 19:59:46,-14.3,-16.6,2.0,4.0,22.0
2026-08-04 19:58:46,-14.2,-16.4,2.0,4.0,23.0
2026-08-04 19:57:46,-14.1,-16.4,2.0,4.0,23.0
2026-08-04 19:56:46,-14.0,-16.2,1.0,4.0,23.0
2026-08-04 19:55:46,-13.9,-16.1,1.0,4.0,24.0
2026-08-04 19:54:46,-13.9,-16.0,0.0,4.0,26.0
2026-08-04 19:53:46,-14.0,-15.9,0.0,3.0,28.0
2026-08-04 19:52:46,-14.1,-15.8,0.0,3.0,32.0
2026-08-04 19:51:46,-14.2,-15.9,0.0,3.0,32.0
2026-08-04 19:50:46,-14.3,-16.0,0.0,4.0,32.0
2026-08-04 19:49:46,-14.3,-16.1,0.0,4.0,31.0
2026-08-04 19:48:46,-14.4,-16.2,0.0,4.0,31.0
2026-08-04 19:47:46,-14.5,-16.3,0.0,4.0,31.0
2026-08-04 19:46:46,-14.6,-16.4,0.0,4.0,30.0
2026-08-04 19:45:46,-14.7,-16.5,0.0,4.0,29.0
2026-08-04 19:44:46,-14.8,-16.6,0.0,4.0,28.0
2026-08-04 19:43:46,-14.8,-16.8,0.0,4.0,27.0
2026-08-04 19:42:46,-14.8,-16.9,1.0,5.0,26.0
2026-08-04 19:41:46,-14.7,-16.9,3.0,5.0,22.0
2026-08-04 19:40:46,-14.6,-16.8,3.0,5.0,21.0
2026-08-04 19:39:46,-14.5,-16.7,3.0,5.0,21.0
2026-08-04 19:38:46,-14.4,-16.6,3.0,5.0,21.0
2026-08-04 19:37:46,-14.2,-16.5,3.0,4.0,22.0
2026-08-04 19:36:46,-14.1,-16.4,3.0,4.0,22.0
2026-08-04 19:35:46,-14.0,-16.3,2.0,4.0,22.0
2026-08-04 19:34:46,-13.9,-16.2,2.0,4.0,23.0
2026-08-04 19:33:46,-13.8,-16.0,2.0,4.0,23.0
2026-08-04 19:32:46,-13.7,-15.9,2.0,4.0,23.0
2026-08-04 19:31:46,-13.6,-15.8,1.0,4.0,24.0
2026-08-04 19:30:46,-13.5,-15.6,0.0,4.0,26.0
2026-08-04 19:29:46,-13.6,-15.5,0.0,4.0,27.0
2026-08-04 19:28:46,-13.6,-15.4,0.0,3.0,30.0
2026-08-04 19:27:46,-13.7,-15.4,0.0,3.0,33.0
2026-08-04 19:26:46,-13.8,-15.5,0.0,3.0,33.0
2026-08-04 19:25:46,-13.9,-15.5,0.0,3.0,33.0
2026-08-04 19:24:46,-13.9,-15.6,0.0,4.0,32.0
2026-08-04 19:23:46,-14.0,-15.7,0.0,4.0,31.0
2026-08-04 19:22:46,-14.0,-15.8,0.0,4.0,32.0
2026-08-04 19:21:46,-14.1,-15.9,0.0,4.0,31.0
2026-08-04 19:20:46,-14.2,-16.0,0.0,4.0,31.0
2026-08-04 19:19:46,-14.3,-16.1,0.0,4.0,30.0
2026-08-04 19:18:46,-14.3,-16.2,0.0,4.0,29.0
2026-08-04 19:17:46,-14.4,-16.3,0.0,4.0,28.0
2026-08-04 19:16:46,-14.3,-16.4,1.0,5.0,26.0
2026-08-04 19:15:46,-14.2,-16.4,3.0,5.0,23.0
2026-08-04 19:14:46,-14.1,-16.4,3.0,5.0,22.0
2026-08-04 19:13:46,-14.0,-16.2,3.0,5.0,22.0
2026-08-04 19:12:46,-13.8,-16.1,3.0,5.0,22.0
2026-08-04 19:11:46,-13.7,-16.0,3.0,5.0,23.0
2026-08-04 19:10:46,-13.6,-15.8,2.0,4.0,23.0
2026-08-04 19:09:46,-13.5,-15.7,2.0,5.0,23.0
2026-08-04 19:08:46,-13.4,-15.6,1.0,5.0,24.0
2026-08-04 19:07:46,-13.3,-15.4,1.0,4.0,24.0
2026-08-04 19:06:46,-13.2,-15.3,1.0,4.0,26.0
2026-08-04 19:05:46,-13.1,-15.1,0.0,4.0,27.0
2026-08-04 19:04:46,-13.1,-15.0,0.0,4.0,28.0
2026-08-04 19:03:46,-13.2,-14.9,0.0,3.0,31.0
2026-08-04 19:02:46,-13.2,-14.9,0.0,3.0,34.0
2026-08-04 19:01:46,-13.3,-14.9,0.0,3.0,34.0
2026-08-04 19:00:46,-13.3,-15.0,0.0,3.0,34.0
2026-08-04 18:59:46,-13.4,-15.0,0.0,4.0,33.0
2026-08-04 18:58:46,-13.5,-15.1,0.0,4.0,33.0
2026-08-04 18:57:46,-13.5,-15.1,0.0,4.0,33.0
2026-08-04 18:56:46,-13.5,-15.2,0.0,4.0,33.0
2026-08-04 18:55:46,-13.6,-15.3,0.0,4.0,33.0
2026-08-04 18:54:46,-13.6,-15.3,0.0,4.0,32.0
2026-08-04 18:53:46,-13.7,-15.4,0.0,4.0,32.0
2026-08-04 18:52:46,-13.8,-15.5,0.0,4.0,32.0
2026-08-04 18:51:46,-13.9,-15.6,0.0,4.0,31.0
2026-08-04 18:50:46,-13.9,-15.7,0.0,4.0,30.0
2026-08-04 18:49:46,-14.0,-15.8,0.0,4.0,29.0
2026-08-04 18:48:46,-14.0,-15.9,0.0,5.0,29.0
2026-08-04 18:47:46,-14.0,-16.0,1.0,5.0,27.0
2026-08-04 18:46:46,-13.9,-16.1,3.0,5.0,24.0
2026-08-04 18:45:46,-13.7,-16.0,3.0,5.0,22.0
2026-08-04 18:44:46,-13.6,-15.9,3.0,5.0,22.0
2026-08-04 18:43:46,-13.5,-15.7,3.0,5.0,23.0
2026-08-04 18:42:46,-13.4,-15.6,3.0,5.0,23.0
2026-08-04 18:41:46,-13.2,-15.5,3.0,5.0,23.0
2026-08-04 18:40:46,-13.1,-15.3,2.0,5.0,24.0
2026-08-04 18:39:46,-13.0,-15.2,2.0,5.0,24.0
2026-08-04 18:38:46,-12.8,-15.0,1.0,4.0,25.0
2026-08-04 18:37:46,-12.7,-14.9,1.0,4.0,26.0
2026-08-04 18:36:46,-12.6,-14.7,0.0,4.0,27.0
2026-08-04 18:35:46,-12.6,-14.6,0.0,4.0,29.0
2026-08-04 18:34:46,-12.7,-14.4,0.0,4.0,31.0
2026-08-04 18:33:46,-12.7,-14.4,0.0,3.0,35.0
2026-08-04 18:32:46,-12.7,-14.4,0.0,3.0,35.0
2026-08-04 18:31:46,-12.7,-14.4,0.0,4.0,35.0
2026-08-04 18:30:46,-12.8,-14.4,0.0,4.0,34.0
2026-08-04 18:29:46,-12.8,-14.4,0.0,4.0,35.0
2026-08-04 18:28:46,-12.8,-14.5,0.0,4.0,35.0
2026-08-04 18:27:46,-12.8,-14.5,0.0,4.0,35.0
2026-08-04 18:26:46,-12.8,-14.5,0.0,4.0,35.0
2026-08-04 18:25:46,-12.9,-14.5,0.0,4.0,34.0
2026-08-04 18:24:46,-12.9,-14.6,0.0,4.0,35.0
2026-08-04 18:23:46,-13.0,-14.6,0.0,4.0,35.0
2026-08-04 18:22:46,-13.0,-14.6,0.0,4.0,34.0
2026-08-04 18:21:46,-13.0,-14.7,0.0,4.0,34.0
2026-08-04 18:20:46,-13.1,-14.8,0.0,4.0,33.0
2026-08-04 18:19:46,-13.1,-14.8,0.0,4.0,34.0
2026-08-04 18:18:47,-13.2,-14.8,0.0,4.0,34.0
2026-08-04 18:17:46,-13.3,-14.9,0.0,4.0,33.0
2026-08-04 18:16:46,-13.3,-15.0,0.0,4.0,33.0
2026-08-04 18:15:46,-13.4,-15.1,0.0,4.0,32.0
2026-08-04 18:14:46,-13.5,-15.2,0.0,4.0,32.0
2026-08-04 18:13:46,-13.6,-15.3,0.0,4.0,32.0
2026-08-04 18:12:46,-13.7,-15.4,0.0,4.0,31.0
2026-08-04 18:11:46,-13.7,-15.5,0.0,4.0,29.0
2026-08-04 18:10:46,-13.7,-15.7,1.0,5.0,27.0
2026-08-04 18:09:46,-13.7,-15.8,2.0,5.0,26.0
2026-08-04 18:08:46,-13.5,-15.8,4.0,5.0,23.0
2026-08-04 18:07:46,-13.4,-15.6,4.0,5.0,23.0
2026-08-04 18:06:46,-13.3,-15.5,5.0,6.0,23.0
2026-08-04 18:05:46,-13.2,-15.4,4.0,5.0,21.0
2026-08-04 18:04:46,-13.1,-15.3,2.0,5.0,24.0
2026-08-04 18:03:46,-13.0,-15.1,1.0,5.0,25.0
2026-08-04 18:02:46,-12.9,-14.9,1.0,4.0,26.0
2026-08-04 18:01:46,-12.9,-14.8,0.0,4.0,28.0
2026-08-04 18:00:46,-13.0,-14.7,0.0,4.0,31.0
2026-08-04 17:59:46,-13.1,-14.7,0.0,4.0,34.0
2026-08-04 17:58:46,-13.1,-14.7,0.0,4.0,34.0
2026-08-04 17:57:46,-13.2,-14.8,0.0,5.0,34.0
2026-08-04 17:56:46,-13.3,-14.8,0.0,4.0,34.0
2026-08-04 17:55:46,-13.4,-14.9,0.0,4.0,33.0
2026-08-04 17:54:46,-13.4,-15.0,0.0,5.0,32.0
2026-08-04 17:53:46,-13.5,-15.1,0.0,5.0,31.0
2026-08-04 17:52:46,-13.6,-15.2,0.0,4.0,32.0
2026-08-04 17:51:46,-13.7,-15.3,0.0,4.0,32.0
2026-08-04 17:50:46,-13.8,-15.4,0.0,4.0,32.0
2026-08-04 17:49:46,-13.9,-15.5,0.0,4.0,31.0
2026-08-04 17:48:46,-14.0,-15.7,0.0,5.0,30.0
2026-08-04 17:47:46,-14.1,-15.8,0.0,5.0,29.0
2026-08-04 17:46:46,-14.2,-16.0,2.0,5.0,26.0
2026-08-04 17:45:46,-14.3,-16.2,3.0,5.0,24.0
2026-08-04 17:44:46,-14.2,-16.3,4.0,5.0,23.0
2026-08-04 17:43:46,-14.1,-16.4,5.0,5.0,20.0
2026-08-04 17:42:46,-14.0,-16.3,3.0,5.0,21.0
2026-08-04 17:41:46,-13.9,-16.2,3.0,5.0,21.0
2026-08-04 17:40:46,-13.8,-16.0,3.0,5.0,21.0
2026-08-04 17:39:46,-13.7,-15.9,2.0,5.0,22.0
2026-08-04 17:38:46,-13.6,-15.8,2.0,5.0,22.0
2026-08-04 17:37:46,-13.4,-15.7,2.0,4.0,22.0
2026-08-04 17:36:46,-13.4,-15.5,1.0,4.0,23.0
2026-08-04 17:35:46,-13.3,-15.4,1.0,4.0,24.0
2026-08-04 17:34:46,-13.3,-15.3,0.0,4.0,26.0
2026-08-04 17:33:46,-13.4,-15.2,0.0,4.0,27.0
2026-08-04 17:32:46,-13.5,-15.1,0.0,4.0,32.0
2026-08-04 17:31:46,-13.5,-15.2,0.0,4.0,31.0
2026-08-04 17:30:46,-13.6,-15.2,0.0,4.0,31.0
2026-08-04 17:29:46,-13.7,-15.3,0.0,4.0,31.0
2026-08-04 17:28:46,-13.7,-15.4,0.0,4.0,30.0
2026-08-04 17:27:46,-13.8,-15.5,0.0,4.0,30.0
2026-08-04 17:26:46,-13.9,-15.6,0.0,4.0,29.0
2026-08-04 17:25:46,-13.9,-15.7,0.0,4.0,29.0
2026-08-04 17:24:46,-14.0,-15.8,0.0,5.0,28.0
2026-08-04 17:23:46,-14.0,-15.9,1.0,5.0,26.0
2026-08-04 17:22:46,-13.9,-16.0,2.0,5.0,23.0
2026-08-04 17:21:46,-13.8,-16.0,3.0,5.0,21.0
2026-08-04 17:20:46,-13.6,-15.9,3.0,5.0,21.0
2026-08-04 17:19:46,-13.5,-15.7,3.0,5.0,21.0
2026-08-04 17:18:46,-13.4,-15.6,3.0,5.0,22.0
2026-08-04 17:17:46,-13.3,-15.5,2.0,5.0,22.0
2026-08-04 17:16:46,-13.2,-15.4,2.0,5.0,23.0
2026-08-04 17:15:46,-13.0,-15.2,2.0,5.0,23.0
2026-08-04 17:14:46,-12.9,-15.1,1.0,5.0,24.0
2026-08-04 17:13:46,-12.8,-14.9,1.0,5.0,24.0
2026-08-04 17:12:46,-12.9,-14.8,0.0,5.0,26.0
2026-08-04 17:11:46,-12.9,-14.7,0.0,4.0,28.0
2026-08-04 17:10:46,-13.0,-14.6,0.0,4.0,33.0
2026-08-04 17:09:46,-13.1,-14.6,0.0,4.0,33.0
2026-08-04 17:08:46,-13.1,-14.7,0.0,4.0,32.0
2026-08-04 17:07:46,-13.1,-14.8,0.0,4.0,32.0
2026-08-04 17:06:46,-13.2,-14.8,0.0,4.0,31.0
2026-08-04 17:05:46,-13.3,-14.9,0.0,4.0,32.0
2026-08-04 17:04:46,-13.3,-14.9,0.0,4.0,31.0
2026-08-04 17:03:46,-13.4,-15.0,0.0,4.0,31.0
2026-08-04 17:02:46,-13.5,-15.1,0.0,5.0,30.0
2026-08-04 17:01:46,-13.5,-15.2,0.0,5.0,29.0
2026-08-04 17:00:46,-13.6,-15.3,0.0,5.0,29.0
2026-08-04 16:59:46,-13.6,-15.4,0.0,5.0,28.0
2026-08-04 16:58:46,-13.6,-15.5,1.0,5.0,26.0
2026-08-04 16:57:46,-13.5,-15.6,3.0,5.0,23.0
2026-08-04 16:56:46,-13.3,-15.5,3.0,6.0,21.0
2026-08-04 16:55:46,-13.2,-15.4,3.0,5.0,22.0
2026-08-04 16:54:46,-13.1,-15.2,3.0,6.0,22.0
2026-08-04 16:53:46,-12.9,-15.1,3.0,5.0,22.0
2026-08-04 16:52:46,-12.8,-15.0,2.0,5.0,23.0
2026-08-04 16:51:46,-12.7,-14.8,2.0,5.0,24.0
2026-08-04 16:50:46,-12.6,-14.7,2.0,5.0,24.0
2026-08-04 16:49:46,-12.5,-14.5,1.0,6.0,25.0
2026-08-04 16:48:46,-12.5,-14.4,1.0,5.0,26.0
2026-08-04 16:47:46,-12.5,-14.2,0.0,5.0,28.0
2026-08-04 16:46:46,-12.6,-14.2,0.0,4.0,32.0
2026-08-04 16:45:46,-12.7,-14.2,0.0,4.0,33.0
2026-08-04 16:44:46,-12.8,-14.2,0.0,4.0,33.0
2026-08-04 16:43:46,-12.9,-14.3,0.0,5.0,32.0
2026-08-04 16:42:46,-13.0,-14.4,1.0,5.0,29.0
2026-08-04 16:41:46,-13.1,-14.6,1.0,5.0,30.0
2026-08-04 16:40:46,-13.2,-14.8,0.0,4.0,31.0
2026-08-04 16:39:46,-13.3,-14.9,0.0,5.0,31.0
2026-08-04 16:38:46,-13.4,-15.0,0.0,5.0,30.0
2026-08-04 16:37:46,-13.5,-15.1,0.0,5.0,30.0
2026-08-04 16:36:46,-13.5,-15.2,0.0,5.0,29.0
2026-08-04 16:35:46,-13.6,-15.3,0.0,5.0,29.0
2026-08-04 16:34:46,-13.6,-15.4,0.0,5.0,28.0
2026-08-04 16:33:46,-13.6,-15.5,1.0,5.0,26.0
2026-08-04 16:32:46,-13.5,-15.6,3.0,5.0,23.0
2026-08-04 16:31:46,-13.4,-15.5,3.0,5.0,21.0
2026-08-04 16:30:46,-13.3,-15.4,3.0,5.0,22.0
2026-08-04 16:29:46,-13.2,-15.3,3.0,5.0,22.0
2026-08-04 16:28:46,-13.1,-15.2,3.0,5.0,22.0
2026-08-04 16:27:46,-12.9,-15.0,3.0,5.0,23.0
2026-08-04 16:26:46,-12.8,-14.9,2.0,5.0,23.0
2026-08-04 16:25:46,-12.7,-14.8,2.0,5.0,23.0
2026-08-04 16:24:46,-12.6,-14.6,2.0,5.0,24.0
2026-08-04 16:23:46,-12.5,-14.5,1.0,5.0,25.0
2026-08-04 16:22:46,-12.5,-14.3,0.0,5.0,27.0
2026-08-04 16:21:46,-12.5,-14.2,0.0,5.0,29.0
2026-08-04 16:20:46,-12.6,-14.0,0.0,4.0,33.0
2026-08-04 16:19:46,-12.6,-14.1,0.0,4.0,33.0
2026-08-04 16:18:46,-12.7,-14.1,0.0,5.0,33.0
2026-08-04 16:17:46,-12.7,-14.2,0.0,5.0,32.0
2026-08-04 16:16:46,-12.8,-14.2,0.0,5.0,33.0
2026-08-04 16:15:46,-12.8,-14.3,0.0,5.0,32.0
2026-08-04 16:14:46,-12.9,-14.3,0.0,5.0,32.0
2026-08-04 16:13:46,-13.0,-14.4,0.0,5.0,32.0
2026-08-04 16:12:46,-13.0,-14.5,0.0,6.0,31.0
2026-08-04 16:11:46,-13.1,-14.5,0.0,5.0,31.0
2026-08-04 16:10:46,-13.2,-14.6,0.0,5.0,31.0
2026-08-04 16:09:46,-13.3,-14.7,0.0,5.0,30.0
2026-08-04 16:08:46,-13.4,-14.9,1.0,5.0,30.0
2026-08-04 16:07:46,-13.4,-15.0,1.0,5.0,28.0
2026-08-04 16:06:46,-13.5,-15.2,1.0,5.0,28.0
2026-08-04 16:05:46,-13.5,-15.3,2.0,6.0,26.0
2026-08-04 16:04:46,-13.5,-15.4,4.0,6.0,23.0
2026-08-04 16:03:46,-13.4,-15.4,6.0,6.0,21.0
2026-08-04 16:02:46,-13.3,-15.4,6.0,6.0,20.0
2026-08-04 16:01:46,-13.2,-15.3,5.0,6.0,20.0
2026-08-04 16:00:46,-13.1,-15.2,4.0,6.0,20.0
2026-08-04 15:59:46,-13.0,-15.1,4.0,6.0,20.0
2026-08-04 15:58:46,-12.8,-14.9,4.0,6.0,21.0
2026-08-04 15:57:46,-12.7,-14.7,4.0,6.0,21.0
2026-08-04 15:56:46,-12.6,-14.6,4.0,6.0,21.0
2026-08-04 15:55:46,-12.4,-14.4,4.0,6.0,21.0
2026-08-04 15:54:46,-12.3,-14.3,4.0,6.0,21.0
2026-08-04 15:53:46,-12.2,-14.1,3.0,6.0,21.0
2026-08-04 15:52:46,-12.0,-14.0,3.0,6.0,22.0
2026-08-04 15:51:46,-11.9,-13.9,3.0,6.0,22.0
2026-08-04 15:50:46,-11.7,-13.7,3.0,6.0,22.0
2026-08-04 15:49:46,-11.6,-13.5,2.0,5.0,22.0
2026-08-04 15:48:46,-11.6,-13.4,1.0,5.0,22.0
2026-08-04 15:47:46,-11.5,-13.4,0.0,5.0,24.0
2026-08-04 15:46:46,-11.5,-13.4,0.0,6.0,26.0
2026-08-04 15:45:46,-11.6,-13.4,0.0,5.0,26.0
2026-08-04 15:44:46,-11.7,-13.5,1.0,5.0,26.0
2026-08-04 15:43:46,-11.8,-13.6,1.0,5.0,26.0
2026-08-04 15:42:46,-11.8,-13.7,1.0,5.0,25.0
2026-08-04 15:41:46,-11.9,-13.8,2.0,5.0,24.0
2026-08-04 15:40:46,-12.0,-13.9,2.0,5.0,24.0
2026-08-04 15:39:46,-12.2,-14.0,2.0,5.0,23.0
2026-08-04 15:38:46,-12.3,-14.1,3.0,5.0,22.0
2026-08-04 15:37:46,-12.3,-14.2,4.0,6.0,20.0
2026-08-04 15:36:46,-12.2,-14.2,7.0,6.0,18.0
2026-08-04 15:35:46,-12.0,-14.3,4.0,5.0,17.0
2026-08-04 15:34:46,-13.3,-15.4,5.0,5.0,13.0
2026-08-04 15:33:46,-13.2,-15.3,5.0,5.0,14.0
2026-08-04 15:32:46,-13.2,-15.2,5.0,5.0,14.0
2026-08-04 15:31:46,-13.0,-15.1,5.0,5.0,14.0
2026-08-04 15:30:46,-13.0,-15.0,5.0,5.0,14.0
2026-08-04 15:29:46,-12.9,-14.9,4.0,5.0,14.0
2026-08-04 15:28:46,-12.8,-14.8,4.0,5.0,14.0
2026-08-04 15:27:46,-12.7,-14.7,4.0,5.0,14.0
2026-08-04 15:26:46,-12.6,-14.5,4.0,5.0,14.0
2026-08-04 15:25:46,-12.5,-14.4,4.0,5.0,15.0
2026-08-04 15:24:46,-12.4,-14.3,4.0,5.0,15.0
2026-08-04 15:23:46,-12.2,-14.1,4.0,5.0,15.0
2026-08-04 15:22:46,-12.0,-14.0,4.0,4.0,15.0
2026-08-04 15:21:46,-11.9,-13.8,4.0,5.0,15.0
2026-08-04 15:20:46,-11.8,-13.6,3.0,4.0,15.0
2026-08-04 15:19:46,-11.6,-13.4,3.0,4.0,16.0
2026-08-04 15:18:46,-11.4,-13.2,3.0,4.0,16.0
2026-08-04 15:17:46,-11.1,-12.9,3.0,4.0,16.0
2026-08-04 15:16:46,-10.8,-12.7,3.0,4.0,17.0
2026-08-04 15:15:46,-10.5,-12.4,3.0,4.0,17.0
2026-08-04 15:14:46,-10.0,-12.1,2.0,4.0,17.0
2026-08-04 15:13:46,-8.7,-11.6,2.0,4.0,18.0
2026-08-04 15:12:46,-8.7,-11.0,1.0,4.0,20.0
2026-08-04 15:11:46,-7.5,-10.3,0.0,3.0,22.0
2026-08-04 15:10:46,-6.0,-9.4,0.0,3.0,25.0
2026-08-04 15:09:46,-3.9,-8.0,0.0,4.0,25.0
2026-08-04 15:08:46,-0.6,-5.5,0.0,4.0,24.0
2026-08-04 15:07:46,3.3,-2.4,2.0,4.0,23.0
2026-08-04 15:06:46,-0.4,-6.4,2.0,5.0,22.0
2026-08-04 15:05:46,-3.6,-8.2,3.0,5.0,21.0
2026-08-04 15:04:46,-15.2,-16.9,5.0,5.0,18.0
2026-08-04 15:03:46,-15.7,-16.9,6.0,5.0,17.0
2026-08-04 15:02:46,-15.5,-16.7,5.0,5.0,16.0
2026-08-04 15:01:46,-15.4,-16.6,3.0,4.0,16.0
2026-08-04 15:00:46,-15.2,-16.4,1.0,4.0,18.0
2026-08-04 14:59:46,-15.0,-16.2,0.0,4.0,18.0
2026-08-04 14:58:46,-14.9,-16.1,0.0,4.0,19.0
2026-08-04 14:57:46,-14.8,-15.9,0.0,3.0,20.0
2026-08-04 14:56:46,-14.7,-15.8,0.0,3.0,21.0
2026-08-04 14:55:46,-14.7,-15.7,0.0,3.0,26.0
2026-08-04 14:54:46,-14.7,-15.7,0.0,3.0,25.0
2026-08-04 14:53:46,-14.6,-15.7,0.0,3.0,24.0
2026-08-04 14:52:46,-14.6,-15.7,0.0,3.0,24.0
2026-08-04 14:51:46,-14.6,-15.7,0.0,4.0,23.0
2026-08-04 14:50:46,-14.6,-15.7,0.0,4.0,23.0
2026-08-04 14:49:46,-14.6,-15.7,0.0,4.0,23.0
2026-08-04 14:48:46,-14.6,-15.7,0.0,4.0,22.0
2026-08-04 14:47:46,-14.5,-15.6,0.0,4.0,22.0
2026-08-04 14:46:46,-14.5,-15.6,0.0,5.0,21.0
2026-08-04 14:45:46,-14.4,-15.6,0.0,5.0,21.0
2026-08-04 14:44:46,-14.3,-15.6,1.0,5.0,20.0
2026-08-04 14:43:46,-14.2,-15.5,1.0,5.0,20.0
2026-08-04 14:42:46,-14.2,-15.5,2.0,5.0,19.0
2026-08-04 14:41:46,-14.1,-15.4,3.0,5.0,19.0
2026-08-04 14:40:46,-14.1,-15.4,3.0,5.0,19.0
2026-08-04 14:39:46,-14.0,-15.5,4.0,5.0,19.0
2026-08-04 14:38:46,-14.1,-15.6,6.0,5.0,19.0
2026-08-04 14:37:46,-14.4,-16.0,7.0,4.0,19.0
2026-08-04 14:36:46,-14.5,-16.1,7.0,5.0,20.0
2026-08-04 14:35:46,-14.6,-16.2,7.0,4.0,20.0
2026-08-04 14:34:46,-14.7,-16.3,7.0,5.0,20.0
2026-08-04 14:33:46,-14.9,-16.4,7.0,4.0,20.0
2026-08-04 14:32:46,-15.0,-16.4,7.0,4.0,20.0
2026-08-04 14:31:46,-15.0,-16.5,7.0,5.0,20.0
2026-08-04 14:30:46,-15.2,-16.6,7.0,4.0,20.0
2026-08-04 14:29:46,-15.3,-16.7,7.0,4.0,20.0
2026-08-04 14:28:46,-15.4,-16.8,7.0,4.0,21.0
2026-08-04 14:27:46,-15.5,-16.9,7.0,4.0,21.0
2026-08-04 14:26:46,-15.6,-17.0,7.0,4.0,21.0
2026-08-04 14:25:46,-15.7,-17.1,7.0,4.0,21.0
2026-08-04 14:24:46,-15.8,-17.2,7.0,4.0,21.0
2026-08-04 14:23:46,-16.0,-17.4,6.0,5.0,21.0
2026-08-04 14:22:46,-16.1,-17.4,6.0,4.0,21.0
2026-08-04 14:21:46,-16.2,-17.5,6.0,4.0,21.0
2026-08-04 14:20:46,-16.3,-17.6,6.0,4.0,22.0
2026-08-04 14:19:46,-16.4,-17.8,6.0,5.0,22.0
2026-08-04 14:18:46,-16.6,-17.9,6.0,4.0,22.0
2026-08-04 14:17:46,-16.7,-18.0,6.0,4.0,22.0
2026-08-04 14:16:46,-16.8,-18.1,6.0,4.0,22.0
2026-08-04 14:15:46,-16.9,-18.3,6.0,4.0,22.0
2026-08-04 14:14:46,-17.0,-18.5,6.0,4.0,23.0
2026-08-04 14:13:46,-17.2,-18.6,6.0,4.0,23.0
2026-08-04 14:12:46,-17.3,-18.7,6.0,4.0,23.0
2026-08-04 14:11:46,-17.4,-18.9,6.0,4.0,23.0
2026-08-04 14:10:46,-17.5,-19.0,5.0,4.0,23.0
2026-08-04 14:09:46,-17.7,-19.2,5.0,5.0,23.0
2026-08-04 14:08:46,-17.8,-19.3,5.0,4.0,23.0
2026-08-04 14:07:46,-17.9,-19.5,5.0,4.0,23.0
2026-08-04 14:06:46,-18.0,-19.6,5.0,4.0,23.0
2026-08-04 14:05:46,-18.1,-19.8,5.0,4.0,23.0
2026-08-04 14:04:46,-18.3,-19.9,5.0,4.0,23.0
2026-08-04 14:03:46,-18.4,-20.1,5.0,4.0,23.0
2026-08-04 14:02:46,-18.6,-20.3,5.0,4.0,22.0
2026-08-04 14:01:46,-18.8,-20.5,4.0,4.0,22.0
2026-08-04 14:00:46,-18.9,-20.6,4.0,4.0,21.0
2026-08-04 13:59:46,-19.2,-20.8,4.0,4.0,20.0
2026-08-04 13:58:46,-19.4,-21.0,4.0,4.0,17.0
2026-08-04 13:57:46,-19.5,-21.1,4.0,4.0,14.0
2026-08-04 13:56:46,-19.4,-21.0,4.0,4.0,13.0
2026-08-04 13:55:46,-19.4,-21.0,4.0,4.0,14.0
2026-08-04 13:54:46,-19.3,-20.9,4.0,4.0,14.0
2026-08-04 13:53:46,-19.3,-20.8,4.0,4.0,14.0
2026-08-04 13:52:46,-19.2,-20.8,3.0,4.0,14.0
2026-08-04 13:51:46,-19.1,-20.7,3.0,5.0,14.0
2026-08-04 13:50:46,-19.1,-20.7,3.0,4.0,14.0
2026-08-04 13:49:46,-19.0,-20.6,3.0,4.0,14.0
2026-08-04 13:48:46,-18.9,-20.5,3.0,4.0,14.0
2026-08-04 13:47:46,-18.8,-20.4,3.0,4.0,14.0
2026-08-04 13:46:46,-18.7,-20.3,3.0,4.0,15.0
2026-08-04 13:45:46,-18.7,-20.3,2.0,4.0,15.0
2026-08-04 13:44:46,-18.6,-20.2,2.0,4.0,16.0
2026-08-04 13:43:46,-18.6,-20.2,2.0,4.0,16.0
2026-08-04 13:42:46,-18.5,-20.1,2.0,4.0,16.0
2026-08-04 13:41:46,-18.6,-20.0,1.0,4.0,17.0
2026-08-04 13:40:46,-18.7,-20.0,0.0,4.0,18.0
2026-08-04 13:39:46,-18.9,-20.1,0.0,4.0,21.0
2026-08-04 13:38:46,-19.1,-20.2,0.0,4.0,22.0
2026-08-04 13:37:46,-19.3,-20.4,0.0,4.0,21.0
2026-08-04 13:36:46,-19.4,-20.6,1.0,4.0,19.0
2026-08-04 13:35:46,-19.4,-20.8,2.0,4.0,17.0
2026-08-04 13:34:46,-19.3,-20.8,4.0,4.0,14.0
2026-08-04 13:33:46,-19.2,-20.8,4.0,4.0,13.0
2026-08-04 13:32:46,-19.2,-20.7,4.0,4.0,13.0
2026-08-04 13:31:46,-19.1,-20.7,4.0,4.0,14.0
2026-08-04 13:30:46,-19.1,-20.6,4.0,5.0,14.0
2026-08-04 13:29:46,-19.0,-20.6,4.0,4.0,14.0
2026-08-04 13:28:46,-18.9,-20.5,4.0,4.0,14.0
2026-08-04 13:27:46,-18.8,-20.4,3.0,5.0,14.0
2026-08-04 13:26:46,-18.8,-20.4,3.0,5.0,14.0
2026-08-04 13:25:46,-18.7,-20.3,3.0,4.0,14.0
2026-08-04 13:24:46,-18.6,-20.2,3.0,4.0,15.0
2026-08-04 13:23:46,-18.5,-20.1,3.0,4.0,14.0
2026-08-04 13:22:46,-18.4,-20.0,3.0,4.0,15.0
2026-08-04 13:21:46,-18.4,-19.9,3.0,4.0,15.0
2026-08-04 13:20:46,-18.3,-19.9,2.0,4.0,15.0
2026-08-04 13:19:46,-18.2,-19.8,2.0,4.0,16.0
2026-08-04 13:18:46,-18.1,-19.7,2.0,4.0,16.0
2026-08-04 13:17:46,-18.1,-19.6,2.0,4.0,16.0
2026-08-04 13:16:46,-18.1,-19.5,1.0,4.0,17.0
2026-08-04 13:15:46,-18.2,-19.5,0.0,4.0,18.0
2026-08-04 13:14:46,-18.4,-19.6,0.0,4.0,21.0
2026-08-04 13:13:46,-18.6,-19.7,0.0,4.0,22.0
2026-08-04 13:12:46,-18.8,-19.9,0.0,4.0,21.0
2026-08-04 13:11:46,-18.9,-20.0,1.0,4.0,19.0
2026-08-04 13:10:46,-18.9,-20.2,2.0,4.0,17.0
2026-08-04 13:09:46,-18.8,-20.3,4.0,4.0,15.0
2026-08-04 13:08:46,-18.7,-20.3,4.0,4.0,13.0
2026-08-04 13:07:46,-18.6,-20.2,4.0,4.0,14.0
2026-08-04 13:06:46,-18.5,-20.1,4.0,4.0,14.0
2026-08-04 13:05:46,-18.5,-20.0,4.0,4.0,14.0
2026-08-04 13:04:46,-18.4,-20.0,4.0,4.0,14.0
2026-08-04 13:03:46,-18.3,-19.9,4.0,4.0,14.0
2026-08-04 13:02:46,-18.3,-19.8,3.0,4.0,14.0
2026-08-04 13:01:46,-18.2,-19.7,3.0,4.0,14.0
2026-08-04 13:00:46,-18.1,-19.7,3.0,4.0,14.0
2026-08-04 12:59:46,-18.0,-19.6,3.0,4.0,14.0
2026-08-04 12:58:46,-17.9,-19.5,3.0,4.0,14.0
2026-08-04 12:57:46,-17.8,-19.4,3.0,4.0,15.0
2026-08-04 12:56:46,-17.7,-19.3,3.0,4.0,15.0
2026-08-04 12:55:46,-17.6,-19.2,2.0,4.0,15.0
2026-08-04 12:54:46,-17.6,-19.1,2.0,4.0,15.0
2026-08-04 12:53:46,-17.5,-19.0,2.0,4.0,16.0
2026-08-04 12:52:46,-17.5,-18.9,2.0,4.0,16.0
2026-08-04 12:51:46,-17.6,-18.9,1.0,4.0,17.0
2026-08-04 12:50:46,-17.7,-18.8,0.0,4.0,18.0
2026-08-04 12:49:46,-17.9,-18.9,0.0,4.0,22.0
2026-08-04 12:48:46,-18.0,-19.0,0.0,4.0,21.0
2026-08-04 12:47:46,-18.1,-19.2,0.0,4.0,20.0
2026-08-04 12:46:46,-18.1,-19.3,2.0,5.0,18.0
2026-08-04 12:45:46,-17.9,-19.4,4.0,4.0,14.0
2026-08-04 12:44:46,-17.8,-19.3,4.0,4.0,14.0
2026-08-04 12:43:46,-17.7,-19.2,4.0,4.0,14.0
2026-08-04 12:42:46,-17.6,-19.1,4.0,4.0,14.0
2026-08-04 12:41:46,-17.5,-19.0,3.0,4.0,14.0
2026-08-04 12:40:46,-17.4,-18.9,3.0,4.0,14.0
2026-08-04 12:39:46,-17.3,-18.8,3.0,4.0,14.0
2026-08-04 12:38:46,-17.2,-18.7,3.0,4.0,14.0
2026-08-04 12:37:46,-17.1,-18.6,3.0,4.0,14.0
2026-08-04 12:36:46,-17.0,-18.5,3.0,4.0,14.0
2026-08-04 12:35:46,-16.9,-18.4,3.0,4.0,14.0
2026-08-04 12:34:46,-16.8,-18.3,3.0,4.0,14.0
2026-08-04 12:33:46,-16.7,-18.1,3.0,4.0,14.0
2026-08-04 12:32:46,-16.5,-18.0,2.0,4.0,15.0
2026-08-04 12:31:46,-16.4,-17.9,2.0,4.0,15.0
2026-08-04 12:30:46,-16.3,-17.7,2.0,4.0,15.0
2026-08-04 12:29:46,-16.2,-17.6,2.0,4.0,15.0
2026-08-04 12:28:46,-16.0,-17.4,2.0,4.0,15.0
2026-08-04 12:27:46,-15.9,-17.2,2.0,4.0,16.0
2026-08-04 12:26:46,-15.8,-17.1,1.0,4.0,16.0
2026-08-04 12:25:46,-15.6,-16.9,1.0,4.0,16.0
2026-08-04 12:24:46,-15.5,-16.7,1.0,4.0,16.0
2026-08-04 12:23:46,-15.3,-16.5,0.0,4.0,17.0
2026-08-04 12:22:46,-15.2,-16.3,0.0,3.0,17.0
2026-08-04 12:21:46,-15.0,-16.2,0.0,4.0,18.0
2026-08-04 12:20:46,-14.9,-16.0,0.0,3.0,20.0
2026-08-04 12:19:46,-14.9,-15.9,0.0,3.0,24.0
2026-08-04 12:18:46,-14.9,-15.9,0.0,3.0,23.0
2026-08-04 12:17:46,-14.9,-15.9,0.0,3.0,23.0
2026-08-04 12:16:46,-14.8,-15.9,0.0,3.0,23.0
2026-08-04 12:15:46,-14.8,-15.9,0.0,4.0,22.0
2026-08-04 12:14:46,-14.8,-15.9,0.0,4.0,22.0
2026-08-04 12:13:46,-14.8,-15.9,0.0,4.0,21.0
2026-08-04 12:12:46,-14.7,-15.8,0.0,4.0,21.0
2026-08-04 12:11:46,-14.7,-15.8,0.0,4.0,20.0
2026-08-04 12:10:46,-14.6,-15.8,0.0,4.0,20.0
2026-08-04 12:09:46,-14.6,-15.7,1.0,4.0,19.0
2026-08-04 12:08:46,-14.5,-15.7,2.0,4.0,19.0
2026-08-04 12:07:46,-14.4,-15.7,3.0,4.0,19.0
2026-08-04 12:06:46,-14.3,-15.7,3.0,5.0,19.0
2026-08-04 12:05:46,-14.3,-15.8,5.0,5.0,19.0
2026-08-04 12:04:46,-14.5,-16.1,6.0,4.0,19.0
2026-08-04 12:03:46,-14.7,-16.3,7.0,4.0,20.0
2026-08-04 12:02:46,-14.8,-16.4,7.0,4.0,20.0
2026-08-04 12:01:46,-15.0,-16.5,7.0,4.0,20.0
2026-08-04 12:00:46,-15.1,-16.6,7.0,4.0,20.0
2026-08-04 11:59:46,-15.2,-16.7,6.0,4.0,20.0
2026-08-04 11:58:46,-15.3,-16.8,6.0,4.0,20.0
2026-08-04 11:57:46,-15.4,-16.9,6.0,4.0,20.0
2026-08-04 11:56:46,-15.6,-17.0,6.0,5.0,21.0
2026-08-04 11:55:46,-15.7,-17.2,6.0,4.0,21.0
2026-08-04 11:54:46,-15.8,-17.3,6.0,4.0,21.0
2026-08-04 11:53:46,-16.0,-17.4,6.0,4.0,21.0
2026-08-04 11:52:46,-16.1,-17.5,6.0,4.0,21.0
2026-08-04 11:51:46,-16.2,-17.6,6.0,4.0,21.0
2026-08-04 11:50:46,-16.3,-17.7,6.0,4.0,21.0
2026-08-04 11:49:46,-16.4,-17.8,6.0,5.0,22.0
2026-08-04 11:48:46,-16.6,-17.9,6.0,4.0,22.0
2026-08-04 11:47:46,-16.7,-18.0,6.0,4.0,22.0
2026-08-04 11:46:46,-16.8,-18.1,5.0,4.0,22.0
2026-08-04 11:45:46,-17.0,-18.3,5.0,5.0,22.0
2026-08-04 11:44:46,-17.1,-18.4,5.0,4.0,22.0
2026-08-04 11:43:46,-17.2,-18.5,5.0,4.0,22.0
2026-08-04 11:42:46,-17.4,-18.6,5.0,4.0,23.0
2026-08-04 11:41:46,-17.5,-18.8,5.0,4.0,23.0
2026-08-04 11:40:46,-17.7,-18.9,5.0,4.0,23.0
2026-08-04 11:39:46,-17.8,-19.1,5.0,4.0,23.0
2026-08-04 11:38:46,-18.0,-19.2,5.0,4.0,23.0
2026-08-04 11:37:46,-18.2,-19.4,5.0,4.0,23.0
2026-08-04 11:36:46,-18.3,-19.5,5.0,4.0,23.0
2026-08-04 11:35:46,-18.5,-19.7,5.0,4.0,23.0
2026-08-04 11:34:46,-18.7,-19.9,4.0,4.0,23.0
2026-08-04 11:33:46,-18.8,-20.1,4.0,5.0,23.0
2026-08-04 11:32:46,-19.0,-20.2,4.0,4.0,23.0
2026-08-04 11:31:46,-19.2,-20.4,4.0,4.0,22.0
2026-08-04 11:30:46,-19.3,-20.6,4.0,4.0,22.0
2026-08-04 11:29:46,-19.5,-20.7,3.0,4.0,21.0
2026-08-04 11:28:46,-19.7,-20.9,3.0,4.0,20.0
2026-08-04 11:27:46,-19.8,-21.1,2.0,4.0,18.0
2026-08-04 11:26:46,-19.8,-21.2,3.0,4.0,16.0
2026-08-04 11:25:46,-19.7,-21.3,4.0,4.0,12.0
2026-08-04 11:24:46,-19.6,-21.2,4.0,4.0,13.0
2026-08-04 11:23:46,-19.5,-21.2,4.0,4.0,13.0
2026-08-04 11:22:46,-19.5,-21.1,4.0,4.0,13.0
2026-08-04 11:21:46,-19.5,-21.0,3.0,4.0,13.0
2026-08-04 11:20:46,-19.5,-21.0,3.0,4.0,13.0
2026-08-04 11:19:46,-19.3,-20.9,3.0,4.0,13.0
2026-08-04 11:18:46,-19.2,-20.9,3.0,4.0,13.0
2026-08-04 11:17:46,-19.2,-20.8,3.0,4.0,13.0
2026-08-04 11:16:46,-19.1,-20.7,3.0,4.0,13.0
2026-08-04 11:15:46,-19.1,-20.7,3.0,4.0,14.0
2026-08-04 11:14:46,-19.0,-20.6,3.0,4.0,13.0
2026-08-04 11:13:46,-18.9,-20.5,3.0,4.0,14.0
2026-08-04 11:12:46,-18.8,-20.4,2.0,4.0,14.0
2026-08-04 11:11:46,-18.8,-20.4,2.0,4.0,14.0
2026-08-04 11:10:46,-18.7,-20.3,2.0,4.0,15.0
2026-08-04 11:09:46,-18.7,-20.2,2.0,4.0,15.0
2026-08-04 11:08:46,-18.6,-20.2,1.0,4.0,15.0
2026-08-04 11:07:46,-18.6,-20.1,1.0,4.0,16.0
2026-08-04 11:06:46,-18.7,-20.1,0.0,3.0,17.0
2026-08-04 11:05:46,-18.9,-20.1,0.0,4.0,19.0
2026-08-04 11:04:46,-19.1,-20.2,0.0,4.0,21.0
2026-08-04 11:03:46,-19.3,-20.4,0.0,4.0,21.0
2026-08-04 11:02:46,-19.5,-20.6,0.0,4.0,19.0
2026-08-04 11:01:46,-19.5,-20.8,1.0,4.0,18.0
2026-08-04 11:00:46,-19.5,-20.9,3.0,4.0,15.0
2026-08-04 10:59:46,-19.3,-20.9,4.0,4.0,13.0
2026-08-04 10:58:46,-19.3,-20.8,4.0,4.0,13.0
2026-08-04 10:57:46,-19.2,-20.8,4.0,4.0,13.0
2026-08-04 10:56:46,-19.2,-20.7,3.0,4.0,13.0
2026-08-04 10:55:46,-19.1,-20.6,3.0,4.0,13.0
2026-08-04 10:54:46,-19.0,-20.6,3.0,4.0,13.0
2026-08-04 10:53:46,-18.9,-20.5,3.0,4.0,13.0
2026-08-04 10:52:46,-18.8,-20.5,3.0,4.0,13.0
2026-08-04 10:51:46,-18.8,-20.4,3.0,4.0,13.0
2026-08-04 10:50:46,-18.8,-20.3,3.0,4.0,14.0
2026-08-04 10:49:46,-18.6,-20.3,3.0,4.0,13.0
2026-08-04 10:48:46,-18.5,-20.1,3.0,4.0,14.0
2026-08-04 10:47:46,-18.5,-20.0,2.0,4.0,14.0
2026-08-04 10:46:46,-18.4,-20.0,2.0,4.0,14.0
2026-08-04 10:45:46,-18.4,-19.9,2.0,4.0,15.0
2026-08-04 10:44:46,-18.3,-19.8,2.0,4.0,15.0
2026-08-04 10:43:46,-18.2,-19.7,1.0,4.0,15.0
2026-08-04 10:42:46,-18.2,-19.7,1.0,4.0,16.0
2026-08-04 10:41:46,-18.3,-19.7,0.0,4.0,17.0
2026-08-04 10:40:46,-18.5,-19.7,0.0,4.0,20.0
2026-08-04 10:39:46,-18.7,-19.8,0.0,4.0,22.0
2026-08-04 10:38:46,-18.9,-20.0,0.0,4.0,21.0
2026-08-04 10:37:46,-19.0,-20.1,0.0,4.0,19.0
2026-08-04 10:36:46,-19.1,-20.3,1.0,4.0,18.0
2026-08-04 10:35:46,-19.1,-20.4,3.0,4.0,16.0
2026-08-04 10:34:46,-18.9,-20.5,4.0,4.0,13.0
2026-08-04 10:33:46,-18.8,-20.4,4.0,5.0,13.0
2026-08-04 10:32:46,-18.7,-20.3,3.0,5.0,13.0
2026-08-04 10:31:46,-18.7,-20.2,3.0,4.0,13.0
2026-08-04 10:30:46,-18.6,-20.1,3.0,4.0,13.0
2026-08-04 10:29:46,-18.5,-20.1,3.0,4.0,13.0
2026-08-04 10:28:46,-18.4,-20.0,3.0,4.0,13.0
2026-08-04 10:27:46,-18.4,-19.9,3.0,4.0,14.0
2026-08-04 10:26:46,-18.3,-19.8,3.0,4.0,14.0
2026-08-04 10:25:46,-18.2,-19.7,3.0,4.0,14.0
2026-08-04 10:24:46,-18.1,-19.7,2.0,4.0,14.0
2026-08-04 10:23:46,-18.0,-19.6,2.0,4.0,14.0
2026-08-04 10:22:46,-17.9,-19.4,2.0,4.0,15.0
2026-08-04 10:21:46,-17.8,-19.4,2.0,4.0,15.0
2026-08-04 10:20:46,-17.8,-19.3,2.0,4.0,16.0
2026-08-04 10:19:46,-17.8,-19.2,1.0,4.0,16.0
2026-08-04 10:18:46,-17.9,-19.2,0.0,4.0,17.0
2026-08-04 10:17:46,-18.1,-19.2,0.0,4.0,19.0
2026-08-04 10:16:46,-18.3,-19.3,0.0,4.0,22.0
2026-08-04 10:15:46,-18.4,-19.4,0.0,4.0,21.0
2026-08-04 10:14:46,-18.5,-19.6,0.0,4.0,20.0
2026-08-04 10:13:46,-18.7,-19.7,1.0,4.0,19.0
2026-08-04 10:12:46,-18.6,-19.9,2.0,4.0,17.0
2026-08-04 10:11:46,-18.4,-19.9,4.0,4.0,13.0
2026-08-04 10:10:46,-18.3,-19.8,4.0,4.0,13.0
2026-08-04 10:09:46,-18.2,-19.8,4.0,4.0,13.0
2026-08-04 10:08:46,-18.1,-19.7,3.0,4.0,13.0
2026-08-04 10:07:46,-18.1,-19.6,3.0,4.0,13.0
2026-08-04 10:06:46,-18.0,-19.5,3.0,4.0,14.0
2026-08-04 10:05:46,-17.9,-19.4,3.0,4.0,14.0
2026-08-04 10:04:46,-17.9,-19.4,3.0,4.0,14.0
2026-08-04 10:03:46,-17.7,-19.3,3.0,4.0,14.0
2026-08-04 10:02:46,-17.7,-19.1,3.0,4.0,14.0
2026-08-04 10:01:46,-17.6,-19.1,2.0,4.0,15.0
2026-08-04 10:00:46,-17.4,-18.9,2.0,4.0,15.0
2026-08-04 09:59:46,-17.4,-18.8,2.0,4.0,16.0
2026-08-04 09:58:46,-17.3,-18.7,2.0,4.0,16.0
2026-08-04 09:57:46,-17.2,-18.7,1.0,4.0,16.0
2026-08-04 09:56:46,-17.2,-18.6,1.0,4.0,17.0
2026-08-04 09:55:46,-17.2,-18.5,0.0,4.0,18.0
2026-08-04 09:54:46,-17.4,-18.5,0.0,4.0,20.0
2026-08-04 09:53:46,-17.6,-18.6,0.0,4.0,22.0
2026-08-04 09:52:46,-17.7,-18.8,0.0,4.0,21.0
2026-08-04 09:51:46,-17.9,-18.9,0.0,4.0,21.0
2026-08-04 09:50:46,-18.0,-19.1,0.0,4.0,20.0
2026-08-04 09:49:46,-17.9,-19.2,1.0,4.0,18.0
2026-08-04 09:48:46,-17.7,-19.2,3.0,4.0,14.0
2026-08-04 09:47:46,-17.6,-19.1,3.0,4.0,14.0
2026-08-04 09:46:46,-17.5,-19.0,3.0,4.0,14.0
2026-08-04 09:45:46,-17.4,-18.9,3.0,5.0,14.0
2026-08-04 09:44:46,-17.3,-18.8,3.0,4.0,14.0
2026-08-04 09:43:46,-17.2,-18.7,3.0,4.0,14.0
2026-08-04 09:42:46,-17.1,-18.6,2.0,5.0,15.0
2026-08-04 09:41:46,-17.0,-18.5,3.0,4.0,15.0
2026-08-04 09:40:46,-16.9,-18.4,2.0,4.0,15.0
2026-08-04 09:39:46,-16.7,-18.3,2.0,4.0,15.0
2026-08-04 09:38:46,-16.7,-18.1,2.0,4.0,16.0
2026-08-04 09:37:46,-16.6,-18.0,2.0,4.0,16.0
2026-08-04 09:36:46,-16.5,-17.9,2.0,4.0,16.0
2026-08-04 09:35:46,-16.4,-17.8,1.0,4.0,17.0
2026-08-04 09:34:46,-16.4,-17.7,1.0,4.0,17.0
2026-08-04 09:33:46,-16.3,-17.6,0.0,4.0,18.0
2026-08-04 09:32:46,-16.4,-17.6,0.0,3.0,20.0
2026-08-04 09:31:46,-16.6,-17.6,0.0,3.0,24.0
2026-08-04 09:30:46,-16.7,-17.8,0.0,3.0,23.0
2026-08-04 09:29:46,-16.9,-17.9,0.0,3.0,22.0
2026-08-04 09:28:46,-17.1,-18.1,0.0,4.0,21.0
2026-08-04 09:27:46,-17.1,-18.2,0.0,4.0,19.0
2026-08-04 09:26:46,-16.9,-18.3,3.0,4.0,16.0
2026-08-04 09:25:46,-16.8,-18.2,4.0,4.0,15.0
2026-08-04 09:24:46,-16.7,-18.1,4.0,5.0,15.0
2026-08-04 09:23:46,-16.6,-18.0,5.0,5.0,14.0
2026-08-04 09:22:46,-16.6,-18.0,3.0,4.0,12.0
2026-08-04 09:21:46,-16.6,-17.8,1.0,4.0,17.0
2026-08-04 09:20:46,-16.6,-17.8,0.0,4.0,18.0
2026-08-04 09:19:46,-16.8,-17.8,0.0,4.0,22.0
2026-08-04 09:18:46,-16.9,-17.9,0.0,4.0,21.0
2026-08-04 09:17:46,-17.0,-18.0,0.0,4.0,20.0
2026-08-04 09:16:46,-17.1,-18.1,0.0,5.0,20.0
2026-08-04 09:15:46,-17.0,-18.2,1.0,5.0,17.0
2026-08-04 09:14:46,-16.8,-18.3,3.0,5.0,14.0
2026-08-04 09:13:46,-16.7,-18.1,3.0,5.0,13.0
2026-08-04 09:12:46,-16.6,-18.0,3.0,5.0,13.0
2026-08-04 09:11:46,-16.4,-17.8,3.0,5.0,14.0
2026-08-04 09:10:46,-16.3,-17.7,3.0,5.0,14.0
2026-08-04 09:09:46,-16.2,-17.5,3.0,5.0,14.0
2026-08-04 09:08:46,-16.1,-17.4,3.0,5.0,14.0
2026-08-04 09:07:46,-15.9,-17.2,3.0,5.0,15.0
2026-08-04 09:06:46,-15.8,-17.1,3.0,5.0,14.0
2026-08-04 09:05:46,-15.6,-16.9,2.0,5.0,15.0
2026-08-04 09:04:46,-15.5,-16.7,2.0,5.0,15.0
2026-08-04 09:03:46,-15.3,-16.5,2.0,5.0,16.0
2026-08-04 09:02:46,-15.2,-16.3,2.0,5.0,17.0
2026-08-04 09:01:46,-15.0,-16.1,2.0,5.0,16.0
2026-08-04 09:00:46,-14.8,-15.9,1.0,5.0,17.0
2026-08-04 08:59:46,-14.6,-15.8,0.0,4.0,18.0
2026-08-04 08:58:46,-14.6,-15.6,0.0,4.0,19.0
2026-08-04 08:57:46,-14.5,-15.5,0.0,4.0,23.0
2026-08-04 08:56:46,-14.5,-15.5,0.0,4.0,24.0
2026-08-04 08:55:46,-14.5,-15.5,0.0,4.0,24.0
2026-08-04 08:54:46,-14.5,-15.4,0.0,4.0,23.0
2026-08-04 08:53:46,-14.4,-15.3,0.0,4.0,22.0
2026-08-04 08:52:46,-14.3,-15.2,0.0,5.0,22.0
2026-08-04 08:51:46,-14.1,-15.0,0.0,5.0,20.0
2026-08-04 08:50:46,-13.7,-14.8,1.0,6.0,19.0
2026-08-04 08:49:46,-15.3,-16.3,4.0,6.0,16.0
2026-08-04 08:48:46,-15.3,-16.4,2.0,5.0,17.0
2026-08-04 08:47:46,-15.3,-16.4,0.0,4.0,20.0
2026-08-04 08:46:46,-15.3,-16.3,0.0,4.0,19.0
2026-08-04 08:45:46,-15.2,-16.3,0.0,4.0,19.0
2026-08-04 08:44:46,-15.1,-16.3,0.0,4.0,19.0
2026-08-04 08:43:46,-15.0,-16.2,1.0,4.0,18.0
2026-08-04 08:42:46,-14.9,-16.2,2.0,5.0,18.0
2026-08-04 08:41:46,-14.9,-16.2,3.0,5.0,18.0
2026-08-04 08:40:46,-14.9,-16.3,4.0,5.0,18.0
2026-08-04 08:39:46,-15.0,-16.5,6.0,5.0,19.0
2026-08-04 08:38:46,-15.2,-16.8,7.0,4.0,19.0
2026-08-04 08:37:46,-15.4,-16.9,7.0,4.0,19.0
2026-08-04 08:36:46,-15.5,-17.0,7.0,4.0,19.0
2026-08-04 08:35:46,-15.6,-17.1,7.0,4.0,20.0
2026-08-04 08:34:46,-15.7,-17.2,6.0,4.0,20.0
2026-08-04 08:33:46,-15.8,-17.3,6.0,4.0,20.0
2026-08-04 08:32:46,-15.9,-17.4,6.0,4.0,20.0
2026-08-04 08:31:46,-16.1,-17.5,6.0,4.0,20.0
2026-08-04 08:30:46,-16.2,-17.6,6.0,4.0,20.0
2026-08-04 08:29:46,-16.3,-17.7,6.0,4.0,20.0
2026-08-04 08:28:46,-16.4,-17.8,6.0,4.0,20.0
2026-08-04 08:27:46,-16.5,-17.9,6.0,4.0,21.0
2026-08-04 08:26:46,-16.6,-18.0,6.0,4.0,21.0
2026-08-04 08:25:46,-16.8,-18.1,6.0,3.0,21.0
2026-08-04 08:24:46,-16.9,-18.3,6.0,3.0,21.0
2026-08-04 08:23:46,-17.0,-18.4,6.0,4.0,21.0
2026-08-04 08:22:46,-17.1,-18.5,5.0,3.0,21.0
2026-08-04 08:21:46,-17.3,-18.6,5.0,3.0,21.0
2026-08-04 08:20:46,-17.4,-18.7,5.0,3.0,21.0
2026-08-04 08:19:46,-17.5,-18.9,5.0,3.0,21.0
2026-08-04 08:18:46,-17.6,-19.0,5.0,3.0,21.0
2026-08-04 08:17:46,-17.7,-19.1,5.0,3.0,21.0
2026-08-04 08:16:46,-17.9,-19.3,5.0,3.0,22.0
2026-08-04 08:15:46,-18.0,-19.4,5.0,3.0,22.0
2026-08-04 08:14:46,-18.1,-19.6,5.0,3.0,22.0
2026-08-04 08:13:46,-18.2,-19.8,5.0,3.0,22.0
2026-08-04 08:12:46,-18.3,-19.9,4.0,3.0,22.0
2026-08-04 08:11:46,-18.4,-20.1,4.0,3.0,22.0
2026-08-04 08:10:46,-18.6,-20.2,4.0,3.0,22.0
2026-08-04 08:09:46,-18.7,-20.4,4.0,3.0,22.0
2026-08-04 08:08:46,-18.9,-20.6,4.0,3.0,21.0
2026-08-04 08:07:46,-19.0,-20.7,4.0,3.0,21.0
2026-08-04 08:06:46,-19.2,-20.9,4.0,3.0,21.0
2026-08-04 08:05:46,-19.4,-21.1,4.0,3.0,20.0
2026-08-04 08:04:46,-19.6,-21.3,3.0,3.0,19.0
2026-08-04 08:03:46,-19.8,-21.5,3.0,3.0,17.0
2026-08-04 08:02:46,-20.0,-21.6,3.0,3.0,14.0
2026-08-04 08:01:46,-20.1,-21.8,3.0,3.0,11.0
2026-08-04 08:00:46,-20.1,-21.7,3.0,3.0,11.0
2026-08-04 07:59:46,-20.0,-21.6,3.0,3.0,11.0
2026-08-04 07:58:46,-20.0,-21.6,3.0,3.0,11.0
2026-08-04 07:57:46,-20.0,-21.5,2.0,3.0,11.0
2026-08-04 07:56:46,-19.9,-21.5,3.0,3.0,11.0
2026-08-04 07:55:46,-19.8,-21.4,2.0,3.0,11.0
2026-08-04 07:54:46,-19.8,-21.4,2.0,3.0,11.0
2026-08-04 07:53:46,-19.7,-21.3,2.0,3.0,11.0
2026-08-04 07:52:46,-19.7,-21.2,2.0,3.0,11.0
2026-08-04 07:51:46,-19.6,-21.2,2.0,3.0,12.0
2026-08-04 07:50:46,-19.5,-21.1,2.0,3.0,11.0
2026-08-04 07:49:46,-19.4,-21.0,1.0,3.0,12.0
2026-08-04 07:48:48,-19.3,-20.9,1.0,3.0,12.0
2026-08-04 07:47:46,-19.3,-20.9,1.0,3.0,12.0
2026-08-04 07:46:46,-19.2,-20.8,1.0,3.0,13.0
2026-08-04 07:45:46,-19.2,-20.7,1.0,3.0,13.0
2026-08-04 07:44:46,-19.1,-20.7,0.0,3.0,13.0
2026-08-04 07:43:46,-19.1,-20.6,0.0,3.0,14.0
2026-08-04 07:42:46,-19.2,-20.6,0.0,2.0,16.0
2026-08-04 07:41:46,-19.5,-20.7,0.0,2.0,20.0
2026-08-04 07:40:46,-19.7,-20.9,0.0,3.0,19.0
2026-08-04 07:39:46,-19.8,-21.1,0.0,3.0,18.0
2026-08-04 07:38:46,-20.0,-21.3,0.0,3.0,18.0
2026-08-04 07:37:46,-20.2,-21.4,0.0,3.0,16.0
2026-08-04 07:36:46,-20.1,-21.6,2.0,3.0,13.0
2026-08-04 07:35:46,-20.0,-21.6,3.0,3.0,10.0
2026-08-04 07:34:46,-19.9,-21.6,3.0,3.0,10.0
2026-08-04 07:33:46,-19.9,-21.5,3.0,3.0,11.0
2026-08-04 07:32:46,-19.8,-21.5,3.0,3.0,11.0
2026-08-04 07:31:46,-19.8,-21.4,3.0,3.0,11.0
2026-08-04 07:30:46,-19.7,-21.3,2.0,3.0,11.0
2026-08-04 07:29:46,-19.7,-21.3,2.0,3.0,11.0
2026-08-04 07:28:46,-19.6,-21.3,2.0,3.0,11.0
2026-08-04 07:27:46,-19.6,-21.2,2.0,3.0,11.0
2026-08-04 07:26:46,-19.5,-21.1,2.0,3.0,11.0
2026-08-04 07:25:46,-19.5,-21.1,2.0,3.0,11.0
2026-08-04 07:24:46,-19.4,-21.0,1.0,3.0,12.0
2026-08-04 07:23:46,-19.3,-20.9,1.0,3.0,11.0
2026-08-04 07:22:46,-19.3,-20.8,1.0,3.0,12.0
2026-08-04 07:21:46,-19.1,-20.7,1.0,3.0,12.0
2026-08-04 07:20:46,-19.1,-20.7,1.0,3.0,12.0
2026-08-04 07:19:46,-19.0,-20.6,1.0,3.0,13.0
2026-08-04 07:18:46,-18.9,-20.5,1.0,3.0,13.0
2026-08-04 07:17:46,-18.9,-20.5,0.0,3.0,13.0
2026-08-04 07:16:46,-18.9,-20.4,0.0,3.0,14.0
2026-08-04 07:15:46,-19.0,-20.4,0.0,2.0,15.0
2026-08-04 07:14:46,-19.1,-20.4,0.0,2.0,18.0
2026-08-04 07:13:46,-19.3,-20.5,0.0,2.0,20.0
2026-08-04 07:12:46,-19.5,-20.7,0.0,2.0,19.0
2026-08-04 07:11:46,-19.7,-20.9,0.0,2.0,18.0
2026-08-04 07:10:46,-19.9,-21.1,0.0,2.0,17.0
2026-08-04 07:09:46,-20.0,-21.3,0.0,3.0,16.0
2026-08-04 07:08:46,-19.9,-21.5,2.0,3.0,12.0
2026-08-04 07:07:46,-19.8,-21.4,3.0,3.0,10.0
2026-08-04 07:06:46,-19.8,-21.4,3.0,3.0,11.0
2026-08-04 07:05:46,-19.7,-21.3,3.0,3.0,11.0
2026-08-04 07:04:46,-19.7,-21.3,3.0,3.0,11.0
2026-08-04 07:03:46,-19.6,-21.2,2.0,3.0,11.0
2026-08-04 07:02:46,-19.5,-21.1,2.0,3.0,11.0
2026-08-04 07:01:46,-19.5,-21.1,2.0,3.0,11.0
2026-08-04 07:00:46,-19.4,-21.0,2.0,3.0,11.0
2026-08-04 06:59:46,-19.3,-20.9,2.0,3.0,11.0
2026-08-04 06:58:46,-19.3,-20.9,2.0,3.0,11.0
2026-08-04 06:57:46,-19.3,-20.8,1.0,3.0,11.0
2026-08-04 06:56:46,-19.2,-20.7,2.0,3.0,12.0
2026-08-04 06:55:46,-19.1,-20.7,1.0,3.0,12.0
2026-08-04 06:54:46,-19.0,-20.6,1.0,3.0,12.0
2026-08-04 06:53:46,-18.9,-20.5,1.0,3.0,12.0
2026-08-04 06:52:46,-18.8,-20.4,1.0,3.0,13.0
2026-08-04 06:51:46,-18.7,-20.3,1.0,3.0,13.0
2026-08-04 06:50:46,-18.7,-20.2,0.0,3.0,13.0
2026-08-04 06:49:46,-18.6,-20.2,0.0,2.0,14.0
2026-08-04 06:48:46,-18.7,-20.1,0.0,2.0,15.0
2026-08-04 06:47:46,-18.7,-20.1,0.0,2.0,16.0
2026-08-04 06:46:46,-19.0,-20.2,0.0,2.0,21.0
2026-08-04 06:45:46,-19.1,-20.4,0.0,2.0,20.0
2026-08-04 06:44:46,-19.3,-20.5,0.0,2.0,19.0
2026-08-04 06:43:46,-19.5,-20.7,0.0,2.0,19.0
2026-08-04 06:42:46,-19.7,-20.9,0.0,2.0,17.0
2026-08-04 06:41:46,-19.8,-21.1,0.0,3.0,15.0
2026-08-04 06:40:46,-19.7,-21.2,3.0,3.0,11.0
2026-08-04 06:39:46,-19.6,-21.2,3.0,3.0,11.0
2026-08-04 06:38:46,-19.5,-21.1,3.0,3.0,11.0
2026-08-04 06:37:46,-19.5,-21.0,2.0,3.0,11.0
2026-08-04 06:36:46,-19.5,-21.0,2.0,3.0,11.0
2026-08-04 06:35:46,-19.4,-20.9,2.0,3.0,11.0
2026-08-04 06:34:46,-19.3,-20.9,2.0,3.0,11.0
2026-08-04 06:33:46,-19.2,-20.8,2.0,3.0,11.0
2026-08-04 06:32:46,-19.1,-20.7,2.0,3.0,11.0
2026-08-04 06:31:46,-19.1,-20.7,2.0,3.0,11.0
2026-08-04 06:30:46,-19.0,-20.6,1.0,3.0,12.0
2026-08-04 06:29:46,-19.0,-20.5,1.0,3.0,12.0
2026-08-04 06:28:46,-18.9,-20.5,1.0,3.0,12.0
2026-08-04 06:27:46,-18.8,-20.4,1.0,3.0,12.0
2026-08-04 06:26:46,-18.7,-20.3,1.0,3.0,12.0
2026-08-04 06:25:46,-18.7,-20.2,1.0,3.0,13.0
2026-08-04 06:24:46,-18.6,-20.1,1.0,3.0,13.0
2026-08-04 06:23:46,-18.5,-20.0,0.0,2.0,13.0
2026-08-04 06:22:46,-18.5,-19.9,0.0,2.0,14.0
2026-08-04 06:21:46,-18.5,-19.9,0.0,2.0,15.0
2026-08-04 06:20:46,-18.5,-19.9,0.0,2.0,16.0
2026-08-04 06:19:46,-18.7,-19.9,0.0,2.0,20.0
2026-08-04 06:18:46,-18.8,-20.1,0.0,2.0,20.0
2026-08-04 06:17:46,-19.1,-20.2,0.0,2.0,20.0
2026-08-04 06:16:46,-19.3,-20.4,0.0,2.0,19.0
2026-08-04 06:15:46,-19.5,-20.6,0.0,3.0,18.0
2026-08-04 06:14:46,-19.5,-20.8,0.0,3.0,16.0
2026-08-04 06:13:46,-19.4,-20.9,3.0,3.0,12.0
2026-08-04 06:12:46,-19.3,-20.9,3.0,3.0,11.0
2026-08-04 06:11:46,-19.3,-20.8,3.0,3.0,11.0
2026-08-04 06:10:46,-19.2,-20.8,2.0,3.0,11.0
2026-08-04 06:09:46,-19.2,-20.7,2.0,3.0,11.0
2026-08-04 06:08:46,-19.2,-20.6,2.0,3.0,12.0
2026-08-04 06:07:46,-19.0,-20.6,2.0,3.0,11.0
2026-08-04 06:06:46,-19.0,-20.5,2.0,3.0,11.0
2026-08-04 06:05:46,-18.9,-20.4,2.0,3.0,11.0
2026-08-04 06:04:46,-18.8,-20.4,1.0,3.0,12.0
2026-08-04 06:03:46,-18.7,-20.3,1.0,3.0,12.0
2026-08-04 06:02:46,-18.6,-20.2,1.0,3.0,12.0
2026-08-04 06:01:46,-18.6,-20.1,1.0,3.0,12.0
2026-08-04 06:00:46,-18.5,-20.0,1.0,2.0,12.0
2026-08-04 05:59:46,-18.4,-19.9,1.0,3.0,13.0
2026-08-04 05:58:46,-18.4,-19.9,0.0,3.0,13.0
2026-08-04 05:57:46,-18.2,-19.8,0.0,2.0,13.0
2026-08-04 05:56:46,-18.2,-19.7,0.0,2.0,14.0
2026-08-04 05:55:46,-18.1,-19.6,0.0,2.0,15.0
2026-08-04 05:54:46,-18.2,-19.6,0.0,2.0,16.0
2026-08-04 05:53:46,-18.4,-19.6,0.0,2.0,19.0
2026-08-04 05:52:46,-18.6,-19.8,0.0,2.0,21.0
2026-08-04 05:51:46,-18.8,-19.9,0.0,2.0,20.0
2026-08-04 05:50:46,-19.0,-20.1,0.0,2.0,19.0
2026-08-04 05:49:46,-19.1,-20.3,0.0,2.0,18.0
2026-08-04 05:48:46,-19.2,-20.5,0.0,3.0,16.0
2026-08-04 05:47:46,-19.2,-20.6,1.0,3.0,13.0
2026-08-04 05:46:46,-19.1,-20.6,3.0,3.0,11.0
2026-08-04 05:45:46,-19.0,-20.6,2.0,3.0,11.0
2026-08-04 05:44:46,-18.9,-20.5,2.0,3.0,11.0
2026-08-04 05:43:46,-18.9,-20.4,2.0,3.0,11.0
2026-08-04 05:42:46,-18.8,-20.3,2.0,3.0,11.0
2026-08-04 05:41:46,-18.7,-20.2,2.0,3.0,11.0
2026-08-04 05:40:46,-18.7,-20.2,1.0,3.0,12.0
2026-08-04 05:39:46,-18.6,-20.1,1.0,2.0,12.0
2026-08-04 05:38:46,-18.5,-20.0,1.0,3.0,12.0
2026-08-04 05:37:46,-18.5,-19.9,1.0,3.0,12.0
2026-08-04 05:36:46,-18.4,-19.8,1.0,3.0,12.0
2026-08-04 05:35:46,-18.3,-19.8,1.0,3.0,13.0
2026-08-04 05:34:46,-18.2,-19.7,1.0,2.0,13.0
2026-08-04 05:33:46,-18.1,-19.6,1.0,2.0,13.0
2026-08-04 05:32:46,-18.0,-19.5,0.0,2.0,13.0
2026-08-04 05:31:46,-17.9,-19.4,0.0,2.0,14.0
2026-08-04 05:30:46,-17.9,-19.4,0.0,2.0,15.0
2026-08-04 05:29:46,-18.0,-19.3,0.0,2.0,16.0
2026-08-04 05:28:46,-18.2,-19.3,0.0,2.0,20.0
2026-08-04 05:27:46,-18.4,-19.5,0.0,2.0,21.0
2026-08-04 05:26:46,-18.6,-19.6,0.0,2.0,20.0
2026-08-04 05:25:46,-18.7,-19.8,0.0,2.0,19.0
2026-08-04 05:24:46,-18.9,-20.0,0.0,2.0,18.0
2026-08-04 05:23:46,-19.0,-20.2,0.0,2.0,16.0
2026-08-04 05:22:46,-18.9,-20.3,1.0,3.0,13.0
2026-08-04 05:21:46,-18.8,-20.3,2.0,3.0,11.0
2026-08-04 05:20:46,-18.7,-20.2,2.0,3.0,11.0
2026-08-04 05:19:46,-18.7,-20.2,2.0,3.0,11.0
2026-08-04 05:18:46,-18.6,-20.1,2.0,3.0,12.0
2026-08-04 05:17:46,-18.5,-20.1,2.0,3.0,12.0
2026-08-04 05:16:46,-18.5,-20.0,2.0,2.0,11.0
2026-08-04 05:15:46,-18.4,-19.9,2.0,3.0,12.0
2026-08-04 05:14:46,-18.4,-19.8,1.0,2.0,12.0
2026-08-04 05:13:46,-18.3,-19.7,1.0,3.0,12.0
2026-08-04 05:12:46,-18.2,-19.7,1.0,2.0,12.0
2026-08-04 05:11:46,-18.1,-19.6,1.0,3.0,12.0
2026-08-04 05:10:46,-18.0,-19.5,1.0,2.0,13.0
2026-08-04 05:09:46,-17.9,-19.3,1.0,2.0,13.0
2026-08-04 05:08:46,-17.9,-19.3,0.0,2.0,13.0
2026-08-04 05:07:46,-17.8,-19.2,0.0,2.0,13.0
2026-08-04 05:06:46,-17.7,-19.1,0.0,2.0,14.0
2026-08-04 05:05:46,-17.6,-19.0,0.0,2.0,15.0
2026-08-04 05:04:46,-17.6,-18.9,0.0,2.0,16.0
2026-08-04 05:03:46,-17.7,-18.9,0.0,2.0,17.0
2026-08-04 05:02:46,-17.8,-18.9,0.0,2.0,22.0
2026-08-04 05:01:46,-18.0,-19.1,0.0,2.0,21.0
2026-08-04 05:00:46,-18.2,-19.3,0.0,2.0,20.0
2026-08-04 04:59:46,-18.4,-19.5,0.0,2.0,20.0
2026-08-04 04:58:46,-18.5,-19.6,0.0,2.0,18.0
2026-08-04 04:57:46,-18.6,-19.8,0.0,2.0,17.0
2026-08-04 04:56:46,-18.6,-19.9,1.0,3.0,15.0
2026-08-04 04:55:46,-18.5,-20.0,2.0,3.0,11.0
2026-08-04 04:54:46,-18.4,-19.9,2.0,3.0,11.0
2026-08-04 04:53:46,-18.3,-19.8,2.0,3.0,11.0
2026-08-04 04:52:46,-18.3,-19.7,2.0,3.0,12.0
2026-08-04 04:51:46,-18.2,-19.7,2.0,3.0,12.0
2026-08-04 04:50:46,-18.1,-19.6,2.0,3.0,12.0
2026-08-04 04:49:46,-18.0,-19.5,1.0,3.0,12.0
2026-08-04 04:48:46,-18.0,-19.4,1.0,2.0,13.0
2026-08-04 04:47:46,-17.8,-19.3,1.0,3.0,12.0
2026-08-04 04:46:46,-17.7,-19.2,1.0,3.0,13.0
2026-08-04 04:45:46,-17.7,-19.1,1.0,2.0,13.0
2026-08-04 04:44:46,-17.6,-19.0,1.0,2.0,13.0
2026-08-04 04:43:46,-17.5,-18.9,0.0,2.0,14.0
2026-08-04 04:42:46,-17.4,-18.8,0.0,2.0,14.0
2026-08-04 04:41:46,-17.3,-18.7,0.0,2.0,14.0
2026-08-04 04:40:46,-17.3,-18.7,0.0,2.0,15.0
2026-08-04 04:39:46,-17.3,-18.6,0.0,2.0,16.0
2026-08-04 04:38:46,-17.4,-18.6,0.0,2.0,18.0
2026-08-04 04:37:46,-17.6,-18.7,0.0,2.0,21.0
2026-08-04 04:36:46,-17.8,-18.8,0.0,2.0,21.0
2026-08-04 04:35:46,-18.0,-19.0,0.0,2.0,20.0
2026-08-04 04:34:46,-18.2,-19.1,0.0,2.0,19.0
2026-08-04 04:33:46,-18.3,-19.3,0.0,2.0,18.0
2026-08-04 04:32:46,-18.3,-19.5,0.0,3.0,16.0
2026-08-04 04:31:46,-18.2,-19.6,2.0,3.0,12.0
2026-08-04 04:30:46,-18.1,-19.5,2.0,3.0,12.0
2026-08-04 04:29:46,-18.0,-19.4,2.0,3.0,12.0
2026-08-04 04:28:46,-17.9,-19.3,2.0,3.0,12.0
2026-08-04 04:27:46,-17.8,-19.2,1.0,2.0,12.0
2026-08-04 04:26:46,-17.7,-19.1,1.0,3.0,12.0
2026-08-04 04:25:46,-17.6,-19.0,1.0,2.0,13.0
2026-08-04 04:24:46,-17.5,-19.0,1.0,3.0,13.0
2026-08-04 04:23:46,-17.5,-18.9,1.0,2.0,13.0
2026-08-04 04:22:46,-17.4,-18.8,1.0,3.0,13.0
2026-08-04 04:21:46,-17.3,-18.7,1.0,2.0,13.0
2026-08-04 04:20:46,-17.2,-18.6,0.0,2.0,14.0
2026-08-04 04:19:46,-17.1,-18.5,0.0,2.0,14.0
2026-08-04 04:18:46,-17.0,-18.4,0.0,2.0,14.0
2026-08-04 04:17:46,-16.9,-18.3,0.0,2.0,15.0
2026-08-04 04:16:46,-16.9,-18.2,0.0,2.0,16.0
2026-08-04 04:15:46,-17.0,-18.2,0.0,2.0,18.0
2026-08-04 04:14:46,-17.2,-18.2,0.0,2.0,22.0
2026-08-04 04:13:46,-17.3,-18.3,0.0,2.0,21.0
2026-08-04 04:12:46,-17.4,-18.5,0.0,2.0,21.0
2026-08-04 04:11:46,-17.6,-18.6,0.0,2.0,20.0
2026-08-04 04:10:46,-17.8,-18.8,0.0,2.0,19.0
2026-08-04 04:09:46,-17.9,-19.0,0.0,2.0,18.0
2026-08-04 04:08:46,-17.9,-19.1,0.0,3.0,16.0
2026-08-04 04:07:46,-17.7,-19.2,2.0,3.0,12.0
2026-08-04 04:06:46,-17.6,-19.1,2.0,2.0,12.0
2026-08-04 04:05:46,-17.5,-19.0,2.0,3.0,12.0
2026-08-04 04:04:46,-17.5,-18.9,2.0,3.0,12.0
2026-08-04 04:03:46,-17.4,-18.8,1.0,3.0,13.0
2026-08-04 04:02:46,-17.3,-18.7,1.0,3.0,13.0
2026-08-04 04:01:46,-17.3,-18.6,1.0,2.0,13.0
2026-08-04 04:00:46,-17.2,-18.5,1.0,3.0,13.0
2026-08-04 03:59:46,-17.1,-18.4,1.0,3.0,13.0
2026-08-04 03:58:46,-17.0,-18.3,1.0,2.0,13.0
2026-08-04 03:57:46,-16.9,-18.3,0.0,2.0,14.0
2026-08-04 03:56:46,-16.8,-18.1,0.0,2.0,14.0
2026-08-04 03:55:46,-16.6,-18.0,0.0,2.0,14.0
2026-08-04 03:54:46,-16.5,-17.9,0.0,2.0,15.0
2026-08-04 03:53:46,-16.5,-17.8,0.0,2.0,16.0
2026-08-04 03:52:46,-16.5,-17.7,0.0,2.0,17.0
2026-08-04 03:51:46,-16.6,-17.7,0.0,2.0,19.0
2026-08-04 03:50:46,-16.8,-17.8,0.0,2.0,22.0
2026-08-04 03:49:46,-16.9,-17.9,0.0,2.0,21.0
2026-08-04 03:48:46,-17.1,-18.0,0.0,2.0,20.0
2026-08-04 03:47:46,-17.2,-18.1,0.0,2.0,20.0
2026-08-04 03:46:46,-17.3,-18.3,0.0,2.0,20.0
2026-08-04 03:45:46,-17.5,-18.4,0.0,2.0,18.0
2026-08-04 03:44:46,-17.4,-18.6,0.0,3.0,16.0
2026-08-04 03:43:46,-17.3,-18.6,2.0,3.0,12.0
2026-08-04 03:42:46,-17.2,-18.5,2.0,3.0,12.0
2026-08-04 03:41:46,-17.1,-18.4,2.0,3.0,13.0
2026-08-04 03:40:46,-17.0,-18.3,1.0,3.0,13.0
2026-08-04 03:39:46,-16.9,-18.2,1.0,3.0,13.0
2026-08-04 03:38:46,-16.8,-18.2,1.0,2.0,13.0
2026-08-04 03:37:46,-16.7,-18.1,1.0,3.0,13.0
2026-08-04 03:36:46,-16.6,-18.0,1.0,2.0,13.0
2026-08-04 03:35:46,-16.5,-17.8,1.0,2.0,14.0
2026-08-04 03:34:46,-16.4,-17.7,0.0,2.0,14.0
2026-08-04 03:33:46,-16.3,-17.6,0.0,2.0,15.0
2026-08-04 03:32:46,-16.3,-17.5,0.0,2.0,15.0
2026-08-04 03:31:46,-16.1,-17.4,0.0,2.0,15.0
2026-08-04 03:30:46,-16.1,-17.3,0.0,2.0,16.0
2026-08-04 03:29:46,-16.1,-17.2,0.0,2.0,17.0
2026-08-04 03:28:46,-16.3,-17.2,0.0,2.0,21.0
2026-08-04 03:27:46,-16.4,-17.3,0.0,2.0,21.0
2026-08-04 03:26:46,-16.5,-17.4,0.0,2.0,22.0
2026-08-04 03:25:46,-16.7,-17.6,0.0,2.0,21.0
2026-08-04 03:24:46,-16.8,-17.7,0.0,2.0,20.0
2026-08-04 03:23:46,-16.9,-17.8,0.0,2.0,19.0
2026-08-04 03:22:46,-16.9,-18.0,0.0,2.0,17.0
2026-08-04 03:21:46,-16.8,-18.1,1.0,3.0,14.0
2026-08-04 03:20:46,-16.7,-18.0,2.0,3.0,13.0
2026-08-04 03:19:46,-16.6,-17.9,1.0,3.0,13.0
2026-08-04 03:18:46,-16.5,-17.8,1.0,3.0,13.0
2026-08-04 03:17:46,-16.4,-17.7,1.0,3.0,14.0
2026-08-04 03:16:46,-16.3,-17.6,1.0,3.0,13.0
2026-08-04 03:15:46,-16.2,-17.5,1.0,3.0,14.0
2026-08-04 03:14:46,-16.1,-17.4,1.0,3.0,14.0
2026-08-04 03:13:46,-16.0,-17.3,0.0,3.0,14.0
2026-08-04 03:12:46,-15.9,-17.2,0.0,3.0,15.0
2026-08-04 03:11:46,-15.8,-17.0,0.0,3.0,15.0
2026-08-04 03:10:46,-15.7,-16.9,0.0,2.0,16.0
2026-08-04 03:09:46,-15.6,-16.8,0.0,2.0,16.0
2026-08-04 03:08:46,-15.6,-16.7,0.0,2.0,17.0
2026-08-04 03:07:46,-15.8,-16.7,0.0,2.0,20.0
2026-08-04 03:06:46,-15.9,-16.8,0.0,2.0,23.0
2026-08-04 03:05:46,-16.0,-16.9,0.0,2.0,22.0
2026-08-04 03:04:46,-16.1,-17.0,0.0,2.0,21.0
2026-08-04 03:03:46,-16.2,-17.1,0.0,2.0,21.0
2026-08-04 03:02:46,-16.4,-17.2,0.0,2.0,20.0
2026-08-04 03:01:46,-16.4,-17.4,0.0,3.0,19.0
2026-08-04 03:00:46,-16.3,-17.5,0.0,3.0,16.0
2026-08-04 02:59:46,-16.2,-17.5,2.0,3.0,13.0
2026-08-04 02:58:46,-16.1,-17.4,1.0,3.0,13.0
2026-08-04 02:57:46,-16.0,-17.3,1.0,3.0,13.0
2026-08-04 02:56:46,-15.8,-17.1,1.0,3.0,14.0
2026-08-04 02:55:46,-15.7,-17.0,1.0,3.0,14.0
2026-08-04 02:54:46,-15.6,-16.9,1.0,3.0,14.0
2026-08-04 02:53:46,-15.5,-16.7,0.0,2.0,14.0
2026-08-04 02:52:46,-15.4,-16.6,0.0,3.0,15.0
2026-08-04 02:51:46,-15.3,-16.5,0.0,3.0,15.0
2026-08-04 02:50:46,-15.2,-16.4,0.0,2.0,16.0
2026-08-04 02:49:46,-15.1,-16.2,0.0,2.0,16.0
2026-08-04 02:48:46,-15.0,-16.2,0.0,2.0,17.0
2026-08-04 02:47:46,-15.1,-16.1,0.0,2.0,19.0
2026-08-04 02:46:46,-15.2,-16.1,0.0,2.0,23.0
2026-08-04 02:45:46,-15.3,-16.1,0.0,2.0,23.0
2026-08-04 02:44:46,-15.5,-16.3,0.0,2.0,23.0
2026-08-04 02:43:46,-15.6,-16.3,0.0,2.0,22.0
2026-08-04 02:42:46,-15.7,-16.5,0.0,2.0,21.0
2026-08-04 02:41:46,-15.7,-16.6,0.0,2.0,20.0
2026-08-04 02:40:46,-15.8,-16.7,0.0,3.0,19.0
2026-08-04 02:39:46,-15.7,-16.8,0.0,3.0,17.0
2026-08-04 02:38:46,-15.5,-16.8,1.0,3.0,14.0
2026-08-04 02:37:46,-15.4,-16.7,1.0,3.0,14.0
2026-08-04 02:36:46,-15.3,-16.5,1.0,3.0,14.0
2026-08-04 02:35:46,-15.2,-16.4,1.0,3.0,14.0
2026-08-04 02:34:46,-15.1,-16.3,1.0,3.0,15.0
2026-08-04 02:33:46,-15.0,-16.1,1.0,3.0,15.0
2026-08-04 02:32:46,-14.8,-16.0,0.0,3.0,16.0
2026-08-04 02:31:46,-14.7,-15.8,0.0,3.0,16.0
2026-08-04 02:30:46,-14.5,-15.7,0.0,3.0,16.0
2026-08-04 02:29:46,-14.4,-15.6,0.0,3.0,17.0
2026-08-04 02:28:46,-14.3,-15.4,0.0,2.0,18.0
2026-08-04 02:27:46,-14.3,-15.3,0.0,2.0,19.0
2026-08-04 02:26:46,-14.3,-15.2,0.0,2.0,21.0
2026-08-04 02:25:46,-14.4,-15.2,0.0,2.0,25.0
2026-08-04 02:24:46,-14.4,-15.3,0.0,2.0,24.0
2026-08-04 02:23:46,-14.5,-15.4,0.0,2.0,24.0
2026-08-04 02:22:46,-14.6,-15.4,0.0,2.0,23.0
2026-08-04 02:21:46,-14.7,-15.5,0.0,2.0,23.0
2026-08-04 02:20:46,-14.8,-15.6,0.0,3.0,23.0
2026-08-04 02:19:46,-14.9,-15.7,0.0,2.0,23.0
2026-08-04 02:18:46,-15.0,-15.8,0.0,3.0,22.0
2026-08-04 02:17:46,-15.1,-15.9,0.0,3.0,21.0
2026-08-04 02:16:46,-15.2,-16.0,0.0,3.0,21.0
2026-08-04 02:15:46,-15.3,-16.1,0.0,3.0,20.0
2026-08-04 02:14:46,-15.3,-16.2,0.0,3.0,18.0
2026-08-04 02:13:46,-15.2,-16.3,2.0,3.0,16.0
2026-08-04 02:12:46,-15.0,-16.3,2.0,3.0,13.0
2026-08-04 02:11:46,-14.9,-16.1,2.0,3.0,13.0
2026-08-04 02:10:46,-14.8,-16.0,2.0,3.0,14.0
2026-08-04 02:09:46,-14.6,-15.9,2.0,3.0,14.0
2026-08-04 02:08:46,-14.5,-15.7,2.0,3.0,14.0
2026-08-04 02:07:46,-14.3,-15.6,1.0,3.0,14.0
2026-08-04 02:06:46,-14.2,-15.4,1.0,3.0,14.0
2026-08-04 02:05:46,-14.0,-15.3,1.0,3.0,15.0
2026-08-04 02:04:46,-13.9,-15.2,1.0,3.0,15.0
2026-08-04 02:03:46,-13.8,-15.0,1.0,3.0,15.0
2026-08-04 02:02:46,-13.6,-14.8,1.0,3.0,16.0
2026-08-04 02:01:46,-13.4,-14.7,1.0,3.0,15.0
2026-08-04 02:00:46,-13.3,-14.6,0.0,3.0,16.0
2026-08-04 01:59:46,-13.3,-14.4,0.0,3.0,16.0
2026-08-04 01:58:46,-13.3,-14.4,0.0,2.0,16.0
2026-08-04 01:57:46,-13.3,-14.3,0.0,2.0,18.0
2026-08-04 01:56:46,-13.4,-14.4,0.0,2.0,20.0
2026-08-04 01:55:46,-13.5,-14.5,0.0,2.0,20.0
2026-08-04 01:54:46,-13.6,-14.6,0.0,2.0,19.0
2026-08-04 01:53:46,-13.7,-14.7,0.0,2.0,19.0
2026-08-04 01:52:46,-13.8,-14.8,0.0,3.0,18.0
2026-08-04 01:51:46,-13.9,-14.9,0.0,3.0,19.0
2026-08-04 01:50:46,-14.1,-15.1,0.0,3.0,18.0
2026-08-04 01:49:46,-14.2,-15.2,0.0,3.0,18.0
2026-08-04 01:48:46,-14.3,-15.4,0.0,3.0,17.0
2026-08-04 01:47:46,-14.5,-15.5,1.0,3.0,17.0
2026-08-04 01:46:46,-14.8,-15.7,1.0,3.0,16.0
2026-08-04 01:45:46,-15.0,-15.9,1.0,3.0,15.0
2026-08-04 01:44:46,-15.2,-16.0,2.0,3.0,13.0
2026-08-04 01:43:46,-15.2,-16.1,4.0,3.0,10.0
2026-08-04 01:42:46,-15.1,-16.1,4.0,3.0,9.0
2026-08-04 01:41:46,-15.0,-16.0,4.0,3.0,9.0
2026-08-04 01:40:46,-14.9,-15.9,4.0,4.0,9.0
2026-08-04 01:39:46,-14.8,-15.8,4.0,4.0,9.0
2026-08-04 01:38:46,-14.7,-15.7,3.0,4.0,10.0
2026-08-04 01:37:46,-14.6,-15.6,3.0,4.0,10.0
2026-08-04 01:36:46,-14.5,-15.5,3.0,4.0,10.0
2026-08-04 01:35:46,-14.4,-15.3,3.0,4.0,10.0
2026-08-04 01:34:46,-14.3,-15.2,3.0,4.0,10.0
2026-08-04 01:33:46,-14.2,-15.1,3.0,4.0,10.0
2026-08-04 01:32:46,-14.1,-15.0,3.0,4.0,10.0
2026-08-04 01:31:46,-14.0,-14.8,2.0,4.0,10.0
2026-08-04 01:30:46,-13.8,-14.7,2.0,4.0,11.0
2026-08-04 01:29:46,-13.7,-14.6,2.0,4.0,11.0
2026-08-04 01:28:46,-13.5,-14.4,2.0,4.0,11.0
2026-08-04 01:27:46,-13.4,-14.3,2.0,4.0,11.0
2026-08-04 01:26:46,-13.3,-14.1,2.0,4.0,12.0
2026-08-04 01:25:46,-13.1,-14.0,1.0,4.0,12.0
2026-08-04 01:24:46,-12.9,-13.8,1.0,4.0,12.0
2026-08-04 01:23:46,-12.8,-13.7,1.0,3.0,13.0
2026-08-04 01:22:46,-12.6,-13.5,1.0,3.0,13.0
2026-08-04 01:21:46,-12.4,-13.3,1.0,3.0,13.0
2026-08-04 01:20:46,-12.2,-13.1,0.0,3.0,14.0
2026-08-04 01:19:46,-12.1,-12.9,0.0,3.0,15.0
2026-08-04 01:18:46,-11.9,-12.8,0.0,3.0,17.0
2026-08-04 01:17:46,-11.8,-12.7,0.0,2.0,19.0
2026-08-04 01:16:46,-11.8,-12.7,0.0,2.0,22.0
2026-08-04 01:15:46,-11.9,-12.7,0.0,2.0,22.0
2026-08-04 01:14:46,-11.9,-12.8,0.0,2.0,22.0
2026-08-04 01:13:46,-12.0,-12.9,0.0,3.0,22.0
2026-08-04 01:12:46,-12.0,-12.9,0.0,3.0,22.0
2026-08-04 01:11:46,-12.1,-12.9,0.0,3.0,21.0
2026-08-04 01:10:46,-12.1,-13.0,0.0,3.0,21.0
2026-08-04 01:09:46,-12.2,-13.1,0.0,3.0,21.0
2026-08-04 01:08:46,-12.3,-13.2,0.0,3.0,21.0
2026-08-04 01:07:46,-12.4,-13.3,0.0,3.0,21.0
2026-08-04 01:06:46,-12.4,-13.4,1.0,3.0,21.0
2026-08-04 01:05:46,-12.5,-13.5,1.0,4.0,20.0
2026-08-04 01:04:46,-12.6,-13.6,1.0,4.0,20.0
2026-08-04 01:03:46,-12.7,-13.7,2.0,4.0,20.0
2026-08-04 01:02:46,-12.9,-13.8,2.0,4.0,19.0
2026-08-04 01:01:46,-13.1,-14.0,3.0,4.0,19.0
2026-08-04 01:00:46,-13.3,-14.2,3.0,4.0,18.0
2026-08-04 00:59:46,-13.5,-14.4,3.0,3.0,18.0
2026-08-04 00:58:46,-13.7,-14.5,4.0,3.0,17.0
2026-08-04 00:57:46,-13.9,-14.7,5.0,4.0,14.0
2026-08-04 00:56:46,-13.9,-14.8,6.0,4.0,10.0
2026-08-04 00:55:46,-13.8,-14.7,6.0,4.0,10.0
2026-08-04 00:54:46,-13.7,-14.6,6.0,4.0,10.0
2026-08-04 00:53:46,-13.6,-14.5,6.0,3.0,10.0
2026-08-04 00:52:46,-13.5,-14.4,6.0,4.0,10.0
2026-08-04 00:51:46,-13.4,-14.3,6.0,4.0,11.0
2026-08-04 00:50:46,-13.4,-14.2,6.0,4.0,11.0
2026-08-04 00:49:46,-13.3,-14.1,6.0,4.0,11.0
2026-08-04 00:48:46,-13.2,-14.0,5.0,4.0,11.0
2026-08-04 00:47:46,-13.1,-13.9,5.0,4.0,11.0
2026-08-04 00:46:46,-13.0,-13.8,5.0,4.0,11.0
2026-08-04 00:45:46,-12.9,-13.7,5.0,4.0,11.0
2026-08-04 00:44:46,-12.8,-13.6,5.0,3.0,11.0
2026-08-04 00:43:46,-12.7,-13.5,5.0,4.0,11.0
2026-08-04 00:42:46,-12.6,-13.4,5.0,4.0,11.0
2026-08-04 00:41:46,-12.5,-13.3,4.0,4.0,11.0
2026-08-04 00:40:46,-12.3,-13.1,4.0,4.0,11.0
2026-08-04 00:39:46,-12.2,-13.0,4.0,3.0,12.0
2026-08-04 00:38:46,-12.1,-12.9,4.0,3.0,12.0
2026-08-04 00:37:46,-12.0,-12.8,4.0,4.0,12.0
2026-08-04 00:36:46,-11.9,-12.6,4.0,4.0,12.0
2026-08-04 00:35:46,-11.8,-12.5,4.0,4.0,12.0
2026-08-04 00:34:46,-11.7,-12.4,4.0,4.0,12.0
2026-08-04 00:33:46,-11.5,-12.3,3.0,4.0,13.0
2026-08-04 00:32:46,-11.4,-12.1,3.0,4.0,13.0
2026-08-04 00:31:46,-11.2,-12.0,3.0,4.0,13.0
2026-08-04 00:30:46,-11.1,-11.8,3.0,4.0,13.0
2026-08-04 00:29:46,-11.0,-11.7,3.0,4.0,13.0
2026-08-04 00:28:46,-10.8,-11.5,3.0,4.0,13.0
2026-08-04 00:27:46,-10.7,-11.4,3.0,4.0,13.0
2026-08-04 00:26:46,-10.5,-11.2,2.0,4.0,14.0
2026-08-04 00:25:46,-10.4,-11.1,2.0,4.0,14.0
2026-08-04 00:24:46,-10.2,-10.9,2.0,4.0,14.0
2026-08-04 00:23:46,-10.0,-10.7,2.0,4.0,14.0
2026-08-04 00:22:46,-9.8,-10.6,2.0,4.0,15.0
2026-08-04 00:21:46,-9.7,-10.4,2.0,4.0,15.0
2026-08-04 00:20:46,-9.5,-10.2,1.0,4.0,16.0
2026-08-04 00:19:46,-9.3,-9.9,1.0,3.0,16.0
2026-08-04 00:18:46,-9.0,-9.7,1.0,4.0,16.0
2026-08-04 00:17:46,-8.8,-9.5,1.0,3.0,17.0
2026-08-04 00:16:46,-8.6,-9.3,1.0,3.0,17.0
2026-08-04 00:15:46,-8.4,-9.1,0.0,3.0,18.0
2026-08-04 00:14:46,-8.2,-8.8,0.0,3.0,19.0
2026-08-04 00:13:46,-8.0,-8.6,0.0,2.0,21.0
2026-08-04 00:12:46,-7.8,-8.5,0.0,2.0,26.0
2026-08-04 00:11:46,-7.8,-8.4,0.0,2.0,26.0
2026-08-04 00:10:46,-7.7,-8.4,0.0,2.0,26.0
2026-08-04 00:09:46,-7.7,-8.3,0.0,2.0,26.0
2026-08-04 00:08:46,-7.6,-8.2,0.0,2.0,26.0
2026-08-04 00:07:46,-7.5,-8.1,0.0,3.0,26.0
2026-08-04 00:06:46,-7.5,-8.1,0.0,3.0,26.0
2026-08-04 00:05:46,-7.4,-8.0,0.0,3.0,26.0
2026-08-04 00:04:46,-7.3,-7.9,0.0,3.0,27.0
2026-08-04 00:03:46,-7.2,-7.9,0.0,3.0,27.0
2026-08-04 00:02:46,-7.2,-7.8,0.0,3.0,27.0
2026-08-04 00:01:46,-7.1,-7.7,0.0,3.0,27.0
2026-08-04 00:00:46,-7.0,-7.7,0.0,3.0,27.0
2026-08-03 23:59:46,-6.9,-7.6,0.0,3.0,27.0
2026-08-03 23:58:46,-6.8,-7.5,0.0,3.0,27.0
2026-08-03 23:57:46,-6.8,-7.5,1.0,3.0,27.0
2026-08-03 23:56:46,-6.7,-7.4,1.0,3.0,27.0
2026-08-03 23:55:46,-6.6,-7.3,1.0,3.0,27.0
2026-08-03 23:54:46,-6.5,-7.2,1.0,4.0,27.0
2026-08-03 23:53:46,-6.4,-7.2,1.0,4.0,27.0
2026-08-03 23:52:46,-6.3,-7.1,1.0,4.0,27.0
2026-08-03 23:51:46,-6.2,-7.0,1.0,4.0,27.0
2026-08-03 23:50:46,-6.1,-6.9,2.0,4.0,27.0
2026-08-03 23:49:46,-6.0,-6.8,2.0,4.0,27.0
2026-08-03 23:48:46,-5.9,-6.7,2.0,4.0,27.0
2026-08-03 23:47:46,-5.7,-6.6,2.0,4.0,27.0
2026-08-03 23:46:46,-5.6,-6.5,3.0,4.0,27.0
2026-08-03 23:45:46,-5.5,-6.5,3.0,4.0,27.0
2026-08-03 23:44:46,-5.4,-6.4,3.0,4.0,27.0
2026-08-03 23:43:46,-5.3,-6.3,3.0,4.0,27.0
2026-08-03 23:42:46,-5.1,-6.2,3.0,4.0,27.0
2026-08-03 23:41:46,-5.0,-6.1,4.0,5.0,26.0
2026-08-03 23:40:46,-4.8,-6.0,4.0,5.0,26.0
2026-08-03 23:39:46,-4.7,-5.9,4.0,5.0,26.0
2026-08-03 23:38:46,-4.5,-5.8,5.0,5.0,27.0
2026-08-03 23:37:46,-4.3,-5.7,5.0,5.0,27.0
2026-08-03 23:36:46,-4.0,-5.6,5.0,5.0,27.0
2026-08-03 23:35:46,-3.6,-5.6,6.0,5.0,28.0
2026-08-03 23:34:46,-3.1,-5.7,6.0,5.0,29.0
2026-08-03 23:33:46,-2.5,-6.1,6.0,5.0,30.0
2026-08-03 23:32:46,-1.8,-7.3,7.0,5.0,31.0
2026-08-03 23:31:46,-1.7,-7.9,7.0,5.0,31.0
2026-08-03 23:30:46,-1.5,-7.7,7.0,4.0,30.0
2026-08-03 23:29:46,-1.4,-7.5,6.0,5.0,30.0
2026-08-03 23:28:46,-1.2,-7.3,6.0,5.0,30.0
2026-08-03 23:27:46,-1.1,-7.0,6.0,4.0,30.0
2026-08-03 23:26:46,-0.9,-6.8,6.0,4.0,29.0
2026-08-03 23:25:46,-0.8,-6.4,6.0,4.0,29.0
2026-08-03 23:24:46,-0.6,-6.2,6.0,4.0,29.0
2026-08-03 23:23:46,-0.5,-5.8,6.0,4.0,28.0
2026-08-03 23:22:46,-0.2,-5.6,6.0,4.0,28.0
2026-08-03 23:21:46,0.0,-5.3,6.0,4.0,27.0
2026-08-03 23:20:46,0.2,-5.0,6.0,4.0,27.0
2026-08-03 23:19:46,0.4,-4.7,6.0,4.0,26.0
2026-08-03 23:18:46,0.6,-4.5,5.0,4.0,26.0
2026-08-03 23:17:46,0.8,-4.4,5.0,4.0,25.0
2026-08-03 23:16:46,1.0,-4.2,5.0,4.0,25.0
2026-08-03 23:15:46,1.2,-4.1,5.0,4.0,24.0
2026-08-03 23:14:46,1.4,-4.1,5.0,4.0,24.0
2026-08-03 23:13:46,1.5,-4.1,5.0,4.0,25.0
2026-08-03 23:12:46,1.6,-4.2,5.0,4.0,25.0
2026-08-03 23:11:46,1.4,-4.4,5.0,4.0,25.0
2026-08-03 23:10:46,1.2,-4.6,5.0,3.0,26.0
2026-08-03 23:09:46,0.8,-4.9,5.0,3.0,26.0
2026-08-03 23:08:46,0.2,-5.4,4.0,3.0,26.0
2026-08-03 23:07:46,-0.7,-6.1,4.0,3.0,27.0
2026-08-03 23:06:46,-1.8,-6.9,4.0,3.0,27.0
2026-08-03 23:05:46,-3.0,-7.8,4.0,3.0,27.0
2026-08-03 23:04:46,-3.9,-8.5,4.0,3.0,27.0
2026-08-03 23:03:46,-4.8,-9.1,4.0,3.0,27.0
2026-08-03 23:02:46,-5.6,-9.7,4.0,3.0,27.0
2026-08-03 23:01:46,-6.3,-10.3,4.0,3.0,27.0
2026-08-03 23:00:46,-7.0,-10.8,4.0,3.0,28.0
2026-08-03 22:59:46,-7.8,-11.3,3.0,3.0,28.0
2026-08-03 22:58:46,-8.6,-11.7,3.0,3.0,28.0
2026-08-03 22:57:46,-9.3,-12.2,3.0,3.0,28.0
2026-08-03 22:56:46,-10.2,-12.7,3.0,3.0,29.0
2026-08-03 22:55:46,-11.0,-13.2,3.0,3.0,29.0
2026-08-03 22:54:46,-11.9,-13.7,3.0,3.0,29.0
2026-08-03 22:53:46,-12.7,-14.2,2.0,3.0,29.0
2026-08-03 22:52:46,-13.5,-14.7,2.0,3.0,29.0
2026-08-03 22:51:46,-14.2,-15.1,2.0,3.0,29.0
2026-08-03 22:50:46,-14.7,-15.5,2.0,3.0,28.0
2026-08-03 22:49:46,-15.0,-15.9,1.0,3.0,28.0
2026-08-03 22:48:46,-15.1,-16.1,1.0,3.0,27.0
2026-08-03 22:47:46,-15.4,-16.3,1.0,3.0,26.0
2026-08-03 22:46:46,-15.7,-16.4,0.0,2.0,23.0
2026-08-03 22:45:46,-15.8,-16.5,0.0,2.0,20.0
2026-08-03 22:44:46,-15.7,-16.5,1.0,2.0,18.0
2026-08-03 22:43:46,-15.6,-16.4,1.0,3.0,18.0
2026-08-03 22:42:46,-15.5,-16.2,0.0,2.0,18.0
2026-08-03 22:41:46,-15.4,-16.1,0.0,2.0,19.0
2026-08-03 22:40:46,-15.2,-16.0,0.0,2.0,19.0
2026-08-03 22:39:46,-15.1,-15.9,0.0,2.0,19.0
2026-08-03 22:38:46,-15.0,-15.8,0.0,2.0,19.0
2026-08-03 22:37:46,-14.9,-15.7,0.0,2.0,20.0
2026-08-03 22:36:46,-14.7,-15.5,0.0,2.0,20.0
2026-08-03 22:35:46,-14.6,-15.4,0.0,2.0,21.0
2026-08-03 22:34:46,-14.5,-15.3,0.0,2.0,21.0
2026-08-03 22:33:46,-14.4,-15.2,0.0,2.0,23.0
2026-08-03 22:32:46,-14.4,-15.1,0.0,2.0,24.0
2026-08-03 22:31:46,-14.4,-15.0,0.0,1.0,28.0
2026-08-03 22:30:46,-14.5,-14.9,0.0,1.0,31.0
2026-08-03 22:29:46,-14.5,-15.0,0.0,1.0,31.0
2026-08-03 22:28:46,-14.5,-15.0,0.0,1.0,31.0
2026-08-03 22:27:46,-14.5,-15.0,0.0,1.0,31.0
2026-08-03 22:26:46,-14.6,-15.1,0.0,1.0,31.0
2026-08-03 22:25:46,-14.6,-15.1,0.0,2.0,30.0
2026-08-03 22:24:46,-14.6,-15.1,0.0,2.0,31.0
2026-08-03 22:23:46,-14.7,-15.2,0.0,2.0,31.0
2026-08-03 22:22:46,-14.7,-15.3,0.0,2.0,30.0
2026-08-03 22:21:46,-14.8,-15.3,0.0,2.0,30.0
2026-08-03 22:20:46,-14.8,-15.4,0.0,2.0,29.0
2026-08-03 22:19:46,-14.9,-15.4,0.0,2.0,30.0
2026-08-03 22:18:46,-15.0,-15.5,0.0,2.0,30.0
2026-08-03 22:17:46,-15.1,-15.5,0.0,2.0,29.0
2026-08-03 22:16:46,-15.2,-15.7,0.0,2.0,28.0
2026-08-03 22:15:46,-15.3,-15.7,0.0,2.0,27.0
2026-08-03 22:14:46,-15.4,-15.8,0.0,2.0,27.0
2026-08-03 22:13:46,-15.5,-15.9,0.0,2.0,26.0
2026-08-03 22:12:46,-15.5,-16.0,0.0,2.0,24.0
2026-08-03 22:11:46,-15.5,-16.1,0.0,3.0,21.0
2026-08-03 22:10:46,-15.4,-16.1,2.0,3.0,19.0
2026-08-03 22:09:46,-15.2,-15.9,2.0,3.0,19.0
2026-08-03 22:08:46,-15.1,-15.8,1.0,2.0,18.0
2026-08-03 22:07:46,-15.0,-15.7,0.0,2.0,18.0
2026-08-03 22:06:46,-14.9,-15.6,0.0,2.0,19.0
2026-08-03 22:05:46,-14.7,-15.5,0.0,2.0,19.0
2026-08-03 22:04:46,-14.6,-15.3,0.0,3.0,19.0
2026-08-03 22:03:46,-14.5,-15.2,0.0,2.0,19.0
2026-08-03 22:02:46,-14.4,-15.0,0.0,3.0,20.0
2026-08-03 22:01:46,-14.4,-14.9,0.0,2.0,20.0
2026-08-03 22:00:46,-14.3,-14.8,0.0,3.0,21.0
2026-08-03 21:59:46,-14.1,-14.6,0.0,3.0,22.0
2026-08-03 21:58:46,-13.8,-14.3,0.0,3.0,23.0
2026-08-03 21:57:46,-13.3,-13.9,0.0,3.0,24.0
2026-08-03 21:56:46,-12.9,-13.4,0.0,2.0,27.0
2026-08-03 21:55:46,-12.1,-12.9,0.0,2.0,29.0
2026-08-03 21:54:46,-10.9,-12.6,0.0,2.0,30.0
2026-08-03 21:53:46,-14.4,-14.9,0.0,2.0,31.0
2026-08-03 21:52:46,-14.4,-15.0,0.0,2.0,31.0
2026-08-03 21:51:46,-14.5,-15.0,0.0,2.0,31.0
2026-08-03 21:50:46,-14.5,-15.0,0.0,2.0,31.0
2026-08-03 21:49:46,-14.6,-15.1,0.0,2.0,30.0
2026-08-03 21:48:46,-14.6,-15.1,0.0,2.0,30.0
2026-08-03 21:47:46,-14.6,-15.2,0.0,2.0,30.0
2026-08-03 21:46:46,-14.7,-15.3,0.0,2.0,30.0
2026-08-03 21:45:46,-14.8,-15.3,0.0,2.0,30.0
2026-08-03 21:44:46,-14.8,-15.4,0.0,3.0,29.0
2026-08-03 21:43:46,-14.9,-15.4,0.0,3.0,28.0
2026-08-03 21:42:46,-15.0,-15.5,0.0,3.0,28.0
2026-08-03 21:41:46,-15.1,-15.6,0.0,3.0,28.0
2026-08-03 21:40:46,-15.2,-15.6,0.0,3.0,27.0
2026-08-03 21:39:46,-15.3,-15.7,0.0,3.0,26.0
2026-08-03 21:38:46,-15.3,-15.8,0.0,3.0,24.0
2026-08-03 21:37:46,-15.4,-15.9,0.0,3.0,23.0
2026-08-03 21:36:46,-15.3,-15.9,0.0,3.0,21.0
2026-08-03 21:35:46,-15.2,-15.9,2.0,3.0,18.0
2026-08-03 21:34:46,-15.1,-15.8,2.0,3.0,18.0
2026-08-03 21:33:46,-15.0,-15.8,2.0,3.0,18.0
2026-08-03 21:32:46,-14.9,-15.6,1.0,3.0,18.0
2026-08-03 21:31:46,-14.8,-15.5,1.0,3.0,18.0
2026-08-03 21:30:46,-14.6,-15.4,1.0,3.0,18.0
2026-08-03 21:29:46,-14.5,-15.3,1.0,3.0,18.0
2026-08-03 21:28:46,-14.4,-15.1,1.0,3.0,19.0
2026-08-03 21:27:46,-14.2,-15.0,1.0,3.0,19.0
2026-08-03 21:26:46,-14.1,-14.8,0.0,3.0,19.0
2026-08-03 21:25:46,-13.9,-14.7,0.0,3.0,19.0
2026-08-03 21:24:46,-13.8,-14.6,0.0,3.0,20.0
2026-08-03 21:23:46,-13.6,-14.4,0.0,3.0,20.0
2026-08-03 21:22:46,-13.5,-14.3,0.0,3.0,21.0
2026-08-03 21:21:46,-13.3,-14.2,0.0,3.0,21.0
2026-08-03 21:20:46,-13.2,-14.1,0.0,3.0,22.0
2026-08-03 21:19:46,-13.0,-14.0,0.0,2.0,22.0
2026-08-03 21:18:46,-13.0,-13.9,0.0,2.0,24.0
2026-08-03 21:17:46,-13.2,-13.9,0.0,2.0,30.0
2026-08-03 21:16:46,-13.4,-13.8,0.0,3.0,30.0
2026-08-03 21:15:46,-13.4,-13.9,0.0,3.0,31.0
2026-08-03 21:14:46,-13.5,-14.0,0.0,3.0,30.0
2026-08-03 21:13:46,-13.6,-14.0,0.0,3.0,28.0
2026-08-03 21:12:46,-13.5,-14.0,0.0,3.0,24.0
2026-08-03 21:11:46,-13.6,-14.1,0.0,2.0,29.0
2026-08-03 21:10:46,-13.7,-14.1,0.0,2.0,31.0
2026-08-03 21:09:46,-13.8,-14.1,0.0,2.0,31.0
2026-08-03 21:08:46,-13.8,-14.2,0.0,2.0,31.0
2026-08-03 21:07:46,-13.9,-14.2,0.0,2.0,30.0
2026-08-03 21:06:46,-13.9,-14.2,0.0,2.0,30.0
2026-08-03 21:05:46,-13.9,-14.2,0.0,2.0,30.0
2026-08-03 21:04:46,-13.9,-14.2,0.0,2.0,30.0
2026-08-03 21:03:46,-13.7,-14.1,0.0,2.0,30.0
2026-08-03 21:02:46,-13.4,-13.9,0.0,3.0,29.0
2026-08-03 21:01:46,-13.0,-13.6,0.0,2.0,29.0
2026-08-03 21:00:46,-12.3,-13.3,0.0,2.0,29.0
2026-08-03 20:59:46,-11.1,-13.2,0.0,3.0,28.0
2026-08-03 20:58:46,-14.5,-15.1,0.0,3.0,29.0
2026-08-03 20:57:46,-14.6,-15.1,0.0,3.0,28.0
2026-08-03 20:56:46,-14.6,-15.2,0.0,3.0,27.0
2026-08-03 20:55:46,-14.7,-15.3,0.0,3.0,27.0
2026-08-03 20:54:46,-14.8,-15.3,0.0,3.0,27.0
2026-08-03 20:53:46,-14.9,-15.4,0.0,3.0,26.0
2026-08-03 20:52:46,-15.0,-15.5,0.0,3.0,25.0
2026-08-03 20:51:46,-15.1,-15.6,0.0,3.0,24.0
2026-08-03 20:50:46,-15.1,-15.6,0.0,4.0,23.0
2026-08-03 20:49:46,-15.2,-15.7,0.0,4.0,22.0
2026-08-03 20:48:46,-15.1,-15.8,1.0,4.0,20.0
2026-08-03 20:47:46,-14.9,-15.8,3.0,4.0,16.0
2026-08-03 20:46:46,-14.8,-15.6,3.0,4.0,16.0
2026-08-03 20:45:46,-14.7,-15.5,3.0,4.0,16.0
2026-08-03 20:44:46,-14.6,-15.4,2.0,4.0,17.0
2026-08-03 20:43:46,-14.4,-15.3,2.0,4.0,17.0
2026-08-03 20:42:46,-14.3,-15.2,2.0,4.0,17.0
2026-08-03 20:41:46,-14.2,-15.0,2.0,4.0,17.0
2026-08-03 20:40:46,-14.1,-14.9,2.0,4.0,17.0
2026-08-03 20:39:46,-13.8,-14.8,1.0,4.0,17.0
2026-08-03 20:38:46,-13.7,-14.7,1.0,4.0,17.0
2026-08-03 20:37:46,-13.5,-14.5,1.0,4.0,18.0
2026-08-03 20:36:46,-13.4,-14.4,1.0,4.0,18.0
2026-08-03 20:35:46,-13.2,-14.3,1.0,4.0,18.0
2026-08-03 20:34:46,-13.0,-14.2,0.0,3.0,18.0
2026-08-03 20:33:46,-12.8,-14.1,0.0,3.0,18.0
2026-08-03 20:32:46,-12.6,-14.1,0.0,3.0,19.0
2026-08-03 20:31:46,-12.5,-14.1,0.0,3.0,21.0
2026-08-03 20:30:46,-12.6,-14.1,0.0,3.0,23.0
2026-08-03 20:29:46,-12.7,-14.2,0.0,3.0,23.0
2026-08-03 20:28:46,-12.8,-14.2,0.0,3.0,23.0
2026-08-03 20:27:46,-12.8,-14.3,0.0,3.0,22.0
2026-08-03 20:26:46,-12.9,-14.4,0.0,3.0,22.0
2026-08-03 20:25:46,-13.0,-14.4,0.0,3.0,22.0
2026-08-03 20:24:46,-13.1,-14.5,0.0,3.0,22.0
2026-08-03 20:23:46,-13.2,-14.6,0.0,4.0,21.0
2026-08-03 20:22:46,-13.3,-14.7,0.0,4.0,21.0
2026-08-03 20:21:46,-13.4,-14.8,0.0,4.0,21.0
2026-08-03 20:20:46,-13.6,-15.0,0.0,4.0,20.0
2026-08-03 20:19:46,-13.8,-15.1,0.0,4.0,20.0
2026-08-03 20:18:46,-13.9,-15.2,1.0,4.0,19.0
2026-08-03 20:17:46,-14.0,-15.3,1.0,4.0,18.0
2026-08-03 20:16:46,-14.2,-15.5,1.0,4.0,17.0
2026-08-03 20:15:46,-14.2,-15.6,2.0,4.0,16.0
2026-08-03 20:14:46,-14.0,-15.8,4.0,4.0,12.0
2026-08-03 20:13:46,-13.9,-15.7,4.0,4.0,10.0
2026-08-03 20:12:46,-13.8,-15.6,4.0,4.0,11.0
2026-08-03 20:11:46,-13.7,-15.5,4.0,4.0,11.0
2026-08-03 20:10:46,-13.6,-15.4,4.0,4.0,11.0
2026-08-03 20:09:46,-13.5,-15.2,4.0,4.0,11.0
2026-08-03 20:08:46,-13.4,-15.1,4.0,4.0,11.0
2026-08-03 20:07:46,-13.3,-15.0,4.0,4.0,11.0
2026-08-03 20:06:46,-13.2,-14.9,3.0,4.0,11.0
2026-08-03 20:05:46,-13.1,-14.8,3.0,4.0,11.0
2026-08-03 20:04:46,-13.1,-14.7,3.0,4.0,12.0
2026-08-03 20:03:46,-13.0,-14.5,3.0,4.0,12.0
2026-08-03 20:02:46,-12.8,-14.3,3.0,4.0,12.0
2026-08-03 20:01:46,-12.5,-13.9,3.0,4.0,12.0
2026-08-03 20:00:46,-12.0,-13.4,3.0,4.0,13.0
2026-08-03 19:59:46,-11.2,-12.6,3.0,4.0,14.0
2026-08-03 19:58:46,-9.9,-11.8,2.0,4.0,16.0
2026-08-03 19:57:46,-12.7,-14.5,2.0,4.0,11.0
2026-08-03 19:56:46,-12.6,-14.4,2.0,4.0,12.0
2026-08-03 19:55:46,-12.4,-14.2,2.0,4.0,12.0
2026-08-03 19:54:46,-12.3,-14.1,2.0,4.0,13.0
2026-08-03 19:53:46,-12.1,-13.9,1.0,4.0,13.0
2026-08-03 19:52:46,-12.0,-13.8,1.0,4.0,13.0
2026-08-03 19:51:46,-11.9,-13.6,1.0,4.0,14.0
2026-08-03 19:50:46,-11.8,-13.4,1.0,4.0,15.0
2026-08-03 19:49:46,-11.6,-13.3,0.0,4.0,16.0
2026-08-03 19:48:46,-11.5,-13.1,0.0,3.0,17.0
2026-08-03 19:47:46,-11.5,-13.0,0.0,3.0,20.0
2026-08-03 19:46:46,-11.5,-12.9,0.0,3.0,23.0
2026-08-03 19:45:46,-11.5,-13.0,0.0,3.0,23.0
2026-08-03 19:44:46,-11.6,-13.0,0.0,3.0,23.0
2026-08-03 19:43:46,-11.6,-13.1,0.0,3.0,23.0
2026-08-03 19:42:46,-11.7,-13.1,0.0,3.0,23.0
2026-08-03 19:41:46,-11.7,-13.1,0.0,3.0,23.0
2026-08-03 19:40:46,-11.8,-13.2,0.0,4.0,23.0
2026-08-03 19:39:46,-11.8,-13.2,0.0,4.0,23.0
2026-08-03 19:38:46,-11.9,-13.3,0.0,4.0,22.0
2026-08-03 19:37:46,-12.0,-13.4,0.0,4.0,22.0
2026-08-03 19:36:46,-12.0,-13.4,0.0,4.0,22.0
2026-08-03 19:35:46,-12.1,-13.5,0.0,4.0,22.0
2026-08-03 19:34:46,-12.2,-13.6,0.0,4.0,21.0
2026-08-03 19:33:46,-12.3,-13.7,0.0,4.0,21.0
2026-08-03 19:32:46,-12.4,-13.8,1.0,4.0,21.0
2026-08-03 19:31:46,-12.5,-13.9,1.0,4.0,20.0
2026-08-03 19:30:46,-12.7,-14.0,1.0,4.0,20.0
2026-08-03 19:29:46,-12.8,-14.2,2.0,4.0,19.0
2026-08-03 19:28:46,-13.0,-14.3,2.0,4.0,19.0
2026-08-03 19:27:46,-13.2,-14.5,3.0,4.0,18.0
2026-08-03 19:26:46,-13.2,-14.6,3.0,4.0,16.0
2026-08-03 19:25:46,-13.1,-14.7,4.0,4.0,14.0
2026-08-03 19:24:46,-12.9,-14.8,6.0,4.0,10.0
2026-08-03 19:23:46,-12.8,-14.7,6.0,4.0,10.0
2026-08-03 19:22:46,-12.7,-14.5,6.0,4.0,10.0
2026-08-03 19:21:46,-12.6,-14.4,6.0,4.0,10.0
2026-08-03 19:20:46,-12.5,-14.3,5.0,4.0,11.0
2026-08-03 19:19:46,-12.5,-14.2,5.0,4.0,11.0
2026-08-03 19:18:46,-12.3,-14.1,5.0,4.0,11.0
2026-08-03 19:17:46,-12.2,-14.0,5.0,4.0,11.0
2026-08-03 19:16:46,-12.0,-13.9,5.0,4.0,11.0
2026-08-03 19:15:46,-11.9,-13.8,5.0,4.0,11.0
2026-08-03 19:14:46,-11.8,-13.6,5.0,4.0,11.0
2026-08-03 19:13:46,-11.7,-13.5,5.0,4.0,11.0
2026-08-03 19:12:46,-11.5,-13.4,5.0,4.0,11.0
2026-08-03 19:11:46,-11.4,-13.3,4.0,4.0,11.0
2026-08-03 19:10:46,-11.3,-13.2,4.0,4.0,12.0
2026-08-03 19:09:46,-11.2,-13.0,4.0,4.0,12.0
2026-08-03 19:08:46,-11.1,-12.9,4.0,4.0,12.0
2026-08-03 19:07:46,-10.9,-12.8,4.0,4.0,12.0
2026-08-03 19:06:46,-10.9,-12.7,4.0,4.0,12.0
2026-08-03 19:05:46,-10.7,-12.6,4.0,4.0,13.0
2026-08-03 19:04:46,-10.6,-12.4,3.0,4.0,13.0
2026-08-03 19:03:46,-10.4,-12.3,3.0,4.0,13.0
2026-08-03 19:02:46,-10.3,-12.2,3.0,4.0,13.0
2026-08-03 19:01:46,-10.2,-12.0,3.0,4.0,13.0
2026-08-03 19:00:46,-10.0,-11.9,3.0,4.0,13.0
2026-08-03 18:59:46,-9.8,-11.7,3.0,4.0,14.0
2026-08-03 18:58:46,-9.6,-11.6,2.0,4.0,14.0
2026-08-03 18:57:46,-9.5,-11.4,2.0,4.0,14.0
2026-08-03 18:56:46,-9.4,-11.2,2.0,4.0,15.0
2026-08-03 18:55:46,-9.2,-11.1,2.0,4.0,15.0
2026-08-03 18:54:46,-9.1,-10.9,2.0,4.0,16.0
2026-08-03 18:53:46,-9.0,-10.7,1.0,4.0,16.0
2026-08-03 18:52:46,-8.8,-10.5,1.0,4.0,17.0
2026-08-03 18:51:46,-8.8,-10.3,1.0,4.0,17.0
2026-08-03 18:50:46,-8.6,-9.9,0.0,4.0,18.0
2026-08-03 18:49:46,-8.1,-9.4,0.0,3.0,20.0
2026-08-03 18:48:46,-7.3,-8.6,0.0,3.0,24.0
2026-08-03 18:47:46,-6.1,-8.1,0.0,3.0,26.0
2026-08-03 18:46:46,-9.8,-11.0,0.0,3.0,24.0
2026-08-03 18:45:46,-9.9,-11.0,0.0,3.0,24.0
2026-08-03 18:44:46,-10.0,-11.1,0.0,3.0,24.0
2026-08-03 18:43:46,-10.0,-11.1,0.0,3.0,24.0
2026-08-03 18:42:46,-10.0,-11.1,0.0,3.0,24.0
2026-08-03 18:41:46,-10.0,-11.2,0.0,3.0,24.0
2026-08-03 18:40:46,-10.1,-11.2,0.0,3.0,24.0
2026-08-03 18:39:46,-10.0,-11.2,0.0,4.0,24.0
2026-08-03 18:38:46,-10.1,-11.2,0.0,4.0,24.0
2026-08-03 18:37:46,-10.1,-11.2,0.0,4.0,24.0
2026-08-03 18:36:46,-10.2,-11.3,0.0,4.0,24.0
2026-08-03 18:35:46,-10.2,-11.3,0.0,4.0,23.0
2026-08-03 18:34:46,-10.2,-11.3,0.0,4.0,23.0
2026-08-03 18:33:46,-10.2,-11.4,0.0,4.0,23.0
2026-08-03 18:32:46,-10.3,-11.4,0.0,4.0,23.0
2026-08-03 18:31:46,-10.3,-11.4,0.0,4.0,23.0
2026-08-03 18:30:46,-10.3,-11.5,1.0,4.0,23.0
2026-08-03 18:29:46,-10.3,-11.6,1.0,4.0,23.0
2026-08-03 18:28:46,-10.3,-11.6,1.0,4.0,22.0
2026-08-03 18:27:46,-10.4,-11.7,1.0,5.0,22.0
2026-08-03 18:26:46,-10.5,-11.7,1.0,5.0,22.0
2026-08-03 18:25:46,-10.5,-11.8,2.0,5.0,22.0
2026-08-03 18:24:46,-10.6,-11.9,2.0,5.0,21.0
2026-08-03 18:23:46,-10.7,-12.0,2.0,5.0,21.0
2026-08-03 18:22:46,-10.8,-12.1,3.0,5.0,20.0
2026-08-03 18:21:46,-10.9,-12.2,3.0,5.0,20.0
2026-08-03 18:20:46,-11.0,-12.4,4.0,5.0,19.0
2026-08-03 18:19:46,-11.1,-12.5,4.0,5.0,18.0
2026-08-03 18:18:46,-11.1,-12.6,4.0,5.0,17.0
2026-08-03 18:17:46,-10.9,-12.7,6.0,5.0,13.0
2026-08-03 18:16:46,-10.8,-12.6,6.0,5.0,12.0
2026-08-03 18:15:46,-10.7,-12.5,6.0,5.0,12.0
2026-08-03 18:14:46,-10.6,-12.5,6.0,5.0,12.0
2026-08-03 18:13:46,-10.6,-12.4,6.0,5.0,12.0
2026-08-03 18:12:46,-10.5,-12.3,6.0,5.0,12.0
2026-08-03 18:11:46,-10.4,-12.2,5.0,5.0,12.0
2026-08-03 18:10:46,-10.4,-12.1,5.0,5.0,12.0
2026-08-03 18:09:46,-10.1,-12.0,5.0,5.0,12.0
2026-08-03 18:08:46,-10.0,-11.9,5.0,5.0,13.0
2026-08-03 18:07:46,-9.9,-11.8,5.0,5.0,13.0
2026-08-03 18:06:46,-9.8,-11.7,5.0,5.0,13.0
2026-08-03 18:05:46,-9.8,-11.6,5.0,5.0,13.0
2026-08-03 18:04:46,-9.7,-11.5,4.0,5.0,13.0
2026-08-03 18:03:46,-9.6,-11.4,4.0,5.0,13.0
2026-08-03 18:02:46,-9.5,-11.2,4.0,5.0,13.0
2026-08-03 18:01:46,-9.4,-11.1,4.0,5.0,14.0
2026-08-03 18:00:46,-9.3,-11.0,4.0,5.0,14.0
2026-08-03 17:59:46,-9.1,-10.9,4.0,5.0,14.0
2026-08-03 17:58:46,-9.0,-10.8,3.0,5.0,14.0
2026-08-03 17:57:46,-8.9,-10.7,3.0,5.0,14.0
2026-08-03 17:56:46,-8.8,-10.6,3.0,5.0,14.0
2026-08-03 17:55:46,-8.7,-10.5,3.0,5.0,15.0
2026-08-03 17:54:46,-8.7,-10.4,3.0,5.0,15.0
2026-08-03 17:53:46,-8.7,-10.3,3.0,5.0,15.0
2026-08-03 17:52:46,-8.7,-10.2,2.0,5.0,15.0
2026-08-03 17:51:46,-8.6,-10.2,2.0,5.0,16.0
2026-08-03 17:50:46,-8.7,-10.1,2.0,5.0,16.0
2026-08-03 17:49:46,-8.7,-10.0,2.0,5.0,16.0
2026-08-03 17:48:46,-8.6,-9.8,1.0,4.0,17.0
2026-08-03 17:47:46,-8.5,-9.6,1.0,4.0,17.0
2026-08-03 17:46:46,-8.4,-9.3,1.0,4.0,18.0
2026-08-03 17:45:46,-8.2,-9.1,0.0,4.0,20.0
2026-08-03 17:44:46,-8.0,-8.9,0.0,4.0,23.0
2026-08-03 17:43:46,-7.9,-8.7,0.0,3.0,27.0
2026-08-03 17:42:46,-7.8,-8.6,0.0,3.0,27.0
2026-08-03 17:41:46,-7.8,-8.6,0.0,4.0,27.0
2026-08-03 17:40:46,-7.8,-8.5,0.0,4.0,28.0
2026-08-03 17:39:46,-7.7,-8.4,0.0,4.0,28.0
2026-08-03 17:38:46,-7.6,-8.3,0.0,4.0,28.0
2026-08-03 17:37:46,-7.6,-8.3,0.0,4.0,28.0
2026-08-03 17:36:46,-7.5,-8.2,0.0,4.0,28.0
2026-08-03 17:35:46,-7.4,-8.1,0.0,4.0,28.0
2026-08-03 17:34:46,-7.3,-7.9,0.0,4.0,28.0
2026-08-03 17:33:46,-7.2,-7.8,0.0,4.0,28.0
2026-08-03 17:32:46,-6.6,-7.5,0.0,4.0,29.0
2026-08-03 17:31:46,-7.5,-8.4,0.0,4.0,28.0
2026-08-03 17:30:46,-7.5,-8.3,0.0,5.0,28.0
2026-08-03 17:29:46,-7.6,-8.3,1.0,5.0,28.0
2026-08-03 17:28:46,-7.6,-8.3,1.0,5.0,26.0
2026-08-03 17:27:46,-7.5,-8.2,0.0,4.0,28.0
2026-08-03 17:26:46,-7.4,-8.2,0.0,4.0,28.0
2026-08-03 17:25:46,-7.4,-8.1,0.0,4.0,28.0
2026-08-03 17:24:46,-7.4,-8.0,0.0,4.0,28.0
2026-08-03 17:23:46,-7.3,-7.9,0.0,4.0,29.0
2026-08-03 17:22:46,-7.2,-7.8,0.0,5.0,29.0
2026-08-03 17:21:46,-7.1,-7.7,0.0,5.0,29.0
2026-08-03 17:20:46,-7.0,-7.7,0.0,5.0,29.0
2026-08-03 17:19:46,-6.9,-7.5,0.0,5.0,29.0
2026-08-03 17:18:46,-6.8,-7.4,1.0,5.0,29.0
2026-08-03 17:17:46,-6.6,-7.1,1.0,5.0,29.0
2026-08-03 17:16:46,-6.0,-6.8,1.0,5.0,28.0
2026-08-03 17:15:46,-7.3,-8.1,0.0,5.0,29.0
2026-08-03 17:14:46,-7.2,-8.0,0.0,5.0,29.0
2026-08-03 17:13:46,-7.2,-8.0,0.0,5.0,29.0
2026-08-03 17:12:46,-7.2,-7.9,1.0,5.0,29.0
2026-08-03 17:11:46,-7.1,-7.9,1.0,5.0,29.0
2026-08-03 17:10:46,-7.0,-7.8,1.0,5.0,29.0
2026-08-03 17:09:46,-7.1,-7.8,1.0,5.0,29.0
2026-08-03 17:08:46,-6.9,-7.7,1.0,5.0,29.0
2026-08-03 17:07:46,-6.9,-7.6,1.0,5.0,29.0
2026-08-03 17:06:46,-6.8,-7.6,1.0,6.0,29.0
2026-08-03 17:05:46,-6.7,-7.5,1.0,6.0,29.0
2026-08-03 17:04:46,-6.7,-7.4,1.0,6.0,30.0
2026-08-03 17:03:46,-6.7,-7.4,1.0,6.0,30.0
2026-08-03 17:02:46,-6.5,-7.3,1.0,6.0,30.0
2026-08-03 17:01:46,-6.5,-7.2,1.0,6.0,30.0
2026-08-03 17:00:46,-6.5,-7.2,2.0,6.0,30.0
2026-08-03 16:59:46,-6.4,-7.1,2.0,6.0,30.0
2026-08-03 16:58:46,-6.3,-7.1,2.0,6.0,30.0
2026-08-03 16:57:46,-6.2,-7.0,2.0,6.0,30.0
2026-08-03 16:56:46,-6.2,-6.9,2.0,7.0,30.0
2026-08-03 16:55:46,-6.1,-6.8,2.0,7.0,30.0
2026-08-03 16:54:46,-6.0,-6.7,2.0,7.0,30.0
2026-08-03 16:53:46,-6.0,-6.7,3.0,7.0,30.0
2026-08-03 16:52:46,-5.8,-6.6,3.0,7.0,30.0
2026-08-03 16:51:46,-5.8,-6.5,3.0,7.0,30.0
2026-08-03 16:50:46,-5.8,-6.5,3.0,7.0,30.0
2026-08-03 16:49:46,-5.6,-6.4,3.0,7.0,30.0
2026-08-03 16:48:46,-5.6,-6.3,3.0,7.0,30.0
2026-08-03 16:47:46,-5.5,-6.2,3.0,8.0,30.0
2026-08-03 16:46:46,-5.4,-6.1,3.0,8.0,30.0
2026-08-03 16:45:46,-5.3,-6.0,3.0,8.0,30.0
2026-08-03 16:44:46,-5.2,-6.0,4.0,8.0,30.0
2026-08-03 16:43:46,-5.1,-5.9,4.0,8.0,30.0
2026-08-03 16:42:46,-5.0,-5.8,4.0,8.0,30.0
2026-08-03 16:41:46,-4.9,-5.7,4.0,8.0,30.0
2026-08-03 16:40:46,-4.9,-5.6,4.0,8.0,30.0
2026-08-03 16:39:46,-4.8,-5.5,4.0,8.0,30.0
2026-08-03 16:38:46,-4.7,-5.5,4.0,9.0,30.0
2026-08-03 16:37:46,-4.6,-5.4,5.0,9.0,30.0
2026-08-03 16:36:46,-4.6,-5.4,5.0,9.0,29.0
2026-08-03 16:35:46,-4.5,-5.3,4.0,8.0,30.0
2026-08-03 16:34:46,-4.5,-5.2,5.0,9.0,31.0
2026-08-03 16:33:46,-4.4,-5.1,5.0,9.0,31.0
2026-08-03 16:32:46,-4.2,-5.0,5.0,9.0,31.0
2026-08-03 16:31:46,-4.1,-4.8,5.0,9.0,31.0
2026-08-03 16:30:46,-4.0,-4.8,5.0,9.0,31.0
2026-08-03 16:29:46,-4.0,-4.7,5.0,10.0,31.0
2026-08-03 16:29:06,-4.0,-4.7,5.0,10.0,31.0
2026-08-03 16:28:17,-3.8,-4.4,5.0,10.0,31.0
2026-08-03 16:27:17,-3.7,-4.3,5.0,10.0,31.0
2026-08-03 16:26:17,-3.6,-4.2,6.0,10.0,31.0
2026-08-03 16:25:17,-3.4,-4.1,6.0,10.0,31.0
2026-08-03 16:24:17,-3.3,-4.0,6.0,10.0,31.0
2026-08-03 16:23:17,-3.2,-3.8,6.0,10.0,30.0
2026-08-03 16:22:17,-3.1,-3.7,6.0,10.0,30.0
2026-08-03 16:21:17,-3.0,-3.6,6.0,10.0,30.0
2026-08-03 16:20:17,-2.9,-3.4,6.0,11.0,30.0
2026-08-03 16:19:17,-2.8,-3.2,7.0,11.0,30.0
2026-08-03 16:18:17,-2.7,-3.1,7.0,11.0,30.0
2026-08-03 16:17:17,-2.6,-2.9,7.0,11.0,30.0
2026-08-03 16:16:17,-2.4,-2.7,7.0,11.0,30.0
2026-08-03 16:15:17,-2.3,-2.5,8.0,11.0,30.0
2026-08-03 16:14:20,-2.1,-2.3,8.0,11.0,30.0
2026-08-03 16:13:17,-2.0,-2.1,8.0,11.0,30.0
2026-08-03 16:12:17,-1.8,-1.8,9.0,11.0,29.0
2026-08-03 16:11:17,-1.3,-1.5,9.0,12.0,28.0
2026-08-03 16:10:17,-1.9,-1.9,8.0,11.0,29.0
2026-08-03 16:09:17,-1.8,-1.6,9.0,11.0,30.0
2026-08-03 16:08:17,-1.5,-1.4,9.0,11.0,29.0
2026-08-03 16:07:17,-1.4,-1.1,10.0,11.0,29.0
2026-08-03 16:06:17,-1.1,-0.7,10.0,11.0,29.0
2026-08-03 16:05:17,-0.8,-0.3,10.0,12.0,29.0
2026-08-03 16:04:17,-0.5,0.2,11.0,12.0,29.0
